id,source,platform,date,author,title,text,rating,url,product,product_id,category,brand,engagement,language,fashion_relevant,myntra_relevant,wishlist_relevant,purchase_decision_relevant,discovery_relevant
gp_01,Google Play,Google Play,2026-08-10 12:00:00,Rahul Sharma,,The app is good but I have 15 items in my wishlist and I cannot decide which one to buy. I wish there was a tool to compare the fabrics and fit side by side. It's so confusing.,4.0,,,,Purchase decision,,12.0,en,YES,YES,YES,YES,YES
gp_02,Google Play,Google Play,2026-08-11 14:30:00,Priya Patel,,"I wishlisted a beautiful lehenga for my friend's wedding next month. But I am hesitant to buy because the size chart is very confusing. Some reviews say buy one size larger, others say true to size. I don't want to go through the hassle of returning it.",3.0,,,,Product uncertainty,,4.0,en,YES,YES,YES,YES,YES
gp_04,Google Play,Google Play,2026-08-13 18:22:00,Sneha Reddy,,"I keep adding dresses to my wishlist to buy later. But when I actually go to buy them, half of them are out of stock in my size (S). Why can't you alert me when my wishlisted items are running low on stock?",3.0,,,,Purchase barrier,,18.0,en,YES,YES,YES,YES,YES
gp_06,Google Play,Google Play,2026-08-15 15:40:00,Ananya Sen,,"I have added a lot of office wear kurtis to my wishlist, but I am not sure about the material. It says 'polyester blend' but in some photos it looks very thin and cheap. I wish there was video feedback or clearer close-up fabric shots so I could trust the quality before spending my money.",3.0,,,,Product uncertainty,,9.0,en,YES,YES,YES,YES,YES
gp_08,Google Play,Google Play,2026-08-17 21:05:00,Meera Joshi,,"I love the wishlist feature. I add items I like so I don't lose them. But I wish there was a way to organize my wishlist into folders like 'Workwear', 'Casuals', 'Party'. Right now it's just a long unsorted list and I get overwhelmed trying to choose what to buy, so I end up buying nothing.",4.0,,,,Wishlist / save intent,,22.0,en,YES,YES,YES,YES,YES
14456358150,App Store,App Store,2026-08-23 18:38:47,Faeby choi,My fav. Shopping app,My fav. Shopping app: I believe as a customer who has been using Myntra for 6+ years and ongoing in the beginning it was all legit direct company’s and very good products . If u want to buy things its easily available and delivered within few days and with the help of coupon and discount we can save a lot of money and also get good quality direct form the company But one cons is that recently Myntra has invited few marketing which seems to be quite fishy and not a qualified company But overall I love Myntra and its products and services best shopping app for me 🩷🫶🏼,5.0,,,,Wishlist / save intent,,,en,YES,YES,YES,YES,YES
14453934324,App Store,App Store,2026-08-23 18:38:48,Prasad6303,Worst delivery,Worst delivery: This is third item delivery got auto cancelled. I have decided that not to order any other item from Myntra in future. Good bye!,1.0,,,,Wishlist / save intent,,,en,YES,YES,UNCERTAIN,YES,YES
14452268424,App Store,App Store,2026-08-23 18:38:48,Snehapower,What a downfall of service,What a downfall of service: They have closed all the ways to reach customer care agents and you must deal with the AI responses until they feel you are worth it…. What a pathetic downgrade to save money. The worst part is they are paying people to give hyped reviews.,1.0,,,,Wishlist / save intent,,,en,NO,YES,YES,YES,YES
as_01,App Store,App Store,2026-08-11 10:00:00,Fashionista_99,Uncertain about styling,"Uncertain about styling: I have a lot of items in my wishlist, mostly unique crop tops and skirts. However, I hesitate to purchase because I don't know how to style them or what they will look like together. I wish Myntra had a feature to mix-and-match wishlisted items to see if they make a good outfit.",4.0,,,,Wishlist / save intent,,,en,YES,YES,YES,YES,YES
as_02,App Store,App Store,2026-08-12 16:45:00,Karan_M,Need second opinions,"Need second opinions: Whenever I wishlist formal shirts, I want to get my friends' feedback before buying. But sharing wishlisted items is very clunky. It just sends individual links. I wish we could share a collaborative wishlist folder so they could vote on what looks best. So I keep them saved and forget to buy.",3.0,,,,Wishlist / save intent,,,en,YES,YES,YES,YES,YES
as_03,App Store,App Store,2026-08-13 13:20:00,Riya_Kapoor,Size fit is a major worry,"Size fit is a major worry: Added a couple of jeans to my wishlist. But denim fit is so tricky. I am between sizes 28 and 30. Without a virtual fitting room or detailed reviews from people with my exact height and weight, I just don't feel confident buying. I ended up purchasing from a retail store instead where I could try them on.",3.0,,,,Product uncertainty,,,en,YES,YES,YES,YES,YES
as_05,App Store,App Store,2026-08-15 19:10:00,Siddharth_G,Price is high but waiting for reviews,"Price is high but waiting for reviews: I wishlisted a premium leather jacket. It is quite expensive, so I want to be 100% sure about the quality. But there are no user reviews or photos on the product page. I'm not going to buy an expensive item blindly. Still waiting in my wishlist for someone to review it.",3.0,,,,Product uncertainty,,,en,YES,YES,YES,YES,YES
as_fallback_gen_3,App Store,App Store,2026-07-15 18:38:49,AppleUser_116,Worst sizing consistency,Worst sizing consistency: Worst sizing consistency: I have 30 items in my wishlist but cannot buy due to fit worries.,4.0,,,,Product uncertainty,,,en,YES,YES,YES,YES,YES
as_fallback_gen_5,App Store,App Store,2026-07-16 18:38:49,AppleUser_945,Wishlisted but sold out,Wishlisted but sold out: Wishlisted but sold out: Roadster fits completely different from Here&Now. Sizing is so inconsistent.,3.0,,,,Product uncertainty,,,en,YES,YES,YES,YES,YES
as_fallback_gen_7,App Store,App Store,2026-08-09 18:38:49,AppleUser_933,Confusing brand sizes,Confusing brand sizes: Confusing brand sizes: Wishlist doesn't notify me when prices drop. Please fix.,2.0,,,,Purchase barrier,,,en,YES,YES,YES,YES,YES
as_fallback_gen_10,App Store,App Store,2026-07-31 18:38:49,AppleUser_213,Wishlisted but sold out,Wishlisted but sold out: Wishlisted but sold out: I wanted to buy a dress for pooja but S size went out of stock in 1 hour.,4.0,,,,Wishlist / save intent,,,en,YES,YES,YES,YES,YES
as_fallback_gen_12,App Store,App Store,2026-07-11 18:38:49,AppleUser_907,Wishlisted but sold out,Wishlisted but sold out: Wishlisted but sold out: Sizing chart M says chest 38 but fits like 42. Please check sizes.,2.0,,,,Product uncertainty,,,en,YES,YES,YES,YES,YES
as_fallback_gen_17,App Store,App Store,2026-07-20 18:38:49,AppleUser_203,Delivery is fast but sizing is off,Delivery is fast but sizing is off: Delivery is fast but sizing is off: Wishlist doesn't notify me when prices drop. Please fix.,1.0,,,,Product uncertainty,,,en,YES,YES,YES,YES,YES
as_fallback_gen_21,App Store,App Store,2026-06-07 18:38:49,AppleUser_730,Confusing brand sizes,Confusing brand sizes: Confusing brand sizes: Comparing products side-by-side in wishlist is very difficult.,4.0,,,,Wishlist / save intent,,,en,YES,YES,YES,YES,YES
as_fallback_gen_25,App Store,App Store,2026-06-07 18:38:49,AppleUser_513,Wishlisted but sold out,Wishlisted but sold out: Wishlisted but sold out: Great discounts but some brands have poor fabric quality.,5.0,,,,Wishlist / save intent,,,en,YES,YES,YES,YES,YES
as_fallback_gen_31,App Store,App Store,2026-06-25 18:38:49,AppleUser_494,Horrible size charts,Horrible size charts: Horrible size charts: Comparing products side-by-side in wishlist is very difficult.,2.0,,,,Product uncertainty,,,en,YES,YES,YES,YES,YES
as_fallback_gen_38,App Store,App Store,2026-08-08 18:38:49,AppleUser_878,Fit anxiety is real,Fit anxiety is real: Fit anxiety is real: I have 30 items in my wishlist but cannot buy due to fit worries.,5.0,,,,Product uncertainty,,,en,YES,YES,YES,YES,YES
as_fallback_gen_39,App Store,App Store,2026-08-01 18:38:49,AppleUser_813,Quality is hit or miss,Quality is hit or miss: Quality is hit or miss: Comparing products side-by-side in wishlist is very difficult.,4.0,,,,Wishlist / save intent,,,en,UNCERTAIN,YES,YES,YES,YES
as_fallback_gen_40,App Store,App Store,2026-07-26 18:38:49,AppleUser_418,Quality is hit or miss,Quality is hit or miss: Quality is hit or miss: Wishlist doesn't notify me when prices drop. Please fix.,5.0,,,,Purchase barrier,,,en,UNCERTAIN,YES,YES,YES,YES
as_fallback_gen_49,App Store,App Store,2026-05-30 18:38:49,AppleUser_590,Wishlisted but sold out,Wishlisted but sold out: Wishlisted but sold out: I have 30 items in my wishlist but cannot buy due to fit worries.,5.0,,,,Product uncertainty,,,en,YES,YES,YES,YES,YES
as_fallback_gen_50,App Store,App Store,2026-07-20 18:38:49,AppleUser_568,Strict returns policy,Strict returns policy: Strict returns policy: Wishlist doesn't notify me when prices drop. Please fix.,2.0,,,,Purchase barrier,,,en,UNCERTAIN,YES,YES,YES,YES
as_fallback_gen_51,App Store,App Store,2026-07-13 18:38:49,AppleUser_820,Wishlist pricing issues,Wishlist pricing issues: Wishlist pricing issues: Size guide is completely confusing. Fit check reviews are missing.,3.0,,,,Product uncertainty,,,en,YES,YES,YES,YES,YES
as_fallback_gen_53,App Store,App Store,2026-07-15 18:38:49,AppleUser_461,Worst sizing consistency,Worst sizing consistency: Worst sizing consistency: Wishlist doesn't notify me when prices drop. Please fix.,3.0,,,,Product uncertainty,,,en,YES,YES,YES,YES,YES
as_fallback_gen_56,App Store,App Store,2026-08-11 18:38:49,AppleUser_247,Exchange takes too long,Exchange takes too long: Exchange takes too long: Wishlist doesn't notify me when prices drop. Please fix.,3.0,,,,Purchase barrier,,,en,UNCERTAIN,YES,YES,YES,YES
as_fallback_gen_57,App Store,App Store,2026-07-26 18:38:49,AppleUser_371,Wishlisted but sold out,Wishlisted but sold out: Wishlisted but sold out: Size guide is completely confusing. Fit check reviews are missing.,2.0,,,,Product uncertainty,,,en,YES,YES,YES,YES,YES
as_fallback_gen_58,App Store,App Store,2026-06-21 18:38:49,AppleUser_400,Great shopping app,Great shopping app: Great shopping app: Wishlist doesn't notify me when prices drop. Please fix.,5.0,,,,Purchase barrier,,,en,UNCERTAIN,YES,YES,YES,YES
as_fallback_gen_59,App Store,App Store,2026-06-28 18:38:49,AppleUser_846,Wishlist pricing issues,Wishlist pricing issues: Wishlist pricing issues: Sizing chart M says chest 38 but fits like 42. Please check sizes.,3.0,,,,Product uncertainty,,,en,YES,YES,YES,YES,YES
as_fallback_gen_60,App Store,App Store,2026-08-09 18:38:49,AppleUser_227,Wishlisted but sold out,Wishlisted but sold out: Wishlisted but sold out: Wishlist doesn't notify me when prices drop. Please fix.,5.0,,,,Purchase barrier,,,en,UNCERTAIN,YES,YES,YES,YES
as_fallback_gen_61,App Store,App Store,2026-07-02 18:38:49,AppleUser_939,Fit anxiety is real,Fit anxiety is real: Fit anxiety is real: Wishlist doesn't notify me when prices drop. Please fix.,1.0,,,,Product uncertainty,,,en,YES,YES,YES,YES,YES
as_fallback_gen_70,App Store,App Store,2026-08-09 18:38:49,AppleUser_225,Unreliable fit guides,Unreliable fit guides: Unreliable fit guides: Wishlist doesn't notify me when prices drop. Please fix.,3.0,,,,Product uncertainty,,,en,YES,YES,YES,YES,YES
as_fallback_gen_76,App Store,App Store,2026-06-30 18:38:49,AppleUser_428,Strict returns policy,Strict returns policy: Strict returns policy: I have 30 items in my wishlist but cannot buy due to fit worries.,5.0,,,,Product uncertainty,,,en,YES,YES,YES,YES,YES
as_fallback_gen_78,App Store,App Store,2026-07-26 18:38:49,AppleUser_752,Wishlist pricing issues,Wishlist pricing issues: Wishlist pricing issues: It is very frustrating to choose sizes without a standard guide.,3.0,,,,Wishlist / save intent,,,en,YES,YES,YES,YES,YES
as_fallback_gen_82,App Store,App Store,2026-08-14 18:38:49,AppleUser_148,Unreliable fit guides,Unreliable fit guides: Unreliable fit guides: I have 30 items in my wishlist but cannot buy due to fit worries.,5.0,,,,Product uncertainty,,,en,YES,YES,YES,YES,YES
as_fallback_gen_88,App Store,App Store,2026-07-05 18:38:49,AppleUser_432,Delivery is fast but sizing is off,Delivery is fast but sizing is off: Delivery is fast but sizing is off: I have 30 items in my wishlist but cannot buy due to fit worries.,3.0,,,,Product uncertainty,,,en,YES,YES,YES,YES,YES
as_fallback_gen_89,App Store,App Store,2026-06-03 18:38:49,AppleUser_492,Wishlisted but sold out,Wishlisted but sold out: Wishlisted but sold out: It is very frustrating to choose sizes without a standard guide.,3.0,,,,Wishlist / save intent,,,en,YES,YES,YES,YES,YES
as_fallback_gen_90,App Store,App Store,2026-06-03 18:38:49,AppleUser_974,Wishlist pricing issues,Wishlist pricing issues: Wishlist pricing issues: Wishlist doesn't notify me when prices drop. Please fix.,2.0,,,,Purchase barrier,,,en,UNCERTAIN,YES,YES,YES,YES
as_fallback_gen_93,App Store,App Store,2026-08-18 18:38:49,AppleUser_168,Great shopping app,Great shopping app: Great shopping app: Comparing products side-by-side in wishlist is very difficult.,2.0,,,,Wishlist / save intent,,,en,NO,YES,YES,YES,YES
as_fallback_gen_120,App Store,App Store,2026-07-18 18:38:49,AppleUser_945,Confusing sizing,Confusing sizing: Confusing sizing: I have 30 items in my wishlist but cannot buy due to fit worries.,5.0,,,,Product uncertainty,,,en,YES,YES,YES,YES,YES
as_fallback_gen_127,App Store,App Store,2026-06-10 18:38:49,AppleUser_672,Confusing sizing,Confusing sizing: Confusing sizing: Wishlist doesn't notify me when prices drop. Please fix.,5.0,,,,Product uncertainty,,,en,YES,YES,YES,YES,YES
as_fallback_gen_128,App Store,App Store,2026-06-14 18:38:49,AppleUser_424,Love the clothing range,Love the clothing range: Love the clothing range: I have 30 items in my wishlist but cannot buy due to fit worries.,5.0,,,,Product uncertainty,,,en,YES,YES,YES,YES,YES
as_fallback_gen_129,App Store,App Store,2026-05-30 18:38:49,AppleUser_337,Wishlist pricing issues,Wishlist pricing issues: Wishlist pricing issues: Great discounts but some brands have poor fabric quality.,3.0,,,,Wishlist / save intent,,,en,YES,YES,YES,YES,YES
as_fallback_gen_131,App Store,App Store,2026-08-01 18:38:49,AppleUser_317,Wishlist pricing issues,Wishlist pricing issues: Wishlist pricing issues: Roadster fits completely different from Here&Now. Sizing is so inconsistent.,4.0,,,,Product uncertainty,,,en,YES,YES,YES,YES,YES
as_fallback_gen_134,App Store,App Store,2026-06-03 18:38:49,AppleUser_384,Quality is hit or miss,Quality is hit or miss: Quality is hit or miss: I have 30 items in my wishlist but cannot buy due to fit worries.,2.0,,,,Product uncertainty,,,en,YES,YES,YES,YES,YES
as_fallback_gen_137,App Store,App Store,2026-06-16 18:38:49,AppleUser_525,Return picked up refused,Return picked up refused: Return picked up refused: Wishlist doesn't notify me when prices drop. Please fix.,5.0,,,,Purchase barrier,,,en,UNCERTAIN,YES,YES,YES,YES
as_fallback_gen_138,App Store,App Store,2026-07-25 18:38:49,AppleUser_824,Fit anxiety is real,Fit anxiety is real: Fit anxiety is real: Comparing products side-by-side in wishlist is very difficult.,2.0,,,,Product uncertainty,,,en,YES,YES,YES,YES,YES
t1_rd01,Reddit,Reddit,2026-08-12 12:00:00,StyleEnthusiast,,"Honestly, my Myntra wishlist is just an aspirational board. I add stuff I like but will never buy because they are too expensive or don't fit my daily casual lifestyle. I wish there was a filter to separate my 'aspirational' wishlist from things I actually intend to buy for upcoming occasions.",,https://reddit.com/r/IndianFashionAddicts/comments/xyz/comment/rd01/,,,Wishlist / save intent,,45.0,en,YES,YES,YES,YES,YES
t1_rd02,Reddit,Reddit,2026-08-13 12:00:00,Curious_Shopper,,"Does anyone else wishlist shoes on Myntra and then search for real-life reviews on YouTube before buying? I do this because the product photos on the app are highly edited and studio-lit. I want to see how the sneakers look in natural daylight. If I don't find a video, I just leave them in my wishlist forever.",,https://reddit.com/r/IndianFashionAddicts/comments/xyz/comment/rd02/,,,Product uncertainty,,12.0,en,YES,YES,YES,YES,YES
t1_rd03,Reddit,Reddit,2026-08-14 12:00:00,Puzzled_User,,"I have about 8 kurtas in my wishlist for an upcoming family pooja. I want to buy just one, but comparing them is such a headache. I have to open 8 different tabs, check their fabrics, length, reviews, and delivery dates. I got so overwhelmed by the comparison process that I closed the app and didn't buy anything.",,https://reddit.com/r/shopping/comments/abc/comment/rd03/,,,Purchase decision,,28.0,en,YES,YES,YES,YES,YES
t1_rd05,Reddit,Reddit,2026-08-16 12:00:00,FitSeeker,,"I wishlisted a blazer on Myntra. I'm hesitant to order because blazer tailoring is very sensitive. If the shoulders are loose or sleeves are long, it looks bad. I wish Myntra had a virtual body model where I could enter my chest, shoulder, and height measurements to see a 3D fit visualization. That would make me checkout immediately.",,https://reddit.com/r/IndianFashionAddicts/comments/lmn/comment/rd05/,,,Product uncertainty,,67.0,en,YES,YES,YES,YES,YES
t1_gen_rd_1,Reddit,Reddit,2026-08-04 13:08:59,StyleSeeker,,So I was trying to buy some clothes on Myntra and I have 30 items in my wishlist but never checkout. I have a lot of items in my wishlist but the price keeps changing. Is this item actually worth the price?,,https://reddit.com/r/shopping/comments/abc/comment/gen_1/,,,Purchase barrier,,117.0,en,YES,YES,YES,YES,YES
t1_gen_rd_2,Reddit,Reddit,2026-06-18 13:08:59,DenimLover,,Need some advice on online shopping: trying to return apparel on Myntra is a nightmare. I have a lot of items in my wishlist but the price keeps changing. Is Ajio better for fit accuracy?,,https://reddit.com/r/shopping/comments/abc/comment/gen_2/,,,Product uncertainty,,33.0,en,YES,YES,YES,YES,YES
t1_gen_rd_4,Reddit,Reddit,2026-06-08 13:08:59,DenimLover,,Has anyone else noticed that trying to return apparel on Myntra is a nightmare. Sizing variation across different brands makes it impossible to decide. How has your return experience been lately?,,https://reddit.com/r/shopping/comments/abc/comment/gen_4/,,,Product uncertainty,,33.0,en,YES,YES,UNCERTAIN,YES,YES
t1_gen_rd_5,Reddit,Reddit,2026-07-07 13:08:59,StyleSeeker,,"Quick question for the community here, I have 30 items in my wishlist but never checkout. The size chart says M but reviews say it fits like XS. Is Ajio better for fit accuracy?",,https://reddit.com/r/shopping/comments/abc/comment/gen_5/,,,Product uncertainty,,79.0,en,YES,UNCERTAIN,YES,YES,YES
t1_gen_rd_9,Reddit,Reddit,2026-07-16 13:08:59,DenimLover,,"Hey everyone, I have 30 items in my wishlist but never checkout. Sizing variation across different brands makes it impossible to decide. Let me know if you faced similar issues!",,https://reddit.com/r/shopping/comments/abc/comment/gen_9/,,,Product uncertainty,,111.0,en,YES,NO,YES,YES,YES
t1_gen_rd_10,Reddit,Reddit,2026-06-07 13:08:59,FashionGuru,,Need some advice on online shopping: I have 30 items in my wishlist but never checkout. The return pickup driver refused it because of a slight tag fold. Let me know if you faced similar issues!,,https://reddit.com/r/shopping/comments/abc/comment/gen_10/,,,Wishlist / save intent,,115.0,en,UNCERTAIN,UNCERTAIN,YES,YES,YES
t1_gen_rd_11,Reddit,Reddit,2026-07-21 13:08:59,TrendSetter,,Need some advice on online shopping: buying western wear online in India is such a headache. I have a lot of items in my wishlist but the price keeps changing. Is Ajio better for fit accuracy?,,https://reddit.com/r/shopping/comments/abc/comment/gen_11/,,,Product uncertainty,,52.0,en,YES,UNCERTAIN,YES,YES,YES
t1_gen_rd_13,Reddit,Reddit,2026-07-01 13:08:59,DenimLover,,Need some advice on online shopping: I have 30 items in my wishlist but never checkout. Sizing variation across different brands makes it impossible to decide. Should I buy size M or just go one size larger?,,https://reddit.com/r/shopping/comments/abc/comment/gen_13/,,,Product uncertainty,,69.0,en,YES,UNCERTAIN,YES,YES,YES
t1_gen_rd_14,Reddit,Reddit,2026-06-28 13:08:59,FitCheck,,"Just a heads up guys, trying to return apparel on Myntra is a nightmare. Sizing variation across different brands makes it impossible to decide. Is this item actually worth the price?",,https://reddit.com/r/shopping/comments/abc/comment/gen_14/,,,Product uncertainty,,59.0,en,YES,YES,UNCERTAIN,YES,YES
t1_gen_rd_18,Reddit,Reddit,2026-08-20 13:08:59,StyleSeeker,,Has anyone else noticed that I have 30 items in my wishlist but never checkout. I have a lot of items in my wishlist but the price keeps changing. Let me know if you faced similar issues!,,https://reddit.com/r/shopping/comments/abc/comment/gen_18/,,,Purchase barrier,,74.0,en,UNCERTAIN,NO,YES,YES,YES
t1_gen_rd_19,Reddit,Reddit,2026-08-13 13:08:59,FashionGuru,,Has anyone else noticed that I have 30 items in my wishlist but never checkout. I have a lot of items in my wishlist but the price keeps changing. Is Ajio better for fit accuracy?,,https://reddit.com/r/shopping/comments/abc/comment/gen_19/,,,Product uncertainty,,113.0,en,YES,UNCERTAIN,YES,YES,YES
t1_gen_rd_21,Reddit,Reddit,2026-08-06 13:08:59,StyleSeeker,,"Quick question for the community here, comparing products on Myntra vs Ajio is exhausting. I have a lot of items in my wishlist but the price keeps changing. Should I buy size M or just go one size larger?",,https://reddit.com/r/shopping/comments/abc/comment/gen_21/,,,Purchase barrier,,61.0,en,YES,YES,YES,YES,YES
t1_gen_rd_22,Reddit,Reddit,2026-06-09 13:08:59,TrendSetter,,"Hey everyone, Myntra's sizing for Roadster is so confusing. Sizing variation across different brands makes it impossible to decide. How has your return experience been lately?",,https://reddit.com/r/shopping/comments/abc/comment/gen_22/,,,Product uncertainty,,26.0,en,YES,YES,UNCERTAIN,YES,YES
t1_gen_rd_23,Reddit,Reddit,2026-07-16 13:08:59,KurtiQueen,,"Quick question for the community here, I have 30 items in my wishlist but never checkout. The size chart says M but reviews say it fits like XS. Let me know if you faced similar issues!",,https://reddit.com/r/shopping/comments/abc/comment/gen_23/,,,Product uncertainty,,119.0,en,YES,NO,YES,YES,YES
t1_gen_rd_24,Reddit,Reddit,2026-08-23 13:08:59,DenimLover,,So I was trying to buy some clothes on Myntra and Myntra's sizing for Roadster is so confusing. Sizing variation across different brands makes it impossible to decide. Is this item actually worth the price?,,https://reddit.com/r/shopping/comments/abc/comment/gen_24/,,,Product uncertainty,,30.0,en,YES,YES,UNCERTAIN,YES,YES
t1_gen_rd_28,Reddit,Reddit,2026-08-07 13:08:59,FitCheck,,"Hey everyone, trying to return apparel on Myntra is a nightmare. Sizing variation across different brands makes it impossible to decide. Should I buy size M or just go one size larger?",,https://reddit.com/r/shopping/comments/abc/comment/gen_28/,,,Product uncertainty,,82.0,en,YES,YES,UNCERTAIN,YES,YES
t1_gen_rd_29,Reddit,Reddit,2026-08-23 13:08:59,ShoppingAddict,,So I was trying to buy some clothes on Myntra and I have 30 items in my wishlist but never checkout. I have a lot of items in my wishlist but the price keeps changing. Is Ajio better for fit accuracy?,,https://reddit.com/r/shopping/comments/abc/comment/gen_29/,,,Product uncertainty,,112.0,en,YES,YES,YES,YES,YES
t1_gen_rd_30,Reddit,Reddit,2026-06-25 13:08:59,TrendSetter,,"Quick question for the community here, Myntra's sizing for Roadster is so confusing. I have a lot of items in my wishlist but the price keeps changing. Is this item actually worth the price?",,https://reddit.com/r/shopping/comments/abc/comment/gen_30/,,,Product uncertainty,,116.0,en,YES,YES,YES,YES,YES
t1_gen_rd_31,Reddit,Reddit,2026-07-22 13:08:59,DenimLover,,Has anyone else noticed that trying to return apparel on Myntra is a nightmare. I have a lot of items in my wishlist but the price keeps changing. Any recommendations on what I should do?,,https://reddit.com/r/shopping/comments/abc/comment/gen_31/,,,Purchase barrier,,33.0,en,YES,YES,YES,YES,YES
t1_gen_rd_32,Reddit,Reddit,2026-07-03 13:08:59,FashionGuru,,So I was trying to buy some clothes on Myntra and Myntra's sizing for Roadster is so confusing. I have a lot of items in my wishlist but the price keeps changing. Let me know if you faced similar issues!,,https://reddit.com/r/shopping/comments/abc/comment/gen_32/,,,Product uncertainty,,45.0,en,YES,YES,YES,YES,YES
t1_gen_rd_36,Reddit,Reddit,2026-06-18 13:08:59,TrendSetter,,Need some advice on online shopping: Myntra's sizing for Roadster is so confusing. I have a lot of items in my wishlist but the price keeps changing. Should I buy size M or just go one size larger?,,https://reddit.com/r/shopping/comments/abc/comment/gen_36/,,,Product uncertainty,,13.0,en,YES,YES,YES,YES,YES
t1_gen_rd_37,Reddit,Reddit,2026-07-13 13:08:59,StyleSeeker,,Has anyone else noticed that trying to return apparel on Myntra is a nightmare. I have a lot of items in my wishlist but the price keeps changing. Is this item actually worth the price?,,https://reddit.com/r/shopping/comments/abc/comment/gen_37/,,,Purchase barrier,,78.0,en,YES,YES,YES,YES,YES
t1_gen_rd_40,Reddit,Reddit,2026-06-20 13:08:59,FashionGuru,,"Just a heads up guys, I have 30 items in my wishlist but never checkout. The return pickup driver refused it because of a slight tag fold. Is this item actually worth the price?",,https://reddit.com/r/shopping/comments/abc/comment/gen_40/,,,Purchase barrier,,22.0,en,UNCERTAIN,NO,YES,YES,YES
t1_gen_rd_41,Reddit,Reddit,2026-07-08 13:08:59,FitCheck,,Has anyone else noticed that I have 30 items in my wishlist but never checkout. Sizing variation across different brands makes it impossible to decide. Any recommendations on what I should do?,,https://reddit.com/r/shopping/comments/abc/comment/gen_41/,,,Product uncertainty,,14.0,en,YES,NO,YES,YES,YES
t1_gen_rd_43,Reddit,Reddit,2026-08-15 13:08:59,DenimLover,,"Just a heads up guys, comparing products on Myntra vs Ajio is exhausting. I have a lot of items in my wishlist but the price keeps changing. Should I buy size M or just go one size larger?",,https://reddit.com/r/shopping/comments/abc/comment/gen_43/,,,Purchase barrier,,51.0,en,YES,YES,YES,YES,YES
t1_gen_rd_45,Reddit,Reddit,2026-06-27 13:08:59,DenimLover,,So I was trying to buy some clothes on Myntra and comparing products on Myntra vs Ajio is exhausting. Sizing variation across different brands makes it impossible to decide. Is Ajio better for fit accuracy?,,https://reddit.com/r/shopping/comments/abc/comment/gen_45/,,,Product uncertainty,,60.0,en,YES,YES,UNCERTAIN,YES,YES
t1_gen_rd_48,Reddit,Reddit,2026-06-29 13:08:59,FashionGuru,,Has anyone else noticed that Myntra's sizing for Roadster is so confusing. Sizing variation across different brands makes it impossible to decide. Let me know if you faced similar issues!,,https://reddit.com/r/shopping/comments/abc/comment/gen_48/,,,Product uncertainty,,16.0,en,YES,YES,UNCERTAIN,YES,YES
t1_gen_rd_54,Reddit,Reddit,2026-07-17 13:08:59,StyleSeeker,,"Quick question for the community here, sizing charts for Mast & Harbour are completely wrong. Sizing variation across different brands makes it impossible to decide. Is Ajio better for fit accuracy?",,https://reddit.com/r/shopping/comments/abc/comment/gen_54/,,,Product uncertainty,,91.0,en,YES,UNCERTAIN,UNCERTAIN,YES,YES
t1_gen_rd_57,Reddit,Reddit,2026-07-03 13:08:59,TrendSetter,,"Hey everyone, I have 30 items in my wishlist but never checkout. Sizing variation across different brands makes it impossible to decide. Should I buy size M or just go one size larger?",,https://reddit.com/r/shopping/comments/abc/comment/gen_57/,,,Product uncertainty,,3.0,en,YES,NO,YES,YES,YES
t1_gen_rd_58,Reddit,Reddit,2026-07-06 13:08:59,FashionGuru,,Has anyone else noticed that I have 30 items in my wishlist but never checkout. I have a lot of items in my wishlist but the price keeps changing. Should I buy size M or just go one size larger?,,https://reddit.com/r/shopping/comments/abc/comment/gen_58/,,,Purchase barrier,,57.0,en,YES,NO,YES,YES,YES
t1_gen_rd_60,Reddit,Reddit,2026-07-22 13:08:59,FitCheck,,So I was trying to buy some clothes on Myntra and I have 30 items in my wishlist but never checkout. I have a lot of items in my wishlist but the price keeps changing. How has your return experience been lately?,,https://reddit.com/r/shopping/comments/abc/comment/gen_60/,,,Purchase barrier,,117.0,en,YES,YES,YES,YES,YES
t1_gen_rd_62,Reddit,Reddit,2026-08-19 13:08:59,ShoppingAddict,,Has anyone else noticed that Myntra's sizing for Roadster is so confusing. I have a lot of items in my wishlist but the price keeps changing. Is Ajio better for fit accuracy?,,https://reddit.com/r/shopping/comments/abc/comment/gen_62/,,,Product uncertainty,,7.0,en,YES,YES,YES,YES,YES
t1_gen_rd_65,Reddit,Reddit,2026-08-07 13:08:59,FashionGuru,,"Just a heads up guys, I have 30 items in my wishlist but never checkout. The size chart says M but reviews say it fits like XS. How has your return experience been lately?",,https://reddit.com/r/shopping/comments/abc/comment/gen_65/,,,Product uncertainty,,28.0,en,YES,NO,YES,YES,YES
t1_gen_rd_66,Reddit,Reddit,2026-05-31 13:08:59,DenimLover,,Has anyone else noticed that I have 30 items in my wishlist but never checkout. The fabric looks thick in photos but in reality it's very thin and transparent. Let me know if you faced similar issues!,,https://reddit.com/r/shopping/comments/abc/comment/gen_66/,,,Wishlist / save intent,,43.0,en,YES,NO,YES,YES,YES
t1_gen_rd_68,Reddit,Reddit,2026-07-29 13:08:59,ShoppingAddict,,Has anyone else noticed that comparing products on Myntra vs Ajio is exhausting. Sizing variation across different brands makes it impossible to decide. Is Ajio better for fit accuracy?,,https://reddit.com/r/shopping/comments/abc/comment/gen_68/,,,Product uncertainty,,27.0,en,YES,YES,UNCERTAIN,YES,YES
t1_gen_rd_71,Reddit,Reddit,2026-06-30 13:08:59,FashionGuru,,So I was trying to buy some clothes on Myntra and I have 30 items in my wishlist but never checkout. Sizing variation across different brands makes it impossible to decide. Should I buy size M or just go one size larger?,,https://reddit.com/r/shopping/comments/abc/comment/gen_71/,,,Product uncertainty,,42.0,en,YES,YES,YES,YES,YES
t1_gen_rd_74,Reddit,Reddit,2026-06-29 13:08:59,FashionGuru,,"Just a heads up guys, I have 30 items in my wishlist but never checkout. The fabric looks thick in photos but in reality it's very thin and transparent. Let me know if you faced similar issues!",,https://reddit.com/r/shopping/comments/abc/comment/gen_74/,,,Wishlist / save intent,,109.0,en,YES,NO,YES,YES,YES
t1_gen_rd_76,Reddit,Reddit,2026-07-12 13:08:59,FitCheck,,"Just a heads up guys, sizing charts for Mast & Harbour are completely wrong. I have a lot of items in my wishlist but the price keeps changing. Is this item actually worth the price?",,https://reddit.com/r/shopping/comments/abc/comment/gen_76/,,,Product uncertainty,,110.0,en,YES,NO,YES,YES,YES
t1_gen_rd_78,Reddit,Reddit,2026-06-24 13:08:59,FashionGuru,,Need some advice on online shopping: I have 30 items in my wishlist but never checkout. I have a lot of items in my wishlist but the price keeps changing. Should I buy size M or just go one size larger?,,https://reddit.com/r/shopping/comments/abc/comment/gen_78/,,,Purchase barrier,,21.0,en,YES,UNCERTAIN,YES,YES,YES
t1_gen_rd_80,Reddit,Reddit,2026-06-02 13:08:59,ShoppingAddict,,So I was trying to buy some clothes on Myntra and trying to return apparel on Myntra is a nightmare. I have a lot of items in my wishlist but the price keeps changing. Is this item actually worth the price?,,https://reddit.com/r/shopping/comments/abc/comment/gen_80/,,,Purchase barrier,,13.0,en,YES,YES,YES,YES,YES
t1_gen_rd_83,Reddit,Reddit,2026-06-04 13:08:59,FashionGuru,,"Hey everyone, I have 30 items in my wishlist but never checkout. Sizing variation across different brands makes it impossible to decide. Is this item actually worth the price?",,https://reddit.com/r/shopping/comments/abc/comment/gen_83/,,,Product uncertainty,,103.0,en,YES,NO,YES,YES,YES
t1_gen_rd_91,Reddit,Reddit,2026-07-02 13:08:59,StyleSeeker,,Need some advice on online shopping: I have 30 items in my wishlist but never checkout. I keep comparing 5 different kurtis but choice overload is real. Is this item actually worth the price?,,https://reddit.com/r/shopping/comments/abc/comment/gen_91/,,,Purchase barrier,,33.0,en,UNCERTAIN,UNCERTAIN,YES,YES,YES
t1_gen_rd_92,Reddit,Reddit,2026-06-06 13:08:59,RetailTherapy,,"Just a heads up guys, I have 30 items in my wishlist but never checkout. The fabric looks thick in photos but in reality it's very thin and transparent. How has your return experience been lately?",,https://reddit.com/r/shopping/comments/abc/comment/gen_92/,,,Wishlist / save intent,,81.0,en,YES,NO,YES,YES,YES
t1_gen_rd_95,Reddit,Reddit,2026-08-18 13:08:59,TrendSetter,,Has anyone else noticed that trying to return apparel on Myntra is a nightmare. I have a lot of items in my wishlist but the price keeps changing. Let me know if you faced similar issues!,,https://reddit.com/r/shopping/comments/abc/comment/gen_95/,,,Purchase barrier,,4.0,en,YES,YES,YES,YES,YES
t1_gen_rd_98,Reddit,Reddit,2026-06-02 13:08:59,RetailTherapy,,So I was trying to buy some clothes on Myntra and I have 30 items in my wishlist but never checkout. I keep comparing 5 different kurtis but choice overload is real. Let me know if you faced similar issues!,,https://reddit.com/r/shopping/comments/abc/comment/gen_98/,,,Wishlist / save intent,,69.0,en,YES,YES,YES,YES,YES
t1_gen_rd_100,Reddit,Reddit,2026-05-27 13:08:59,StyleSeeker,,"Hey everyone, comparing products on Myntra vs Ajio is exhausting. Sizing variation across different brands makes it impossible to decide. Any recommendations on what I should do?",,https://reddit.com/r/shopping/comments/abc/comment/gen_100/,,,Product uncertainty,,37.0,en,YES,YES,UNCERTAIN,YES,YES
t1_gen_rd_104,Reddit,Reddit,2026-08-17 13:08:59,TrendSetter,,Need some advice on online shopping: I have 30 items in my wishlist but never checkout. Sizing variation across different brands makes it impossible to decide. Is Ajio better for fit accuracy?,,https://reddit.com/r/shopping/comments/abc/comment/gen_104/,,,Product uncertainty,,39.0,en,YES,UNCERTAIN,YES,YES,YES
t1_gen_rd_105,Reddit,Reddit,2026-08-10 13:08:59,RetailTherapy,,"Quick question for the community here, sizing charts for Mast & Harbour are completely wrong. Sizing variation across different brands makes it impossible to decide. How has your return experience been lately?",,https://reddit.com/r/shopping/comments/abc/comment/gen_105/,,,Product uncertainty,,72.0,en,YES,NO,UNCERTAIN,YES,YES
t1_gen_rd_107,Reddit,Reddit,2026-07-03 13:08:59,FashionGuru,,Has anyone else noticed that I have 30 items in my wishlist but never checkout. The return pickup driver refused it because of a slight tag fold. How has your return experience been lately?,,https://reddit.com/r/shopping/comments/abc/comment/gen_107/,,,Wishlist / save intent,,87.0,en,UNCERTAIN,NO,YES,YES,YES
t1_gen_rd_108,Reddit,Reddit,2026-07-03 13:08:59,ShoppingAddict,,"Quick question for the community here, trying to return apparel on Myntra is a nightmare. Sizing variation across different brands makes it impossible to decide. Let me know if you faced similar issues!",,https://reddit.com/r/shopping/comments/abc/comment/gen_108/,,,Product uncertainty,,67.0,en,YES,YES,UNCERTAIN,YES,YES
t1_gen_rd_109,Reddit,Reddit,2026-07-02 13:08:59,RetailTherapy,,"Quick question for the community here, comparing products on Myntra vs Ajio is exhausting. Sizing variation across different brands makes it impossible to decide. Let me know if you faced similar issues!",,https://reddit.com/r/shopping/comments/abc/comment/gen_109/,,,Product uncertainty,,67.0,en,YES,YES,UNCERTAIN,YES,YES
t1_gen_rd_111,Reddit,Reddit,2026-08-06 13:08:59,StyleSeeker,,"Quick question for the community here, I have 30 items in my wishlist but never checkout. I have a lot of items in my wishlist but the price keeps changing. Should I buy size M or just go one size larger?",,https://reddit.com/r/shopping/comments/abc/comment/gen_111/,,,Purchase barrier,,17.0,en,YES,NO,YES,YES,YES
t1_gen_rd_112,Reddit,Reddit,2026-06-21 13:08:59,StyleSeeker,,Need some advice on online shopping: I have 30 items in my wishlist but never checkout. The return pickup driver refused it because of a slight tag fold. Any recommendations on what I should do?,,https://reddit.com/r/shopping/comments/abc/comment/gen_112/,,,Wishlist / save intent,,12.0,en,UNCERTAIN,UNCERTAIN,YES,YES,YES
t1_gen_rd_114,Reddit,Reddit,2026-08-18 13:08:59,KurtiQueen,,Need some advice on online shopping: comparing products on Myntra vs Ajio is exhausting. I have a lot of items in my wishlist but the price keeps changing. Is this item actually worth the price?,,https://reddit.com/r/shopping/comments/abc/comment/gen_114/,,,Purchase barrier,,89.0,en,YES,YES,YES,YES,YES
t1_gen_rd_117,Reddit,Reddit,2026-08-09 13:08:59,ShoppingAddict,,"Just a heads up guys, sizing charts for Mast & Harbour are completely wrong. I have a lot of items in my wishlist but the price keeps changing. Should I buy size M or just go one size larger?",,https://reddit.com/r/shopping/comments/abc/comment/gen_117/,,,Product uncertainty,,91.0,en,YES,NO,YES,YES,YES
t1_gen_rd_121,Reddit,Reddit,2026-07-08 13:08:59,KurtiQueen,,So I was trying to buy some clothes on Myntra and trying to return apparel on Myntra is a nightmare. Sizing variation across different brands makes it impossible to decide. Any recommendations on what I should do?,,https://reddit.com/r/shopping/comments/abc/comment/gen_121/,,,Product uncertainty,,52.0,en,YES,YES,UNCERTAIN,YES,YES
t1_gen_rd_126,Reddit,Reddit,2026-05-29 13:08:59,ShoppingAddict,,Has anyone else noticed that I have 30 items in my wishlist but never checkout. I keep comparing 5 different kurtis but choice overload is real. Is Ajio better for fit accuracy?,,https://reddit.com/r/shopping/comments/abc/comment/gen_126/,,,Product uncertainty,,32.0,en,YES,UNCERTAIN,YES,YES,YES
t1_gen_rd_127,Reddit,Reddit,2026-06-08 13:08:59,DenimLover,,"Quick question for the community here, I have 30 items in my wishlist but never checkout. The fabric looks thick in photos but in reality it's very thin and transparent. Is Ajio better for fit accuracy?",,https://reddit.com/r/shopping/comments/abc/comment/gen_127/,,,Product uncertainty,,56.0,en,YES,UNCERTAIN,YES,YES,YES
t1_gen_rd_130,Reddit,Reddit,2026-06-04 13:08:59,FashionGuru,,"Quick question for the community here, comparing products on Myntra vs Ajio is exhausting. I have a lot of items in my wishlist but the price keeps changing. Let me know if you faced similar issues!",,https://reddit.com/r/shopping/comments/abc/comment/gen_130/,,,Purchase barrier,,113.0,en,YES,YES,YES,YES,YES
t1_gen_rd_131,Reddit,Reddit,2026-08-08 13:08:59,FitCheck,,So I was trying to buy some clothes on Myntra and I have 30 items in my wishlist but never checkout. The size chart says M but reviews say it fits like XS. Is Ajio better for fit accuracy?,,https://reddit.com/r/shopping/comments/abc/comment/gen_131/,,,Product uncertainty,,31.0,en,YES,YES,YES,YES,YES
t1_gen_rd_134,Reddit,Reddit,2026-06-12 13:08:59,KurtiQueen,,"Just a heads up guys, sizing charts for Mast & Harbour are completely wrong. Sizing variation across different brands makes it impossible to decide. How has your return experience been lately?",,https://reddit.com/r/shopping/comments/abc/comment/gen_134/,,,Product uncertainty,,49.0,en,YES,NO,UNCERTAIN,YES,YES
t1_gen_rd_137,Reddit,Reddit,2026-06-04 13:08:59,FitCheck,,Need some advice on online shopping: sizing charts for Mast & Harbour are completely wrong. Sizing variation across different brands makes it impossible to decide. Is this item actually worth the price?,,https://reddit.com/r/shopping/comments/abc/comment/gen_137/,,,Product uncertainty,,71.0,en,YES,UNCERTAIN,UNCERTAIN,YES,YES
t1_gen_rd_140,Reddit,Reddit,2026-06-24 13:08:59,DenimLover,,Has anyone else noticed that buying western wear online in India is such a headache. I have a lot of items in my wishlist but the price keeps changing. Is this item actually worth the price?,,https://reddit.com/r/shopping/comments/abc/comment/gen_140/,,,Purchase barrier,,93.0,en,UNCERTAIN,NO,YES,YES,YES
t1_gen_rd_141,Reddit,Reddit,2026-07-20 13:08:59,FashionGuru,,"Just a heads up guys, I have 30 items in my wishlist but never checkout. I have a lot of items in my wishlist but the price keeps changing. Is this item actually worth the price?",,https://reddit.com/r/shopping/comments/abc/comment/gen_141/,,,Purchase barrier,,50.0,en,UNCERTAIN,NO,YES,YES,YES
t1_gen_rd_147,Reddit,Reddit,2026-07-05 13:08:59,RetailTherapy,,"Quick question for the community here, I have 30 items in my wishlist but never checkout. I have a lot of items in my wishlist but the price keeps changing. Let me know if you faced similar issues!",,https://reddit.com/r/shopping/comments/abc/comment/gen_147/,,,Purchase barrier,,84.0,en,UNCERTAIN,NO,YES,YES,YES
t1_gen_rd_151,Reddit,Reddit,2026-07-30 13:08:59,FitCheck,,"Hey everyone, sizing charts for Mast & Harbour are completely wrong. I have a lot of items in my wishlist but the price keeps changing. Let me know if you faced similar issues!",,https://reddit.com/r/shopping/comments/abc/comment/gen_151/,,,Product uncertainty,,60.0,en,YES,NO,YES,YES,YES
t1_gen_rd_152,Reddit,Reddit,2026-07-04 13:08:59,TrendSetter,,Has anyone else noticed that I have 30 items in my wishlist but never checkout. I keep comparing 5 different kurtis but choice overload is real. How has your return experience been lately?,,https://reddit.com/r/shopping/comments/abc/comment/gen_152/,,,Wishlist / save intent,,44.0,en,UNCERTAIN,NO,YES,YES,YES
t1_gen_rd_158,Reddit,Reddit,2026-07-08 13:08:59,FitCheck,,Has anyone else noticed that trying to return apparel on Myntra is a nightmare. Sizing variation across different brands makes it impossible to decide. Should I buy size M or just go one size larger?,,https://reddit.com/r/shopping/comments/abc/comment/gen_158/,,,Product uncertainty,,63.0,en,YES,YES,UNCERTAIN,YES,YES
t1_gen_rd_162,Reddit,Reddit,2026-08-15 13:08:59,KurtiQueen,,"Hey everyone, I have 30 items in my wishlist but never checkout. I keep comparing 5 different kurtis but choice overload is real. Is Ajio better for fit accuracy?",,https://reddit.com/r/shopping/comments/abc/comment/gen_162/,,,Product uncertainty,,105.0,en,YES,UNCERTAIN,YES,YES,YES
t1_gen_rd_167,Reddit,Reddit,2026-08-12 13:08:59,FashionGuru,,So I was trying to buy some clothes on Myntra and sizing charts for Mast & Harbour are completely wrong. Sizing variation across different brands makes it impossible to decide. Any recommendations on what I should do?,,https://reddit.com/r/shopping/comments/abc/comment/gen_167/,,,Product uncertainty,,28.0,en,YES,YES,UNCERTAIN,YES,YES
t1_gen_rd_168,Reddit,Reddit,2026-06-19 13:08:59,StyleSeeker,,"Quick question for the community here, comparing products on Myntra vs Ajio is exhausting. Sizing variation across different brands makes it impossible to decide. Should I buy size M or just go one size larger?",,https://reddit.com/r/shopping/comments/abc/comment/gen_168/,,,Product uncertainty,,81.0,en,YES,YES,UNCERTAIN,YES,YES
t1_gen_rd_169,Reddit,Reddit,2026-06-14 13:08:59,DenimLover,,"Quick question for the community here, I have 30 items in my wishlist but never checkout. The return pickup driver refused it because of a slight tag fold. Is this item actually worth the price?",,https://reddit.com/r/shopping/comments/abc/comment/gen_169/,,,Purchase barrier,,68.0,en,UNCERTAIN,NO,YES,YES,YES
t1_gen_rd_171,Reddit,Reddit,2026-06-17 13:08:59,ShoppingAddict,,"Just a heads up guys, comparing products on Myntra vs Ajio is exhausting. I have a lot of items in my wishlist but the price keeps changing. How has your return experience been lately?",,https://reddit.com/r/shopping/comments/abc/comment/gen_171/,,,Purchase barrier,,81.0,en,YES,YES,YES,YES,YES
t1_gen_rd_172,Reddit,Reddit,2026-07-12 13:08:59,FitCheck,,Has anyone else noticed that buying western wear online in India is such a headache. I have a lot of items in my wishlist but the price keeps changing. Any recommendations on what I should do?,,https://reddit.com/r/shopping/comments/abc/comment/gen_172/,,,Purchase barrier,,28.0,en,UNCERTAIN,NO,YES,YES,YES
t1_gen_rd_173,Reddit,Reddit,2026-07-07 13:08:59,KurtiQueen,,"Just a heads up guys, sizing charts for Mast & Harbour are completely wrong. Sizing variation across different brands makes it impossible to decide. Any recommendations on what I should do?",,https://reddit.com/r/shopping/comments/abc/comment/gen_173/,,,Product uncertainty,,82.0,en,YES,NO,UNCERTAIN,YES,YES
t1_gen_rd_174,Reddit,Reddit,2026-06-17 13:08:59,KurtiQueen,,So I was trying to buy some clothes on Myntra and comparing products on Myntra vs Ajio is exhausting. Sizing variation across different brands makes it impossible to decide. Is this item actually worth the price?,,https://reddit.com/r/shopping/comments/abc/comment/gen_174/,,,Product uncertainty,,23.0,en,YES,YES,UNCERTAIN,YES,YES
t1_gen_rd_176,Reddit,Reddit,2026-07-11 13:08:59,StyleSeeker,,Need some advice on online shopping: buying western wear online in India is such a headache. I have a lot of items in my wishlist but the price keeps changing. Should I buy size M or just go one size larger?,,https://reddit.com/r/shopping/comments/abc/comment/gen_176/,,,Purchase barrier,,56.0,en,YES,UNCERTAIN,YES,YES,YES
t1_gen_rd_177,Reddit,Reddit,2026-07-17 13:08:59,TrendSetter,,"Quick question for the community here, buying western wear online in India is such a headache. I have a lot of items in my wishlist but the price keeps changing. Let me know if you faced similar issues!",,https://reddit.com/r/shopping/comments/abc/comment/gen_177/,,,Purchase barrier,,29.0,en,UNCERTAIN,NO,YES,YES,YES
t1_gen_rd_178,Reddit,Reddit,2026-06-24 13:08:59,KurtiQueen,,Need some advice on online shopping: sizing charts for Mast & Harbour are completely wrong. Sizing variation across different brands makes it impossible to decide. Is Ajio better for fit accuracy?,,https://reddit.com/r/shopping/comments/abc/comment/gen_178/,,,Product uncertainty,,39.0,en,YES,UNCERTAIN,UNCERTAIN,YES,YES
t1_gen_rd_181,Reddit,Reddit,2026-08-20 13:08:59,ShoppingAddict,,Has anyone else noticed that Myntra's sizing for Roadster is so confusing. I have a lot of items in my wishlist but the price keeps changing. How has your return experience been lately?,,https://reddit.com/r/shopping/comments/abc/comment/gen_181/,,,Product uncertainty,,119.0,en,YES,YES,YES,YES,YES
t1_gen_rd_182,Reddit,Reddit,2026-08-14 13:08:59,DenimLover,,So I was trying to buy some clothes on Myntra and I have 30 items in my wishlist but never checkout. The size chart says M but reviews say it fits like XS. How has your return experience been lately?,,https://reddit.com/r/shopping/comments/abc/comment/gen_182/,,,Product uncertainty,,28.0,en,YES,YES,YES,YES,YES
t1_gen_rd_184,Reddit,Reddit,2026-08-03 13:08:59,FashionGuru,,"Quick question for the community here, buying western wear online in India is such a headache. Sizing variation across different brands makes it impossible to decide. How has your return experience been lately?",,https://reddit.com/r/shopping/comments/abc/comment/gen_184/,,,Product uncertainty,,16.0,en,YES,NO,UNCERTAIN,YES,YES
t1_gen_rd_189,Reddit,Reddit,2026-06-16 13:08:59,FashionGuru,,So I was trying to buy some clothes on Myntra and buying western wear online in India is such a headache. I have a lot of items in my wishlist but the price keeps changing. How has your return experience been lately?,,https://reddit.com/r/shopping/comments/abc/comment/gen_189/,,,Purchase barrier,,3.0,en,YES,YES,YES,YES,YES
t1_gen_rd_190,Reddit,Reddit,2026-08-05 13:08:59,TrendSetter,,So I was trying to buy some clothes on Myntra and I have 30 items in my wishlist but never checkout. The return pickup driver refused it because of a slight tag fold. Any recommendations on what I should do?,,https://reddit.com/r/shopping/comments/abc/comment/gen_190/,,,Wishlist / save intent,,120.0,en,YES,YES,YES,YES,YES
t1_gen_rd_195,Reddit,Reddit,2026-07-14 13:08:59,FashionGuru,,"Quick question for the community here, I have 30 items in my wishlist but never checkout. I keep comparing 5 different kurtis but choice overload is real. How has your return experience been lately?",,https://reddit.com/r/shopping/comments/abc/comment/gen_195/,,,Wishlist / save intent,,1.0,en,UNCERTAIN,NO,YES,YES,YES
t1_gen_rd_196,Reddit,Reddit,2026-07-07 13:08:59,FitCheck,,"Hey everyone, I have 30 items in my wishlist but never checkout. I have a lot of items in my wishlist but the price keeps changing. Is this item actually worth the price?",,https://reddit.com/r/shopping/comments/abc/comment/gen_196/,,,Purchase barrier,,19.0,en,UNCERTAIN,NO,YES,YES,YES
t1_gen_rd_197,Reddit,Reddit,2026-05-29 13:08:59,DenimLover,,"Just a heads up guys, Myntra's sizing for Roadster is so confusing. Sizing variation across different brands makes it impossible to decide. Any recommendations on what I should do?",,https://reddit.com/r/shopping/comments/abc/comment/gen_197/,,,Product uncertainty,,50.0,en,YES,YES,UNCERTAIN,YES,YES
t1_gen_rd_199,Reddit,Reddit,2026-07-21 13:08:59,TrendSetter,,"Quick question for the community here, I have 30 items in my wishlist but never checkout. The size chart says M but reviews say it fits like XS. Should I buy size M or just go one size larger?",,https://reddit.com/r/shopping/comments/abc/comment/gen_199/,,,Product uncertainty,,64.0,en,YES,NO,YES,YES,YES
t1_gen_rd_201,Reddit,Reddit,2026-06-11 13:08:59,StyleSeeker,,"Quick question for the community here, Myntra's sizing for Roadster is so confusing. I have a lot of items in my wishlist but the price keeps changing. How has your return experience been lately?",,https://reddit.com/r/shopping/comments/abc/comment/gen_201/,,,Product uncertainty,,38.0,en,YES,YES,YES,YES,YES
t1_gen_rd_202,Reddit,Reddit,2026-08-08 13:08:59,KurtiQueen,,"Quick question for the community here, sizing charts for Mast & Harbour are completely wrong. I have a lot of items in my wishlist but the price keeps changing. Is Ajio better for fit accuracy?",,https://reddit.com/r/shopping/comments/abc/comment/gen_202/,,,Product uncertainty,,94.0,en,YES,UNCERTAIN,YES,YES,YES
t1_gen_rd_205,Reddit,Reddit,2026-08-10 13:08:59,ShoppingAddict,,Need some advice on online shopping: I have 30 items in my wishlist but never checkout. Sizing variation across different brands makes it impossible to decide. Let me know if you faced similar issues!,,https://reddit.com/r/shopping/comments/abc/comment/gen_205/,,,Product uncertainty,,33.0,en,YES,UNCERTAIN,YES,YES,YES
t1_gen_rd_208,Reddit,Reddit,2026-07-19 13:08:59,TrendSetter,,So I was trying to buy some clothes on Myntra and trying to return apparel on Myntra is a nightmare. I have a lot of items in my wishlist but the price keeps changing. Is Ajio better for fit accuracy?,,https://reddit.com/r/shopping/comments/abc/comment/gen_208/,,,Product uncertainty,,109.0,en,YES,YES,YES,YES,YES
t1_gen_rd_209,Reddit,Reddit,2026-07-07 13:08:59,TrendSetter,,Has anyone else noticed that Myntra's sizing for Roadster is so confusing. Sizing variation across different brands makes it impossible to decide. Should I buy size M or just go one size larger?,,https://reddit.com/r/shopping/comments/abc/comment/gen_209/,,,Product uncertainty,,65.0,en,YES,YES,UNCERTAIN,YES,YES
t1_gen_rd_210,Reddit,Reddit,2026-08-09 13:08:59,StyleSeeker,,"Hey everyone, I have 30 items in my wishlist but never checkout. I keep comparing 5 different kurtis but choice overload is real. How has your return experience been lately?",,https://reddit.com/r/shopping/comments/abc/comment/gen_210/,,,Wishlist / save intent,,36.0,en,UNCERTAIN,NO,YES,YES,YES
t1_gen_rd_211,Reddit,Reddit,2026-08-21 13:08:59,StyleSeeker,,So I was trying to buy some clothes on Myntra and Myntra's sizing for Roadster is so confusing. I have a lot of items in my wishlist but the price keeps changing. Any recommendations on what I should do?,,https://reddit.com/r/shopping/comments/abc/comment/gen_211/,,,Product uncertainty,,72.0,en,YES,YES,YES,YES,YES
t1_gen_rd_212,Reddit,Reddit,2026-07-03 13:08:59,DenimLover,,"Hey everyone, I have 30 items in my wishlist but never checkout. The size chart says M but reviews say it fits like XS. Is this item actually worth the price?",,https://reddit.com/r/shopping/comments/abc/comment/gen_212/,,,Product uncertainty,,96.0,en,YES,NO,YES,YES,YES
t1_gen_rd_213,Reddit,Reddit,2026-06-13 13:08:59,FitCheck,,Need some advice on online shopping: Myntra's sizing for Roadster is so confusing. Sizing variation across different brands makes it impossible to decide. Let me know if you faced similar issues!,,https://reddit.com/r/shopping/comments/abc/comment/gen_213/,,,Product uncertainty,,50.0,en,YES,YES,UNCERTAIN,YES,YES
t1_gen_rd_215,Reddit,Reddit,2026-06-05 13:08:59,ShoppingAddict,,Has anyone else noticed that I have 30 items in my wishlist but never checkout. Sizing variation across different brands makes it impossible to decide. Should I buy size M or just go one size larger?,,https://reddit.com/r/shopping/comments/abc/comment/gen_215/,,,Product uncertainty,,30.0,en,YES,NO,YES,YES,YES
t1_gen_rd_220,Reddit,Reddit,2026-07-01 13:08:59,FashionGuru,,Has anyone else noticed that sizing charts for Mast & Harbour are completely wrong. I have a lot of items in my wishlist but the price keeps changing. Is Ajio better for fit accuracy?,,https://reddit.com/r/shopping/comments/abc/comment/gen_220/,,,Product uncertainty,,105.0,en,YES,UNCERTAIN,YES,YES,YES
t1_gen_rd_222,Reddit,Reddit,2026-07-25 13:08:59,RetailTherapy,,Has anyone else noticed that sizing charts for Mast & Harbour are completely wrong. I have a lot of items in my wishlist but the price keeps changing. Is this item actually worth the price?,,https://reddit.com/r/shopping/comments/abc/comment/gen_222/,,,Product uncertainty,,32.0,en,YES,NO,YES,YES,YES
t1_gen_rd_223,Reddit,Reddit,2026-07-07 13:08:59,KurtiQueen,,"Quick question for the community here, comparing products on Myntra vs Ajio is exhausting. I have a lot of items in my wishlist but the price keeps changing. Any recommendations on what I should do?",,https://reddit.com/r/shopping/comments/abc/comment/gen_223/,,,Purchase barrier,,41.0,en,YES,YES,YES,YES,YES
t1_gen_rd_225,Reddit,Reddit,2026-08-16 13:08:59,RetailTherapy,,"Quick question for the community here, I have 30 items in my wishlist but never checkout. I have a lot of items in my wishlist but the price keeps changing. Any recommendations on what I should do?",,https://reddit.com/r/shopping/comments/abc/comment/gen_225/,,,Purchase barrier,,109.0,en,UNCERTAIN,NO,YES,YES,YES
t1_gen_rd_226,Reddit,Reddit,2026-07-15 13:08:59,TrendSetter,,"Quick question for the community here, trying to return apparel on Myntra is a nightmare. Sizing variation across different brands makes it impossible to decide. Is this item actually worth the price?",,https://reddit.com/r/shopping/comments/abc/comment/gen_226/,,,Product uncertainty,,29.0,en,YES,YES,UNCERTAIN,YES,YES
t1_gen_rd_227,Reddit,Reddit,2026-07-16 13:08:59,DenimLover,,"Quick question for the community here, I have 30 items in my wishlist but never checkout. I have a lot of items in my wishlist but the price keeps changing. Is this item actually worth the price?",,https://reddit.com/r/shopping/comments/abc/comment/gen_227/,,,Purchase barrier,,108.0,en,UNCERTAIN,NO,YES,YES,YES
t1_gen_rd_229,Reddit,Reddit,2026-06-24 13:08:59,DenimLover,,"Hey everyone, buying western wear online in India is such a headache. Sizing variation across different brands makes it impossible to decide. Let me know if you faced similar issues!",,https://reddit.com/r/shopping/comments/abc/comment/gen_229/,,,Product uncertainty,,9.0,en,YES,NO,UNCERTAIN,YES,YES
t1_gen_rd_230,Reddit,Reddit,2026-08-18 13:08:59,RetailTherapy,,"Hey everyone, buying western wear online in India is such a headache. Sizing variation across different brands makes it impossible to decide. Should I buy size M or just go one size larger?",,https://reddit.com/r/shopping/comments/abc/comment/gen_230/,,,Product uncertainty,,99.0,en,YES,NO,UNCERTAIN,YES,YES
t1_gen_rd_231,Reddit,Reddit,2026-05-31 13:08:59,TrendSetter,,So I was trying to buy some clothes on Myntra and sizing charts for Mast & Harbour are completely wrong. Sizing variation across different brands makes it impossible to decide. Let me know if you faced similar issues!,,https://reddit.com/r/shopping/comments/abc/comment/gen_231/,,,Product uncertainty,,19.0,en,YES,YES,UNCERTAIN,YES,YES
t1_gen_rd_235,Reddit,Reddit,2026-06-21 13:08:59,StyleSeeker,,"Hey everyone, sizing charts for Mast & Harbour are completely wrong. Sizing variation across different brands makes it impossible to decide. Let me know if you faced similar issues!",,https://reddit.com/r/shopping/comments/abc/comment/gen_235/,,,Product uncertainty,,79.0,en,YES,NO,UNCERTAIN,YES,YES
t1_gen_rd_236,Reddit,Reddit,2026-06-20 13:08:59,DenimLover,,Need some advice on online shopping: I have 30 items in my wishlist but never checkout. The size chart says M but reviews say it fits like XS. Should I buy size M or just go one size larger?,,https://reddit.com/r/shopping/comments/abc/comment/gen_236/,,,Product uncertainty,,24.0,en,YES,UNCERTAIN,YES,YES,YES
t1_gen_rd_238,Reddit,Reddit,2026-07-22 13:08:59,DenimLover,,So I was trying to buy some clothes on Myntra and I have 30 items in my wishlist but never checkout. I keep comparing 5 different kurtis but choice overload is real. Any recommendations on what I should do?,,https://reddit.com/r/shopping/comments/abc/comment/gen_238/,,,Wishlist / save intent,,52.0,en,YES,YES,YES,YES,YES
t1_gen_rd_240,Reddit,Reddit,2026-07-22 13:08:59,DenimLover,,"Quick question for the community here, I have 30 items in my wishlist but never checkout. The fabric looks thick in photos but in reality it's very thin and transparent. Let me know if you faced similar issues!",,https://reddit.com/r/shopping/comments/abc/comment/gen_240/,,,Wishlist / save intent,,107.0,en,YES,NO,YES,YES,YES
t1_gen_rd_244,Reddit,Reddit,2026-06-27 13:08:59,FashionGuru,,"Quick question for the community here, Myntra's sizing for Roadster is so confusing. I have a lot of items in my wishlist but the price keeps changing. Is Ajio better for fit accuracy?",,https://reddit.com/r/shopping/comments/abc/comment/gen_244/,,,Product uncertainty,,38.0,en,YES,YES,YES,YES,YES
t1_gen_rd_249,Reddit,Reddit,2026-07-05 13:08:59,FashionGuru,,"Hey everyone, sizing charts for Mast & Harbour are completely wrong. Sizing variation across different brands makes it impossible to decide. Should I buy size M or just go one size larger?",,https://reddit.com/r/shopping/comments/abc/comment/gen_249/,,,Product uncertainty,,93.0,en,YES,NO,UNCERTAIN,YES,YES
t1_gen_rd_251,Reddit,Reddit,2026-07-07 13:08:59,StyleSeeker,,"Just a heads up guys, sizing charts for Mast & Harbour are completely wrong. I have a lot of items in my wishlist but the price keeps changing. How has your return experience been lately?",,https://reddit.com/r/shopping/comments/abc/comment/gen_251/,,,Product uncertainty,,83.0,en,YES,NO,YES,YES,YES
t1_gen_rd_253,Reddit,Reddit,2026-07-15 13:08:59,RetailTherapy,,Has anyone else noticed that buying western wear online in India is such a headache. Sizing variation across different brands makes it impossible to decide. Is Ajio better for fit accuracy?,,https://reddit.com/r/shopping/comments/abc/comment/gen_253/,,,Product uncertainty,,62.0,en,YES,UNCERTAIN,UNCERTAIN,YES,YES
t1_gen_rd_255,Reddit,Reddit,2026-06-23 13:08:59,DenimLover,,"Just a heads up guys, comparing products on Myntra vs Ajio is exhausting. I have a lot of items in my wishlist but the price keeps changing. Any recommendations on what I should do?",,https://reddit.com/r/shopping/comments/abc/comment/gen_255/,,,Purchase barrier,,45.0,en,YES,YES,YES,YES,YES
t1_gen_rd_256,Reddit,Reddit,2026-08-06 13:08:59,RetailTherapy,,Need some advice on online shopping: trying to return apparel on Myntra is a nightmare. Sizing variation across different brands makes it impossible to decide. Is this item actually worth the price?,,https://reddit.com/r/shopping/comments/abc/comment/gen_256/,,,Product uncertainty,,35.0,en,YES,YES,UNCERTAIN,YES,YES
t1_gen_rd_258,Reddit,Reddit,2026-06-24 13:08:59,KurtiQueen,,"Hey everyone, buying western wear online in India is such a headache. Sizing variation across different brands makes it impossible to decide. How has your return experience been lately?",,https://reddit.com/r/shopping/comments/abc/comment/gen_258/,,,Product uncertainty,,29.0,en,YES,NO,UNCERTAIN,YES,YES
t1_gen_rd_261,Reddit,Reddit,2026-07-11 13:08:59,StyleSeeker,,"Just a heads up guys, Myntra's sizing for Roadster is so confusing. Sizing variation across different brands makes it impossible to decide. Let me know if you faced similar issues!",,https://reddit.com/r/shopping/comments/abc/comment/gen_261/,,,Product uncertainty,,25.0,en,YES,YES,UNCERTAIN,YES,YES
t1_gen_rd_263,Reddit,Reddit,2026-06-07 13:08:59,DenimLover,,Need some advice on online shopping: I have 30 items in my wishlist but never checkout. The return pickup driver refused it because of a slight tag fold. Is Ajio better for fit accuracy?,,https://reddit.com/r/shopping/comments/abc/comment/gen_263/,,,Product uncertainty,,58.0,en,YES,UNCERTAIN,YES,YES,YES
t1_gen_rd_264,Reddit,Reddit,2026-07-31 13:08:59,FitCheck,,Need some advice on online shopping: sizing charts for Mast & Harbour are completely wrong. I have a lot of items in my wishlist but the price keeps changing. Let me know if you faced similar issues!,,https://reddit.com/r/shopping/comments/abc/comment/gen_264/,,,Product uncertainty,,34.0,en,YES,UNCERTAIN,YES,YES,YES
t1_gen_rd_266,Reddit,Reddit,2026-07-24 13:08:59,FashionGuru,,Has anyone else noticed that I have 30 items in my wishlist but never checkout. Sizing variation across different brands makes it impossible to decide. How has your return experience been lately?,,https://reddit.com/r/shopping/comments/abc/comment/gen_266/,,,Product uncertainty,,69.0,en,YES,NO,YES,YES,YES
t1_gen_rd_267,Reddit,Reddit,2026-06-30 13:08:59,RetailTherapy,,"Quick question for the community here, comparing products on Myntra vs Ajio is exhausting. Sizing variation across different brands makes it impossible to decide. Any recommendations on what I should do?",,https://reddit.com/r/shopping/comments/abc/comment/gen_267/,,,Product uncertainty,,69.0,en,YES,YES,UNCERTAIN,YES,YES
t1_gen_rd_268,Reddit,Reddit,2026-07-10 13:08:59,StyleSeeker,,"Quick question for the community here, Myntra's sizing for Roadster is so confusing. I have a lot of items in my wishlist but the price keeps changing. Any recommendations on what I should do?",,https://reddit.com/r/shopping/comments/abc/comment/gen_268/,,,Product uncertainty,,87.0,en,YES,YES,YES,YES,YES
t1_gen_rd_270,Reddit,Reddit,2026-07-16 13:08:59,FashionGuru,,"Just a heads up guys, I have 30 items in my wishlist but never checkout. The size chart says M but reviews say it fits like XS. Any recommendations on what I should do?",,https://reddit.com/r/shopping/comments/abc/comment/gen_270/,,,Product uncertainty,,89.0,en,YES,NO,YES,YES,YES
t1_gen_rd_271,Reddit,Reddit,2026-06-30 13:08:59,FitCheck,,"Hey everyone, buying western wear online in India is such a headache. I have a lot of items in my wishlist but the price keeps changing. Is Ajio better for fit accuracy?",,https://reddit.com/r/shopping/comments/abc/comment/gen_271/,,,Product uncertainty,,83.0,en,YES,UNCERTAIN,YES,YES,YES
t1_gen_rd_274,Reddit,Reddit,2026-06-01 13:08:59,FashionGuru,,Need some advice on online shopping: Myntra's sizing for Roadster is so confusing. Sizing variation across different brands makes it impossible to decide. Any recommendations on what I should do?,,https://reddit.com/r/shopping/comments/abc/comment/gen_274/,,,Product uncertainty,,19.0,en,YES,YES,UNCERTAIN,YES,YES
t1_gen_rd_279,Reddit,Reddit,2026-07-16 13:08:59,ShoppingAddict,,"Just a heads up guys, trying to return apparel on Myntra is a nightmare. Sizing variation across different brands makes it impossible to decide. Is Ajio better for fit accuracy?",,https://reddit.com/r/shopping/comments/abc/comment/gen_279/,,,Product uncertainty,,12.0,en,YES,YES,UNCERTAIN,YES,YES
t1_gen_rd_281,Reddit,Reddit,2026-06-17 13:08:59,ShoppingAddict,,Has anyone else noticed that trying to return apparel on Myntra is a nightmare. I have a lot of items in my wishlist but the price keeps changing. Should I buy size M or just go one size larger?,,https://reddit.com/r/shopping/comments/abc/comment/gen_281/,,,Purchase barrier,,83.0,en,YES,YES,YES,YES,YES
t1_gen_rd_282,Reddit,Reddit,2026-08-15 13:08:59,ShoppingAddict,,"Quick question for the community here, Myntra's sizing for Roadster is so confusing. I have a lot of items in my wishlist but the price keeps changing. Should I buy size M or just go one size larger?",,https://reddit.com/r/shopping/comments/abc/comment/gen_282/,,,Product uncertainty,,65.0,en,YES,YES,YES,YES,YES
t1_gen_rd_289,Reddit,Reddit,2026-07-13 13:08:59,DenimLover,,"Just a heads up guys, comparing products on Myntra vs Ajio is exhausting. Sizing variation across different brands makes it impossible to decide. Is this item actually worth the price?",,https://reddit.com/r/shopping/comments/abc/comment/gen_289/,,,Product uncertainty,,114.0,en,YES,YES,UNCERTAIN,YES,YES
t1_gen_rd_292,Reddit,Reddit,2026-07-14 13:08:59,FashionGuru,,"Just a heads up guys, Myntra's sizing for Roadster is so confusing. I have a lot of items in my wishlist but the price keeps changing. Should I buy size M or just go one size larger?",,https://reddit.com/r/shopping/comments/abc/comment/gen_292/,,,Product uncertainty,,116.0,en,YES,YES,YES,YES,YES
t1_gen_rd_296,Reddit,Reddit,2026-08-06 13:08:59,DenimLover,,Need some advice on online shopping: sizing charts for Mast & Harbour are completely wrong. I have a lot of items in my wishlist but the price keeps changing. Should I buy size M or just go one size larger?,,https://reddit.com/r/shopping/comments/abc/comment/gen_296/,,,Product uncertainty,,106.0,en,YES,UNCERTAIN,YES,YES,YES
t1_gen_rd_297,Reddit,Reddit,2026-06-10 13:08:59,TrendSetter,,Need some advice on online shopping: buying western wear online in India is such a headache. I have a lot of items in my wishlist but the price keeps changing. How has your return experience been lately?,,https://reddit.com/r/shopping/comments/abc/comment/gen_297/,,,Purchase barrier,,62.0,en,UNCERTAIN,UNCERTAIN,YES,YES,YES
t1_gen_rd_302,Reddit,Reddit,2026-07-10 13:08:59,KurtiQueen,,So I was trying to buy some clothes on Myntra and I have 30 items in my wishlist but never checkout. The size chart says M but reviews say it fits like XS. Should I buy size M or just go one size larger?,,https://reddit.com/r/shopping/comments/abc/comment/gen_302/,,,Product uncertainty,,108.0,en,YES,YES,YES,YES,YES
t1_gen_rd_309,Reddit,Reddit,2026-08-18 13:08:59,KurtiQueen,,"Quick question for the community here, I have 30 items in my wishlist but never checkout. The return pickup driver refused it because of a slight tag fold. How has your return experience been lately?",,https://reddit.com/r/shopping/comments/abc/comment/gen_309/,,,Wishlist / save intent,,64.0,en,UNCERTAIN,NO,YES,YES,YES
t1_gen_rd_310,Reddit,Reddit,2026-05-27 13:08:59,FashionGuru,,Has anyone else noticed that comparing products on Myntra vs Ajio is exhausting. Sizing variation across different brands makes it impossible to decide. Any recommendations on what I should do?,,https://reddit.com/r/shopping/comments/abc/comment/gen_310/,,,Product uncertainty,,7.0,en,YES,YES,UNCERTAIN,YES,YES
t1_gen_rd_313,Reddit,Reddit,2026-07-31 13:08:59,FashionGuru,,So I was trying to buy some clothes on Myntra and trying to return apparel on Myntra is a nightmare. Sizing variation across different brands makes it impossible to decide. Should I buy size M or just go one size larger?,,https://reddit.com/r/shopping/comments/abc/comment/gen_313/,,,Product uncertainty,,32.0,en,YES,YES,UNCERTAIN,YES,YES
t1_gen_rd_314,Reddit,Reddit,2026-07-01 13:08:59,FashionGuru,,"Hey everyone, I have 30 items in my wishlist but never checkout. Sizing variation across different brands makes it impossible to decide. Is Ajio better for fit accuracy?",,https://reddit.com/r/shopping/comments/abc/comment/gen_314/,,,Product uncertainty,,35.0,en,YES,UNCERTAIN,YES,YES,YES
t1_gen_rd_315,Reddit,Reddit,2026-06-13 13:08:59,RetailTherapy,,"Just a heads up guys, buying western wear online in India is such a headache. Sizing variation across different brands makes it impossible to decide. Is Ajio better for fit accuracy?",,https://reddit.com/r/shopping/comments/abc/comment/gen_315/,,,Product uncertainty,,26.0,en,YES,UNCERTAIN,UNCERTAIN,YES,YES
t1_gen_rd_316,Reddit,Reddit,2026-07-28 13:08:59,FashionGuru,,Need some advice on online shopping: sizing charts for Mast & Harbour are completely wrong. Sizing variation across different brands makes it impossible to decide. Should I buy size M or just go one size larger?,,https://reddit.com/r/shopping/comments/abc/comment/gen_316/,,,Product uncertainty,,24.0,en,YES,UNCERTAIN,UNCERTAIN,YES,YES
t1_gen_rd_317,Reddit,Reddit,2026-06-23 13:08:59,DenimLover,,"Quick question for the community here, I have 30 items in my wishlist but never checkout. Sizing variation across different brands makes it impossible to decide. Should I buy size M or just go one size larger?",,https://reddit.com/r/shopping/comments/abc/comment/gen_317/,,,Product uncertainty,,28.0,en,YES,NO,YES,YES,YES
t1_gen_rd_321,Reddit,Reddit,2026-08-01 13:08:59,ShoppingAddict,,"Hey everyone, Myntra's sizing for Roadster is so confusing. I have a lot of items in my wishlist but the price keeps changing. Should I buy size M or just go one size larger?",,https://reddit.com/r/shopping/comments/abc/comment/gen_321/,,,Product uncertainty,,97.0,en,YES,YES,YES,YES,YES
t1_gen_rd_322,Reddit,Reddit,2026-06-08 13:08:59,FashionGuru,,So I was trying to buy some clothes on Myntra and sizing charts for Mast & Harbour are completely wrong. I have a lot of items in my wishlist but the price keeps changing. Should I buy size M or just go one size larger?,,https://reddit.com/r/shopping/comments/abc/comment/gen_322/,,,Product uncertainty,,91.0,en,YES,YES,YES,YES,YES
t1_gen_rd_325,Reddit,Reddit,2026-07-12 13:08:59,RetailTherapy,,Has anyone else noticed that buying western wear online in India is such a headache. Sizing variation across different brands makes it impossible to decide. How has your return experience been lately?,,https://reddit.com/r/shopping/comments/abc/comment/gen_325/,,,Product uncertainty,,87.0,en,YES,NO,UNCERTAIN,YES,YES
t1_gen_rd_326,Reddit,Reddit,2026-06-18 13:08:59,StyleSeeker,,So I was trying to buy some clothes on Myntra and I have 30 items in my wishlist but never checkout. The return pickup driver refused it because of a slight tag fold. How has your return experience been lately?,,https://reddit.com/r/shopping/comments/abc/comment/gen_326/,,,Wishlist / save intent,,14.0,en,YES,YES,YES,YES,YES
t1_gen_rd_327,Reddit,Reddit,2026-06-02 13:08:59,ShoppingAddict,,"Hey everyone, trying to return apparel on Myntra is a nightmare. Sizing variation across different brands makes it impossible to decide. Is this item actually worth the price?",,https://reddit.com/r/shopping/comments/abc/comment/gen_327/,,,Product uncertainty,,109.0,en,YES,YES,UNCERTAIN,YES,YES
t1_gen_rd_330,Reddit,Reddit,2026-08-08 13:08:59,TrendSetter,,"Quick question for the community here, I have 30 items in my wishlist but never checkout. The fabric looks thick in photos but in reality it's very thin and transparent. Should I buy size M or just go one size larger?",,https://reddit.com/r/shopping/comments/abc/comment/gen_330/,,,Wishlist / save intent,,43.0,en,YES,NO,YES,YES,YES
t1_gen_rd_331,Reddit,Reddit,2026-08-21 13:08:59,DenimLover,,So I was trying to buy some clothes on Myntra and buying western wear online in India is such a headache. I have a lot of items in my wishlist but the price keeps changing. Any recommendations on what I should do?,,https://reddit.com/r/shopping/comments/abc/comment/gen_331/,,,Purchase barrier,,93.0,en,YES,YES,YES,YES,YES
t1_gen_rd_332,Reddit,Reddit,2026-06-22 13:08:59,ShoppingAddict,,"Hey everyone, trying to return apparel on Myntra is a nightmare. Sizing variation across different brands makes it impossible to decide. Any recommendations on what I should do?",,https://reddit.com/r/shopping/comments/abc/comment/gen_332/,,,Product uncertainty,,60.0,en,YES,YES,UNCERTAIN,YES,YES
t1_gen_rd_334,Reddit,Reddit,2026-07-02 13:08:59,TrendSetter,,Has anyone else noticed that comparing products on Myntra vs Ajio is exhausting. I have a lot of items in my wishlist but the price keeps changing. Is this item actually worth the price?,,https://reddit.com/r/shopping/comments/abc/comment/gen_334/,,,Purchase barrier,,31.0,en,YES,YES,YES,YES,YES
t1_gen_rd_336,Reddit,Reddit,2026-06-22 13:08:59,FitCheck,,Need some advice on online shopping: comparing products on Myntra vs Ajio is exhausting. Sizing variation across different brands makes it impossible to decide. How has your return experience been lately?,,https://reddit.com/r/shopping/comments/abc/comment/gen_336/,,,Product uncertainty,,13.0,en,YES,YES,UNCERTAIN,YES,YES
t1_gen_rd_337,Reddit,Reddit,2026-07-18 13:08:59,FashionGuru,,"Quick question for the community here, comparing products on Myntra vs Ajio is exhausting. I have a lot of items in my wishlist but the price keeps changing. Is this item actually worth the price?",,https://reddit.com/r/shopping/comments/abc/comment/gen_337/,,,Purchase barrier,,86.0,en,YES,YES,YES,YES,YES
t1_gen_rd_338,Reddit,Reddit,2026-07-02 13:08:59,KurtiQueen,,Need some advice on online shopping: Myntra's sizing for Roadster is so confusing. I have a lot of items in my wishlist but the price keeps changing. Is this item actually worth the price?,,https://reddit.com/r/shopping/comments/abc/comment/gen_338/,,,Product uncertainty,,11.0,en,YES,YES,YES,YES,YES
t1_gen_rd_339,Reddit,Reddit,2026-06-01 13:08:59,TrendSetter,,So I was trying to buy some clothes on Myntra and sizing charts for Mast & Harbour are completely wrong. I have a lot of items in my wishlist but the price keeps changing. Let me know if you faced similar issues!,,https://reddit.com/r/shopping/comments/abc/comment/gen_339/,,,Product uncertainty,,1.0,en,YES,YES,YES,YES,YES
t1_gen_rd_342,Reddit,Reddit,2026-08-17 13:08:59,TrendSetter,,So I was trying to buy some clothes on Myntra and I have 30 items in my wishlist but never checkout. I have a lot of items in my wishlist but the price keeps changing. Let me know if you faced similar issues!,,https://reddit.com/r/shopping/comments/abc/comment/gen_342/,,,Purchase barrier,,25.0,en,YES,YES,YES,YES,YES
t1_gen_rd_343,Reddit,Reddit,2026-08-21 13:08:59,TrendSetter,,Need some advice on online shopping: buying western wear online in India is such a headache. Sizing variation across different brands makes it impossible to decide. Any recommendations on what I should do?,,https://reddit.com/r/shopping/comments/abc/comment/gen_343/,,,Product uncertainty,,120.0,en,YES,UNCERTAIN,UNCERTAIN,YES,YES
t1_gen_rd_344,Reddit,Reddit,2026-08-06 13:08:59,KurtiQueen,,"Hey everyone, I have 30 items in my wishlist but never checkout. The return pickup driver refused it because of a slight tag fold. Is Ajio better for fit accuracy?",,https://reddit.com/r/shopping/comments/abc/comment/gen_344/,,,Product uncertainty,,61.0,en,YES,UNCERTAIN,YES,YES,YES
t1_gen_rd_347,Reddit,Reddit,2026-08-20 13:08:59,RetailTherapy,,"Hey everyone, sizing charts for Mast & Harbour are completely wrong. I have a lot of items in my wishlist but the price keeps changing. Should I buy size M or just go one size larger?",,https://reddit.com/r/shopping/comments/abc/comment/gen_347/,,,Product uncertainty,,41.0,en,YES,NO,YES,YES,YES
t1_gen_rd_348,Reddit,Reddit,2026-05-29 13:08:59,DenimLover,,"Just a heads up guys, I have 30 items in my wishlist but never checkout. The size chart says M but reviews say it fits like XS. Is this item actually worth the price?",,https://reddit.com/r/shopping/comments/abc/comment/gen_348/,,,Product uncertainty,,101.0,en,YES,NO,YES,YES,YES
yt_c_9,YouTube,YouTube,2026-06-07 18:38:59,Rohit Fashion,Honest Myntra Try-On Haul,"Great video, thanks for sharing. I wishlisted the top but size S got sold out instantly. I keep wishlist items for months waiting for a sale. Should I get M or L size?",,https://youtube.com/watch?v=yt_vid_gen_9,,yt_vid_851,Wishlist / save intent,,80.0,en,YES,NO,YES,YES,YES
yt_c_13,YouTube,YouTube,2026-06-12 18:38:59,Rohit Fashion,Myntra Summer Dress Haul under 999,"Loved the styling suggestions here, The pricing of the ethnic wear changed twice during the video. I keep wishlist items for months waiting for a sale. Hope they restock the medium size soon.",,https://youtube.com/watch?v=yt_vid_gen_13,,yt_vid_958,Wishlist / save intent,,51.0,en,YES,NO,YES,YES,YES
yt_c_14,YouTube,YouTube,2026-07-10 18:38:59,Tanya Lifestyle,Myntra Kurta Review,"Nice collection, really liked the styles. I wishlisted the top but size S got sold out instantly. I have fit confidence issues so I hesitate to buy. Keep doing these honest hauls!",,https://youtube.com/watch?v=yt_vid_gen_14,,yt_vid_218,Product uncertainty,,113.0,en,YES,NO,YES,YES,YES
yt_c_20,YouTube,YouTube,2026-07-29 18:38:59,Rohit Fashion,Myntra Summer Dress Haul under 999,Love the try-on haul! I wishlisted the top but size S got sold out instantly. I have fit confidence issues so I hesitate to buy. Which is your favorite among these?,,https://youtube.com/watch?v=yt_vid_gen_20,,yt_vid_673,Product uncertainty,,144.0,en,YES,NO,YES,YES,YES
yt_c_22,YouTube,YouTube,2026-05-27 18:38:59,StyleWithMe,Roadster vs Mast & Harbour Jeans,Love the try-on haul! I wishlisted the top but size S got sold out instantly. I keep wishlist items for months waiting for a sale. Keep doing these honest hauls!,,https://youtube.com/watch?v=yt_vid_gen_22,,yt_vid_850,Wishlist / save intent,,1.0,en,YES,NO,YES,YES,YES
yt_c_23,YouTube,YouTube,2026-06-21 18:38:59,Rohit Fashion,Roadster vs Mast & Harbour Jeans,"Honest review as always, thank you! I wishlisted the top but size S got sold out instantly. I have fit confidence issues so I hesitate to buy. Subscribed for more try-on reviews.",,https://youtube.com/watch?v=yt_vid_gen_23,,yt_vid_474,Product uncertainty,,140.0,en,YES,NO,YES,YES,YES
yt_c_26,YouTube,YouTube,2026-06-19 18:38:59,Sania Vlogs,Myntra Kurta Review,Love the try-on haul! But Myntra's delivery for the blazer is taking too long. I keep wishlist items for months waiting for a sale. Should I get M or L size?,,https://youtube.com/watch?v=yt_vid_gen_26,,yt_vid_923,Wishlist / save intent,,118.0,en,YES,YES,YES,YES,YES
yt_c_34,YouTube,YouTube,2026-08-09 18:38:59,Sania Vlogs,Myntra Summer Dress Haul under 999,"Super helpful Myntra haul! I wishlisted the top but size S got sold out instantly. Usually this brand runs small, did you size up? Should I get M or L size?",,https://youtube.com/watch?v=yt_vid_gen_34,,yt_vid_873,Wishlist / save intent,,65.0,en,YES,YES,YES,YES,YES
yt_c_35,YouTube,YouTube,2026-06-04 18:38:59,Tanya Lifestyle,Honest Myntra Try-On Haul,Super helpful Myntra haul! But Myntra's delivery for the blazer is taking too long. I keep wishlist items for months waiting for a sale. Should I get M or L size?,,https://youtube.com/watch?v=yt_vid_gen_35,,yt_vid_125,Wishlist / save intent,,62.0,en,YES,YES,YES,YES,YES
yt_c_37,YouTube,YouTube,2026-07-19 18:38:59,Sania Vlogs,Myntra Kurta Review,"Nice collection, really liked the styles. I wishlisted the top but size S got sold out instantly. I have fit confidence issues so I hesitate to buy. Can you link the blue outfit?",,https://youtube.com/watch?v=yt_vid_gen_37,,yt_vid_464,Product uncertainty,,100.0,en,YES,NO,YES,YES,YES
yt_c_45,YouTube,YouTube,2026-07-25 18:38:59,Sania Vlogs,Myntra Kurta Review,Love the try-on haul! I wishlisted the top but size S got sold out instantly. Is it pure cotton fabric or a polyester blend? Keep doing these honest hauls!,,https://youtube.com/watch?v=yt_vid_gen_45,,yt_vid_680,Wishlist / save intent,,121.0,en,YES,NO,YES,YES,YES
yt_c_49,YouTube,YouTube,2026-06-13 18:38:59,Indian Fashion Diaries,Honest Myntra Try-On Haul,"Honest review as always, thank you! I wishlisted the top but size S got sold out instantly. The sizing chart was confusing when I checked the app. Keep doing these honest hauls!",,https://youtube.com/watch?v=yt_vid_gen_49,,yt_vid_296,Product uncertainty,,10.0,en,YES,NO,YES,YES,YES
yt_c_53,YouTube,YouTube,2026-06-04 18:38:59,Indian Fashion Diaries,Roadster vs Mast & Harbour Jeans,"Great video, thanks for sharing. I wishlisted the top but size S got sold out instantly. Ajio has better quality but slower returns process. Subscribed for more try-on reviews.",,https://youtube.com/watch?v=yt_vid_gen_53,,yt_vid_808,Wishlist / save intent,,126.0,en,YES,UNCERTAIN,YES,YES,YES
yt_c_54,YouTube,YouTube,2026-06-29 18:38:59,StyleWithMe,Honest Myntra Try-On Haul,"Nice collection, really liked the styles. I wishlisted the top but size S got sold out instantly. Usually this brand runs small, did you size up? Should I get M or L size?",,https://youtube.com/watch?v=yt_vid_gen_54,,yt_vid_870,Wishlist / save intent,,68.0,en,YES,NO,YES,YES,YES
yt_c_61,YouTube,YouTube,2026-07-12 18:38:59,StyleWithMe,Myntra Kurta Review,"Nice collection, really liked the styles. I wishlisted the top but size S got sold out instantly. Ajio has better quality but slower returns process. Hope they restock the medium size soon.",,https://youtube.com/watch?v=yt_vid_gen_61,,yt_vid_749,Wishlist / save intent,,3.0,en,YES,UNCERTAIN,YES,YES,YES
yt_c_63,YouTube,YouTube,2026-06-27 18:38:59,Sania Vlogs,Honest Myntra Try-On Haul,"Nice collection, really liked the styles. However, is the Mast & Harbour dress fabric transparent? I keep wishlist items for months waiting for a sale. Hope they restock the medium size soon.",,https://youtube.com/watch?v=yt_vid_gen_63,,yt_vid_565,Wishlist / save intent,,146.0,en,YES,NO,YES,YES,YES
yt_c_67,YouTube,YouTube,2026-07-31 18:38:59,Indian Fashion Diaries,Myntra Summer Dress Haul under 999,"Honest review as always, thank you! I wishlisted the top but size S got sold out instantly. The sizing chart was confusing when I checked the app. Hope they restock the medium size soon.",,https://youtube.com/watch?v=yt_vid_gen_67,,yt_vid_885,Product uncertainty,,58.0,en,YES,NO,YES,YES,YES
yt_c_80,YouTube,YouTube,2026-06-02 18:38:59,StyleWithMe,Roadster vs Mast & Harbour Jeans,"Great video, thanks for sharing. Though the reviews for Here&Now jeans say color fades. I keep wishlist items for months waiting for a sale. Can you link the blue outfit?",,https://youtube.com/watch?v=yt_vid_gen_80,,yt_vid_917,Product uncertainty,,93.0,en,YES,NO,YES,YES,YES
yt_c_82,YouTube,YouTube,2026-07-08 18:38:59,Rohit Fashion,Myntra Summer Dress Haul under 999,Love the try-on haul! I wishlisted the top but size S got sold out instantly. The sizing chart was confusing when I checked the app. Subscribed for more try-on reviews.,,https://youtube.com/watch?v=yt_vid_gen_82,,yt_vid_662,Product uncertainty,,111.0,en,YES,NO,YES,YES,YES
yt_c_86,YouTube,YouTube,2026-06-24 18:38:59,Rohit Fashion,Myntra Summer Dress Haul under 999,Love the try-on haul! I wishlisted the top but size S got sold out instantly. I keep wishlist items for months waiting for a sale. Can you link the blue outfit?,,https://youtube.com/watch?v=yt_vid_gen_86,,yt_vid_605,Product uncertainty,,44.0,en,YES,NO,YES,YES,YES
yt_c_88,YouTube,YouTube,2026-06-10 18:38:59,Sania Vlogs,Myntra Summer Dress Haul under 999,"Super helpful Myntra haul! However, is the Mast & Harbour dress fabric transparent? I keep wishlist items for months waiting for a sale. Can you link the blue outfit?",,https://youtube.com/watch?v=yt_vid_gen_88,,yt_vid_475,Product uncertainty,,4.0,en,YES,YES,YES,YES,YES
yt_c_89,YouTube,YouTube,2026-07-05 18:38:59,Rohit Fashion,Myntra Kurta Review,"Great video, thanks for sharing. I wishlisted the top but size S got sold out instantly. The sizing chart was confusing when I checked the app. Keep doing these honest hauls!",,https://youtube.com/watch?v=yt_vid_gen_89,,yt_vid_158,Product uncertainty,,43.0,en,YES,NO,YES,YES,YES
yt_c_90,YouTube,YouTube,2026-07-23 18:38:59,Tanya Lifestyle,Roadster vs Mast & Harbour Jeans,"Honest review as always, thank you! I wishlisted the top but size S got sold out instantly. Usually this brand runs small, did you size up? Should I get M or L size?",,https://youtube.com/watch?v=yt_vid_gen_90,,yt_vid_576,Wishlist / save intent,,113.0,en,YES,NO,YES,YES,YES
yt_c_100,YouTube,YouTube,2026-06-07 18:38:59,Sania Vlogs,Roadster vs Mast & Harbour Jeans,"Loved the styling suggestions here, I wishlisted the top but size S got sold out instantly. I keep wishlist items for months waiting for a sale. Keep doing these honest hauls!",,https://youtube.com/watch?v=yt_vid_gen_100,,yt_vid_125,Wishlist / save intent,,2.0,en,YES,NO,YES,YES,YES
yt_c_106,YouTube,YouTube,2026-07-22 18:38:59,Rohit Fashion,Myntra Kurta Review,Love the try-on haul! Though the reviews for Here&Now jeans say color fades. I keep wishlist items for months waiting for a sale. Can you link the blue outfit?,,https://youtube.com/watch?v=yt_vid_gen_106,,yt_vid_189,Product uncertainty,,5.0,en,YES,NO,YES,YES,YES
yt_c_107,YouTube,YouTube,2026-07-02 18:38:59,Sania Vlogs,Roadster vs Mast & Harbour Jeans,Love the try-on haul! I wishlisted the top but size S got sold out instantly. Ajio has better quality but slower returns process. Subscribed for more try-on reviews.,,https://youtube.com/watch?v=yt_vid_gen_107,,yt_vid_108,Wishlist / save intent,,54.0,en,YES,UNCERTAIN,YES,YES,YES
yt_c_116,YouTube,YouTube,2026-08-19 18:38:59,Tanya Lifestyle,Myntra Summer Dress Haul under 999,Love the try-on haul! I wishlisted the top but size S got sold out instantly. I keep wishlist items for months waiting for a sale. Which is your favorite among these?,,https://youtube.com/watch?v=yt_vid_gen_116,,yt_vid_300,Wishlist / save intent,,81.0,en,YES,NO,YES,YES,YES
yt_c_118,YouTube,YouTube,2026-06-11 18:38:59,Rohit Fashion,Roadster vs Mast & Harbour Jeans,"Honest review as always, thank you! I wishlisted the top but size S got sold out instantly. The sizing chart was confusing when I checked the app. Subscribed for more try-on reviews.",,https://youtube.com/watch?v=yt_vid_gen_118,,yt_vid_109,Product uncertainty,,143.0,en,YES,NO,YES,YES,YES
yt_c_120,YouTube,YouTube,2026-08-08 18:38:59,Indian Fashion Diaries,Honest Myntra Try-On Haul,Super helpful Myntra haul! I wishlisted the top but size S got sold out instantly. I keep wishlist items for months waiting for a sale. Subscribed for more try-on reviews.,,https://youtube.com/watch?v=yt_vid_gen_120,,yt_vid_474,Wishlist / save intent,,149.0,en,YES,YES,YES,YES,YES
yt_c_127,YouTube,YouTube,2026-06-03 18:38:59,Indian Fashion Diaries,Myntra Kurta Review,"Super helpful Myntra haul! I wishlisted the top but size S got sold out instantly. Usually this brand runs small, did you size up? Subscribed for more try-on reviews.",,https://youtube.com/watch?v=yt_vid_gen_127,,yt_vid_929,Wishlist / save intent,,150.0,en,YES,YES,YES,YES,YES
yt_c_128,YouTube,YouTube,2026-07-15 18:38:59,Tanya Lifestyle,Myntra Kurta Review,Super helpful Myntra haul! I wishlisted the top but size S got sold out instantly. Is it pure cotton fabric or a polyester blend? Which is your favorite among these?,,https://youtube.com/watch?v=yt_vid_gen_128,,yt_vid_297,Wishlist / save intent,,78.0,en,YES,YES,YES,YES,YES
yt_c_129,YouTube,YouTube,2026-07-13 18:38:59,StyleWithMe,Myntra Kurta Review,Super helpful Myntra haul! But Myntra's delivery for the blazer is taking too long. I keep wishlist items for months waiting for a sale. Can you link the blue outfit?,,https://youtube.com/watch?v=yt_vid_gen_129,,yt_vid_357,Product uncertainty,,43.0,en,YES,YES,YES,YES,YES
yt_c_132,YouTube,YouTube,2026-06-26 18:38:59,Tanya Lifestyle,Myntra Summer Dress Haul under 999,"Loved the styling suggestions here, I wishlisted the top but size S got sold out instantly. I have fit confidence issues so I hesitate to buy. Which is your favorite among these?",,https://youtube.com/watch?v=yt_vid_gen_132,,yt_vid_947,Product uncertainty,,39.0,en,YES,NO,YES,YES,YES
yt_c_139,YouTube,YouTube,2026-06-23 18:38:59,Sania Vlogs,Honest Myntra Try-On Haul,"Super helpful Myntra haul! However, is the Mast & Harbour dress fabric transparent? I keep wishlist items for months waiting for a sale. Hope they restock the medium size soon.",,https://youtube.com/watch?v=yt_vid_gen_139,,yt_vid_349,Wishlist / save intent,,70.0,en,YES,YES,YES,YES,YES
yt_c_142,YouTube,YouTube,2026-06-22 18:38:59,StyleWithMe,Roadster vs Mast & Harbour Jeans,Love the try-on haul! I wishlisted the top but size S got sold out instantly. Ajio has better quality but slower returns process. Keep doing these honest hauls!,,https://youtube.com/watch?v=yt_vid_gen_142,,yt_vid_250,Wishlist / save intent,,101.0,en,YES,UNCERTAIN,YES,YES,YES
yt_c_146,YouTube,YouTube,2026-06-06 18:38:59,Rohit Fashion,Myntra Kurta Review,"Great video, thanks for sharing. I wishlisted the top but size S got sold out instantly. Ajio has better quality but slower returns process. Can you link the blue outfit?",,https://youtube.com/watch?v=yt_vid_gen_146,,yt_vid_838,Product uncertainty,,31.0,en,YES,UNCERTAIN,YES,YES,YES
yt_c_148,YouTube,YouTube,2026-06-21 18:38:59,StyleWithMe,Myntra Kurta Review,Love the try-on haul! Though the reviews for Here&Now jeans say color fades. I keep wishlist items for months waiting for a sale. Should I get M or L size?,,https://youtube.com/watch?v=yt_vid_gen_148,,yt_vid_566,Wishlist / save intent,,17.0,en,YES,NO,YES,YES,YES
yt_c_152,YouTube,YouTube,2026-05-26 18:38:59,Sania Vlogs,Myntra Summer Dress Haul under 999,"Great video, thanks for sharing. However, is the Mast & Harbour dress fabric transparent? I keep wishlist items for months waiting for a sale. Can you link the blue outfit?",,https://youtube.com/watch?v=yt_vid_gen_152,,yt_vid_823,Product uncertainty,,141.0,en,YES,NO,YES,YES,YES
yt_c_156,YouTube,YouTube,2026-07-27 18:38:59,Rohit Fashion,Honest Myntra Try-On Haul,"Great video, thanks for sharing. I wishlisted the top but size S got sold out instantly. Usually this brand runs small, did you size up? Should I get M or L size?",,https://youtube.com/watch?v=yt_vid_gen_156,,yt_vid_799,Wishlist / save intent,,79.0,en,YES,NO,YES,YES,YES
yt_c_168,YouTube,YouTube,2026-06-05 18:38:59,Sania Vlogs,Myntra Kurta Review,Love the try-on haul! I wishlisted the top but size S got sold out instantly. Ajio has better quality but slower returns process. Should I get M or L size?,,https://youtube.com/watch?v=yt_vid_gen_168,,yt_vid_781,Wishlist / save intent,,39.0,en,YES,UNCERTAIN,YES,YES,YES
yt_c_176,YouTube,YouTube,2026-07-31 18:38:59,StyleWithMe,Myntra Summer Dress Haul under 999,"Nice collection, really liked the styles. The pricing of the ethnic wear changed twice during the video. I keep wishlist items for months waiting for a sale. Should I get M or L size?",,https://youtube.com/watch?v=yt_vid_gen_176,,yt_vid_950,Wishlist / save intent,,68.0,en,YES,NO,YES,YES,YES
yt_c_187,YouTube,YouTube,2026-08-17 18:38:59,Indian Fashion Diaries,Myntra Kurta Review,"Great video, thanks for sharing. I wishlisted the top but size S got sold out instantly. Usually this brand runs small, did you size up? Hope they restock the medium size soon.",,https://youtube.com/watch?v=yt_vid_gen_187,,yt_vid_833,Wishlist / save intent,,2.0,en,YES,NO,YES,YES,YES
yt_c_198,YouTube,YouTube,2026-07-10 18:38:59,Rohit Fashion,Myntra Summer Dress Haul under 999,"Nice collection, really liked the styles. However, is the Mast & Harbour dress fabric transparent? I keep wishlist items for months waiting for a sale. Should I get M or L size?",,https://youtube.com/watch?v=yt_vid_gen_198,,yt_vid_175,Wishlist / save intent,,28.0,en,YES,NO,YES,YES,YES
yt_c_200,YouTube,YouTube,2026-08-06 18:38:59,Sania Vlogs,Honest Myntra Try-On Haul,"Honest review as always, thank you! I wishlisted the top but size S got sold out instantly. I keep wishlist items for months waiting for a sale. Subscribed for more try-on reviews.",,https://youtube.com/watch?v=yt_vid_gen_200,,yt_vid_162,Wishlist / save intent,,26.0,en,YES,NO,YES,YES,YES
yt_c_201,YouTube,YouTube,2026-08-09 18:38:59,Sania Vlogs,Myntra Kurta Review,"Nice collection, really liked the styles. I wishlisted the top but size S got sold out instantly. Ajio has better quality but slower returns process. Keep doing these honest hauls!",,https://youtube.com/watch?v=yt_vid_gen_201,,yt_vid_134,Wishlist / save intent,,55.0,en,YES,UNCERTAIN,YES,YES,YES
yt_c_207,YouTube,YouTube,2026-07-22 18:38:59,Rohit Fashion,Myntra Kurta Review,"Nice collection, really liked the styles. I wishlisted the top but size S got sold out instantly. Is it pure cotton fabric or a polyester blend? Keep doing these honest hauls!",,https://youtube.com/watch?v=yt_vid_gen_207,,yt_vid_368,Wishlist / save intent,,104.0,en,YES,NO,YES,YES,YES
yt_c_208,YouTube,YouTube,2026-06-14 18:38:59,Tanya Lifestyle,Myntra Kurta Review,"Nice collection, really liked the styles. I wishlisted the top but size S got sold out instantly. Usually this brand runs small, did you size up? Hope they restock the medium size soon.",,https://youtube.com/watch?v=yt_vid_gen_208,,yt_vid_605,Wishlist / save intent,,71.0,en,YES,NO,YES,YES,YES
yt_c_213,YouTube,YouTube,2026-06-24 18:38:59,Tanya Lifestyle,Roadster vs Mast & Harbour Jeans,Super helpful Myntra haul! I wishlisted the top but size S got sold out instantly. The sizing chart was confusing when I checked the app. Hope they restock the medium size soon.,,https://youtube.com/watch?v=yt_vid_gen_213,,yt_vid_360,Product uncertainty,,64.0,en,YES,YES,YES,YES,YES
yt_c_214,YouTube,YouTube,2026-07-08 18:38:59,StyleWithMe,Honest Myntra Try-On Haul,Love the try-on haul! I wishlisted the top but size S got sold out instantly. Is it pure cotton fabric or a polyester blend? Subscribed for more try-on reviews.,,https://youtube.com/watch?v=yt_vid_gen_214,,yt_vid_286,Wishlist / save intent,,61.0,en,YES,NO,YES,YES,YES
yt_c_215,YouTube,YouTube,2026-08-18 18:38:59,Sania Vlogs,Myntra Kurta Review,Love the try-on haul! I wishlisted the top but size S got sold out instantly. I keep wishlist items for months waiting for a sale. Hope they restock the medium size soon.,,https://youtube.com/watch?v=yt_vid_gen_215,,yt_vid_832,Wishlist / save intent,,14.0,en,YES,NO,YES,YES,YES
yt_c_219,YouTube,YouTube,2026-07-24 18:38:59,Tanya Lifestyle,Myntra Summer Dress Haul under 999,"Loved the styling suggestions here, I wishlisted the top but size S got sold out instantly. Is it pure cotton fabric or a polyester blend? Can you link the blue outfit?",,https://youtube.com/watch?v=yt_vid_gen_219,,yt_vid_627,Product uncertainty,,150.0,en,YES,NO,YES,YES,YES
yt_c_220,YouTube,YouTube,2026-06-25 18:38:59,Sania Vlogs,Honest Myntra Try-On Haul,"Honest review as always, thank you! I wishlisted the top but size S got sold out instantly. Usually this brand runs small, did you size up? Can you link the blue outfit?",,https://youtube.com/watch?v=yt_vid_gen_220,,yt_vid_205,Product uncertainty,,29.0,en,YES,NO,YES,YES,YES
yt_c_223,YouTube,YouTube,2026-05-27 18:38:59,Sania Vlogs,Myntra Summer Dress Haul under 999,"Love the try-on haul! I wishlisted the top but size S got sold out instantly. Usually this brand runs small, did you size up? Keep doing these honest hauls!",,https://youtube.com/watch?v=yt_vid_gen_223,,yt_vid_137,Wishlist / save intent,,127.0,en,YES,NO,YES,YES,YES
yt_c_224,YouTube,YouTube,2026-08-17 18:38:59,StyleWithMe,Myntra Summer Dress Haul under 999,Super helpful Myntra haul! I wishlisted the top but size S got sold out instantly. Is it pure cotton fabric or a polyester blend? Can you link the blue outfit?,,https://youtube.com/watch?v=yt_vid_gen_224,,yt_vid_935,Product uncertainty,,61.0,en,YES,YES,YES,YES,YES
yt_c_225,YouTube,YouTube,2026-07-26 18:38:59,Rohit Fashion,Myntra Summer Dress Haul under 999,"Great video, thanks for sharing. I wishlisted the top but size S got sold out instantly. Is it pure cotton fabric or a polyester blend? Can you link the blue outfit?",,https://youtube.com/watch?v=yt_vid_gen_225,,yt_vid_623,Product uncertainty,,32.0,en,YES,NO,YES,YES,YES
yt_c_227,YouTube,YouTube,2026-07-21 18:38:59,Sania Vlogs,Myntra Summer Dress Haul under 999,"Loved the styling suggestions here, I wishlisted the top but size S got sold out instantly. Is it pure cotton fabric or a polyester blend? Should I get M or L size?",,https://youtube.com/watch?v=yt_vid_gen_227,,yt_vid_779,Wishlist / save intent,,150.0,en,YES,NO,YES,YES,YES
yt_c_231,YouTube,YouTube,2026-06-06 18:38:59,Sania Vlogs,Myntra Summer Dress Haul under 999,"Loved the styling suggestions here, The pricing of the ethnic wear changed twice during the video. I keep wishlist items for months waiting for a sale. Can you link the blue outfit?",,https://youtube.com/watch?v=yt_vid_gen_231,,yt_vid_900,Product uncertainty,,98.0,en,YES,NO,YES,YES,YES
yt_c_235,YouTube,YouTube,2026-08-16 18:38:59,Indian Fashion Diaries,Myntra Kurta Review,"Great video, thanks for sharing. I wishlisted the top but size S got sold out instantly. I keep wishlist items for months waiting for a sale. Subscribed for more try-on reviews.",,https://youtube.com/watch?v=yt_vid_gen_235,,yt_vid_673,Wishlist / save intent,,43.0,en,YES,NO,YES,YES,YES
yt_c_236,YouTube,YouTube,2026-05-27 18:38:59,Sania Vlogs,Honest Myntra Try-On Haul,"Nice collection, really liked the styles. I wishlisted the top but size S got sold out instantly. The sizing chart was confusing when I checked the app. Can you link the blue outfit?",,https://youtube.com/watch?v=yt_vid_gen_236,,yt_vid_223,Product uncertainty,,68.0,en,YES,NO,YES,YES,YES
yt_c_237,YouTube,YouTube,2026-06-30 18:38:59,Tanya Lifestyle,Roadster vs Mast & Harbour Jeans,"Honest review as always, thank you! I wishlisted the top but size S got sold out instantly. Ajio has better quality but slower returns process. Keep doing these honest hauls!",,https://youtube.com/watch?v=yt_vid_gen_237,,yt_vid_153,Wishlist / save intent,,44.0,en,YES,UNCERTAIN,YES,YES,YES
yt_c_241,YouTube,YouTube,2026-08-01 18:38:59,Sania Vlogs,Honest Myntra Try-On Haul,"Honest review as always, thank you! I wishlisted the top but size S got sold out instantly. I keep wishlist items for months waiting for a sale. Which is your favorite among these?",,https://youtube.com/watch?v=yt_vid_gen_241,,yt_vid_332,Wishlist / save intent,,80.0,en,YES,NO,YES,YES,YES
yt_c_248,YouTube,YouTube,2026-06-03 18:38:59,Tanya Lifestyle,Myntra Kurta Review,Love the try-on haul! I wishlisted the top but size S got sold out instantly. I have fit confidence issues so I hesitate to buy. Hope they restock the medium size soon.,,https://youtube.com/watch?v=yt_vid_gen_248,,yt_vid_721,Product uncertainty,,123.0,en,YES,NO,YES,YES,YES
yt_c_266,YouTube,YouTube,2026-08-06 18:38:59,StyleWithMe,Honest Myntra Try-On Haul,Super helpful Myntra haul! I wishlisted the top but size S got sold out instantly. The sizing chart was confusing when I checked the app. Keep doing these honest hauls!,,https://youtube.com/watch?v=yt_vid_gen_266,,yt_vid_396,Product uncertainty,,82.0,en,YES,YES,YES,YES,YES
yt_c_268,YouTube,YouTube,2026-08-11 18:38:59,StyleWithMe,Myntra Summer Dress Haul under 999,"Love the try-on haul! I wishlisted the top but size S got sold out instantly. Usually this brand runs small, did you size up? Can you link the blue outfit?",,https://youtube.com/watch?v=yt_vid_gen_268,,yt_vid_300,Product uncertainty,,62.0,en,YES,NO,YES,YES,YES
yt_c_270,YouTube,YouTube,2026-06-09 18:38:59,Indian Fashion Diaries,Honest Myntra Try-On Haul,Love the try-on haul! I wishlisted the top but size S got sold out instantly. I have fit confidence issues so I hesitate to buy. Should I get M or L size?,,https://youtube.com/watch?v=yt_vid_gen_270,,yt_vid_216,Product uncertainty,,16.0,en,YES,NO,YES,YES,YES
yt_c_273,YouTube,YouTube,2026-07-06 18:38:59,StyleWithMe,Myntra Summer Dress Haul under 999,"Great video, thanks for sharing. I wishlisted the top but size S got sold out instantly. Usually this brand runs small, did you size up? Keep doing these honest hauls!",,https://youtube.com/watch?v=yt_vid_gen_273,,yt_vid_405,Wishlist / save intent,,48.0,en,YES,NO,YES,YES,YES
yt_c_274,YouTube,YouTube,2026-08-03 18:38:59,Sania Vlogs,Roadster vs Mast & Harbour Jeans,"Super helpful Myntra haul! I wishlisted the top but size S got sold out instantly. Usually this brand runs small, did you size up? Can you link the blue outfit?",,https://youtube.com/watch?v=yt_vid_gen_274,,yt_vid_936,Product uncertainty,,7.0,en,YES,YES,YES,YES,YES
yt_c_280,YouTube,YouTube,2026-06-15 18:38:59,Sania Vlogs,Honest Myntra Try-On Haul,"Honest review as always, thank you! But Myntra's delivery for the blazer is taking too long. I keep wishlist items for months waiting for a sale. Hope they restock the medium size soon.",,https://youtube.com/watch?v=yt_vid_gen_280,,yt_vid_933,Wishlist / save intent,,105.0,en,YES,YES,YES,YES,YES
yt_c_291,YouTube,YouTube,2026-06-21 18:38:59,Rohit Fashion,Honest Myntra Try-On Haul,"Nice collection, really liked the styles. I wishlisted the top but size S got sold out instantly. The sizing chart was confusing when I checked the app. Which is your favorite among these?",,https://youtube.com/watch?v=yt_vid_gen_291,,yt_vid_991,Product uncertainty,,34.0,en,YES,NO,YES,YES,YES
yt_c_293,YouTube,YouTube,2026-07-28 18:38:59,StyleWithMe,Roadster vs Mast & Harbour Jeans,"Great video, thanks for sharing. I wishlisted the top but size S got sold out instantly. Is it pure cotton fabric or a polyester blend? Hope they restock the medium size soon.",,https://youtube.com/watch?v=yt_vid_gen_293,,yt_vid_733,Wishlist / save intent,,147.0,en,YES,NO,YES,YES,YES
yt_c_295,YouTube,YouTube,2026-08-09 18:38:59,StyleWithMe,Myntra Summer Dress Haul under 999,"Nice collection, really liked the styles. I wishlisted the top but size S got sold out instantly. I keep wishlist items for months waiting for a sale. Hope they restock the medium size soon.",,https://youtube.com/watch?v=yt_vid_gen_295,,yt_vid_672,Wishlist / save intent,,5.0,en,YES,NO,YES,YES,YES
yt_c_296,YouTube,YouTube,2026-08-02 18:38:59,Sania Vlogs,Myntra Summer Dress Haul under 999,"Honest review as always, thank you! But Myntra's delivery for the blazer is taking too long. I keep wishlist items for months waiting for a sale. Can you link the blue outfit?",,https://youtube.com/watch?v=yt_vid_gen_296,,yt_vid_785,Product uncertainty,,48.0,en,YES,YES,YES,YES,YES
yt_c_298,YouTube,YouTube,2026-07-01 18:38:59,Indian Fashion Diaries,Myntra Summer Dress Haul under 999,Super helpful Myntra haul! I wishlisted the top but size S got sold out instantly. Ajio has better quality but slower returns process. Should I get M or L size?,,https://youtube.com/watch?v=yt_vid_gen_298,,yt_vid_537,Wishlist / save intent,,84.0,en,YES,YES,YES,YES,YES
yt_c_300,YouTube,YouTube,2026-07-26 18:38:59,Sania Vlogs,Roadster vs Mast & Harbour Jeans,"Honest review as always, thank you! I wishlisted the top but size S got sold out instantly. I have fit confidence issues so I hesitate to buy. Keep doing these honest hauls!",,https://youtube.com/watch?v=yt_vid_gen_300,,yt_vid_448,Product uncertainty,,73.0,en,YES,NO,YES,YES,YES
yt_c_305,YouTube,YouTube,2026-07-09 18:38:59,StyleWithMe,Roadster vs Mast & Harbour Jeans,"Great video, thanks for sharing. I wishlisted the top but size S got sold out instantly. Ajio has better quality but slower returns process. Hope they restock the medium size soon.",,https://youtube.com/watch?v=yt_vid_gen_305,,yt_vid_711,Wishlist / save intent,,67.0,en,YES,UNCERTAIN,YES,YES,YES
yt_c_311,YouTube,YouTube,2026-05-31 18:38:59,Sania Vlogs,Roadster vs Mast & Harbour Jeans,"Honest review as always, thank you! The pricing of the ethnic wear changed twice during the video. I keep wishlist items for months waiting for a sale. Can you link the blue outfit?",,https://youtube.com/watch?v=yt_vid_gen_311,,yt_vid_681,Product uncertainty,,34.0,en,YES,NO,YES,YES,YES
yt_c_312,YouTube,YouTube,2026-08-03 18:38:59,StyleWithMe,Myntra Summer Dress Haul under 999,"Great video, thanks for sharing. I wishlisted the top but size S got sold out instantly. Usually this brand runs small, did you size up? Which is your favorite among these?",,https://youtube.com/watch?v=yt_vid_gen_312,,yt_vid_986,Wishlist / save intent,,4.0,en,YES,NO,YES,YES,YES
yt_c_313,YouTube,YouTube,2026-06-02 18:38:59,Sania Vlogs,Roadster vs Mast & Harbour Jeans,"Nice collection, really liked the styles. But Myntra's delivery for the blazer is taking too long. I keep wishlist items for months waiting for a sale. Should I get M or L size?",,https://youtube.com/watch?v=yt_vid_gen_313,,yt_vid_516,Wishlist / save intent,,147.0,en,YES,YES,YES,YES,YES
yt_c_318,YouTube,YouTube,2026-07-25 18:38:59,Rohit Fashion,Myntra Summer Dress Haul under 999,"Loved the styling suggestions here, I wishlisted the top but size S got sold out instantly. Usually this brand runs small, did you size up? Should I get M or L size?",,https://youtube.com/watch?v=yt_vid_gen_318,,yt_vid_714,Wishlist / save intent,,127.0,en,YES,NO,YES,YES,YES
yt_c_321,YouTube,YouTube,2026-07-17 18:38:59,Sania Vlogs,Honest Myntra Try-On Haul,"Loved the styling suggestions here, I wishlisted the top but size S got sold out instantly. I keep wishlist items for months waiting for a sale. Which is your favorite among these?",,https://youtube.com/watch?v=yt_vid_gen_321,,yt_vid_371,Wishlist / save intent,,149.0,en,YES,NO,YES,YES,YES
yt_c_322,YouTube,YouTube,2026-07-07 18:38:59,Rohit Fashion,Honest Myntra Try-On Haul,"Loved the styling suggestions here, However, is the Mast & Harbour dress fabric transparent? I keep wishlist items for months waiting for a sale. Should I get M or L size?",,https://youtube.com/watch?v=yt_vid_gen_322,,yt_vid_634,Wishlist / save intent,,63.0,en,YES,NO,YES,YES,YES
yt_c_327,YouTube,YouTube,2026-08-20 18:38:59,Indian Fashion Diaries,Honest Myntra Try-On Haul,"Honest review as always, thank you! But the sizing of the Roadster kurti at 6:59 seems off. I keep wishlist items for months waiting for a sale. Can you link the blue outfit?",,https://youtube.com/watch?v=yt_vid_gen_327,,yt_vid_415,Product uncertainty,,88.0,en,YES,NO,YES,YES,YES
yt_c_328,YouTube,YouTube,2026-06-17 18:38:59,Tanya Lifestyle,Roadster vs Mast & Harbour Jeans,Super helpful Myntra haul! I wishlisted the top but size S got sold out instantly. Ajio has better quality but slower returns process. Which is your favorite among these?,,https://youtube.com/watch?v=yt_vid_gen_328,,yt_vid_544,Wishlist / save intent,,73.0,en,YES,YES,YES,YES,YES
yt_c_333,YouTube,YouTube,2026-08-11 18:38:59,StyleWithMe,Myntra Kurta Review,"Loved the styling suggestions here, I wishlisted the top but size S got sold out instantly. The sizing chart was confusing when I checked the app. Subscribed for more try-on reviews.",,https://youtube.com/watch?v=yt_vid_gen_333,,yt_vid_789,Product uncertainty,,56.0,en,YES,NO,YES,YES,YES
yt_c_335,YouTube,YouTube,2026-07-17 18:38:59,Tanya Lifestyle,Myntra Summer Dress Haul under 999,"Loved the styling suggestions here, I wishlisted the top but size S got sold out instantly. Ajio has better quality but slower returns process. Which is your favorite among these?",,https://youtube.com/watch?v=yt_vid_gen_335,,yt_vid_178,Wishlist / save intent,,40.0,en,YES,UNCERTAIN,YES,YES,YES
yt_c_340,YouTube,YouTube,2026-05-29 18:38:59,Sania Vlogs,Myntra Kurta Review,"Honest review as always, thank you! I wishlisted the top but size S got sold out instantly. Ajio has better quality but slower returns process. Can you link the blue outfit?",,https://youtube.com/watch?v=yt_vid_gen_340,,yt_vid_607,Product uncertainty,,25.0,en,YES,UNCERTAIN,YES,YES,YES
yt_c_344,YouTube,YouTube,2026-07-08 18:38:59,Indian Fashion Diaries,Myntra Kurta Review,"Honest review as always, thank you! Though the reviews for Here&Now jeans say color fades. I keep wishlist items for months waiting for a sale. Can you link the blue outfit?",,https://youtube.com/watch?v=yt_vid_gen_344,,yt_vid_940,Product uncertainty,,74.0,en,YES,NO,YES,YES,YES
yt_c_345,YouTube,YouTube,2026-07-02 18:38:59,StyleWithMe,Myntra Kurta Review,"Honest review as always, thank you! I wishlisted the top but size S got sold out instantly. I keep wishlist items for months waiting for a sale. Should I get M or L size?",,https://youtube.com/watch?v=yt_vid_gen_345,,yt_vid_669,Wishlist / save intent,,57.0,en,YES,NO,YES,YES,YES
yt_c_348,YouTube,YouTube,2026-08-10 18:38:59,StyleWithMe,Myntra Summer Dress Haul under 999,"Loved the styling suggestions here, I wishlisted the top but size S got sold out instantly. Usually this brand runs small, did you size up? Can you link the blue outfit?",,https://youtube.com/watch?v=yt_vid_gen_348,,yt_vid_699,Product uncertainty,,62.0,en,YES,NO,YES,YES,YES
yt_c_350,YouTube,YouTube,2026-06-17 18:38:59,Indian Fashion Diaries,Myntra Summer Dress Haul under 999,Super helpful Myntra haul! I wishlisted the top but size S got sold out instantly. I keep wishlist items for months waiting for a sale. Can you link the blue outfit?,,https://youtube.com/watch?v=yt_vid_gen_350,,yt_vid_718,Product uncertainty,,10.0,en,YES,YES,YES,YES,YES
yt_c_354,YouTube,YouTube,2026-07-10 18:38:59,StyleWithMe,Myntra Summer Dress Haul under 999,"Love the try-on haul! However, is the Mast & Harbour dress fabric transparent? I keep wishlist items for months waiting for a sale. Hope they restock the medium size soon.",,https://youtube.com/watch?v=yt_vid_gen_354,,yt_vid_987,Wishlist / save intent,,49.0,en,YES,NO,YES,YES,YES
yt_c_355,YouTube,YouTube,2026-06-27 18:38:59,Indian Fashion Diaries,Myntra Kurta Review,"Loved the styling suggestions here, I wishlisted the top but size S got sold out instantly. I have fit confidence issues so I hesitate to buy. Hope they restock the medium size soon.",,https://youtube.com/watch?v=yt_vid_gen_355,,yt_vid_217,Product uncertainty,,51.0,en,YES,NO,YES,YES,YES
yt_c_362,YouTube,YouTube,2026-06-07 18:38:59,StyleWithMe,Myntra Summer Dress Haul under 999,"Nice collection, really liked the styles. The pricing of the ethnic wear changed twice during the video. I keep wishlist items for months waiting for a sale. Can you link the blue outfit?",,https://youtube.com/watch?v=yt_vid_gen_362,,yt_vid_826,Product uncertainty,,108.0,en,YES,NO,YES,YES,YES
yt_c_365,YouTube,YouTube,2026-06-04 18:38:59,Indian Fashion Diaries,Honest Myntra Try-On Haul,"Love the try-on haul! I wishlisted the top but size S got sold out instantly. Usually this brand runs small, did you size up? Which is your favorite among these?",,https://youtube.com/watch?v=yt_vid_gen_365,,yt_vid_780,Wishlist / save intent,,135.0,en,YES,NO,YES,YES,YES
yt_c_376,YouTube,YouTube,2026-05-31 18:38:59,Indian Fashion Diaries,Roadster vs Mast & Harbour Jeans,Super helpful Myntra haul! Though the reviews for Here&Now jeans say color fades. I keep wishlist items for months waiting for a sale. Can you link the blue outfit?,,https://youtube.com/watch?v=yt_vid_gen_376,,yt_vid_363,Product uncertainty,,84.0,en,YES,YES,YES,YES,YES
yt_c_377,YouTube,YouTube,2026-08-01 18:38:59,Sania Vlogs,Honest Myntra Try-On Haul,"Loved the styling suggestions here, I wishlisted the top but size S got sold out instantly. Is it pure cotton fabric or a polyester blend? Subscribed for more try-on reviews.",,https://youtube.com/watch?v=yt_vid_gen_377,,yt_vid_329,Wishlist / save intent,,143.0,en,YES,NO,YES,YES,YES
yt_c_381,YouTube,YouTube,2026-06-26 18:38:59,Rohit Fashion,Myntra Summer Dress Haul under 999,"Love the try-on haul! I wishlisted the top but size S got sold out instantly. Usually this brand runs small, did you size up? Should I get M or L size?",,https://youtube.com/watch?v=yt_vid_gen_381,,yt_vid_543,Wishlist / save intent,,150.0,en,YES,NO,YES,YES,YES
yt_c_384,YouTube,YouTube,2026-06-01 18:38:59,Tanya Lifestyle,Honest Myntra Try-On Haul,"Nice collection, really liked the styles. I wishlisted the top but size S got sold out instantly. Is it pure cotton fabric or a polyester blend? Should I get M or L size?",,https://youtube.com/watch?v=yt_vid_gen_384,,yt_vid_534,Wishlist / save intent,,108.0,en,YES,NO,YES,YES,YES
yt_c_392,YouTube,YouTube,2026-08-05 18:38:59,Sania Vlogs,Myntra Kurta Review,"Great video, thanks for sharing. I wishlisted the top but size S got sold out instantly. I have fit confidence issues so I hesitate to buy. Keep doing these honest hauls!",,https://youtube.com/watch?v=yt_vid_gen_392,,yt_vid_227,Product uncertainty,,16.0,en,YES,NO,YES,YES,YES
yt_c_398,YouTube,YouTube,2026-05-29 18:38:59,Tanya Lifestyle,Myntra Kurta Review,Love the try-on haul! I wishlisted the top but size S got sold out instantly. I have fit confidence issues so I hesitate to buy. Keep doing these honest hauls!,,https://youtube.com/watch?v=yt_vid_gen_398,,yt_vid_882,Product uncertainty,,42.0,en,YES,NO,YES,YES,YES
myntra_fallback_30,Myntra,Myntra,2026-06-25 18:38:59,,Extremely disappointing,Very bad fit of the Anouk Dresses. Color looks completely different than the picture. Wishlist item that turned out to be a disappointment.,1.0,https://myntra.com/product/gen_30,Anouk Dresses,p_id_98015,Product uncertainty,Anouk,,en,YES,NO,YES,YES,YES
myntra_fallback_31,Myntra,Myntra,2026-07-17 18:38:59,,Beautiful fit and quality,"Excellent quality for the Libas Tops. Perfect for wedding wear or festive occasions. Had it in wishlist for weeks, glad I bought it.",5.0,https://myntra.com/product/gen_31,Libas Tops,p_id_36892,Wishlist / save intent,Libas,,en,YES,NO,YES,YES,YES
myntra_fallback_40,Myntra,Myntra,2026-07-07 18:38:59,,Extremely disappointing,"Extremely poor experience with the H&M Jeans. Sizing chart was completely wrong, fits very tight. Wishlist item that turned out to be a disappointment.",2.0,https://myntra.com/product/gen_40,H&M Jeans,p_id_97103,Product uncertainty,H&M,,en,YES,NO,YES,YES,YES
myntra_fallback_52,Myntra,Myntra,2026-06-01 18:38:59,,Extremely disappointing,Average quality for this Roadster Sarees. Color looks completely different than the picture. Wishlist item that turned out to be a disappointment.,2.0,https://myntra.com/product/gen_52,Roadster Sarees,p_id_37231,Wishlist / save intent,Roadster,,en,YES,NO,YES,YES,YES
myntra_fallback_57,Myntra,Myntra,2026-06-07 18:38:59,,Extremely disappointing,Very bad fit of the Roadster Trousers. The material is very thin and transparent. Wishlist item that turned out to be a disappointment.,2.0,https://myntra.com/product/gen_57,Roadster Trousers,p_id_27174,Product uncertainty,Roadster,,en,YES,NO,YES,YES,YES
myntra_fallback_77,Myntra,Myntra,2026-07-09 18:38:59,,Extremely disappointing,"Okay product, but not great H&M Tops. Sizing chart was completely wrong, fits very tight. Wishlist item that turned out to be a disappointment.",1.0,https://myntra.com/product/gen_77,H&M Tops,p_id_47143,Product uncertainty,H&M,,en,YES,NO,YES,YES,YES
myntra_fallback_81,Myntra,Myntra,2026-08-04 18:38:59,,Beautiful fit and quality,"Highly recommend this Roadster Kurtas. True to size. Sizing fits me perfectly. Had it in wishlist for weeks, glad I bought it.",5.0,https://myntra.com/product/gen_81,Roadster Kurtas,p_id_74952,Product uncertainty,Roadster,,en,YES,NO,YES,YES,YES
myntra_fallback_95,Myntra,Myntra,2026-07-14 18:38:59,,Extremely disappointing,Very bad fit of the Libas Shoes. Stitching came loose after the first wash. Wishlist item that turned out to be a disappointment.,2.0,https://myntra.com/product/gen_95,Libas Shoes,p_id_66705,Product uncertainty,Libas,,en,YES,NO,YES,YES,YES
myntra_fallback_98,Myntra,Myntra,2026-07-26 18:38:59,,Beautiful fit and quality,"Great purchase of this W Sarees. No color bleeding after first wash. Had it in wishlist for weeks, glad I bought it.",4.0,https://myntra.com/product/gen_98,W Sarees,p_id_12766,Wishlist / save intent,W,,en,YES,NO,YES,YES,YES
myntra_fallback_104,Myntra,Myntra,2026-05-29 18:38:59,,Extremely disappointing,"Average quality for this Anouk Tops. Sizing chart was completely wrong, fits very tight. Wishlist item that turned out to be a disappointment.",2.0,https://myntra.com/product/gen_104,Anouk Tops,p_id_11725,Product uncertainty,Anouk,,en,YES,NO,YES,YES,YES
myntra_fallback_112,Myntra,Myntra,2026-06-06 18:38:59,,Extremely disappointing,"Disappointed with this W Tops. Sizing chart was completely wrong, fits very tight. Wishlist item that turned out to be a disappointment.",3.0,https://myntra.com/product/gen_112,W Tops,p_id_41786,Product uncertainty,W,,en,YES,NO,YES,YES,YES
myntra_fallback_113,Myntra,Myntra,2026-06-28 18:38:59,,Beautiful fit and quality,"Great purchase of this HRX Jeans. The color is exactly as shown in the catalog. Had it in wishlist for weeks, glad I bought it.",4.0,https://myntra.com/product/gen_113,HRX Jeans,p_id_91956,Wishlist / save intent,HRX,,en,YES,NO,YES,YES,YES
myntra_fallback_118,Myntra,Myntra,2026-06-22 18:38:59,,Extremely disappointing,Average quality for this Roadster Trousers. Stitching came loose after the first wash. Wishlist item that turned out to be a disappointment.,1.0,https://myntra.com/product/gen_118,Roadster Trousers,p_id_31575,Wishlist / save intent,Roadster,,en,UNCERTAIN,NO,YES,YES,YES
myntra_fallback_123,Myntra,Myntra,2026-07-02 18:38:59,,Beautiful fit and quality,"Great purchase of this Mast & Harbour Trousers. The fabric is thick, soft, and feels premium. Had it in wishlist for weeks, glad I bought it.",5.0,https://myntra.com/product/gen_123,Mast & Harbour Trousers,p_id_23130,Wishlist / save intent,Mast & Harbour,,en,YES,NO,YES,YES,YES
myntra_fallback_130,Myntra,Myntra,2026-07-18 18:38:59,,Beautiful fit and quality,"Great purchase of this HRX Shoes. True to size. Sizing fits me perfectly. Had it in wishlist for weeks, glad I bought it.",5.0,https://myntra.com/product/gen_130,HRX Shoes,p_id_89230,Product uncertainty,HRX,,en,YES,NO,YES,YES,YES
myntra_fallback_138,Myntra,Myntra,2026-07-17 18:38:59,,Beautiful fit and quality,"Excellent quality for the Zara Shirts. The fabric is thick, soft, and feels premium. Had it in wishlist for weeks, glad I bought it.",5.0,https://myntra.com/product/gen_138,Zara Shirts,p_id_76643,Wishlist / save intent,Zara,,en,YES,UNCERTAIN,YES,YES,YES
myntra_fallback_143,Myntra,Myntra,2026-07-17 18:38:59,,Beautiful fit and quality,"Superb fit and comfort for H&M T-shirts. The color is exactly as shown in the catalog. Had it in wishlist for weeks, glad I bought it.",5.0,https://myntra.com/product/gen_143,H&M T-shirts,p_id_99507,Product uncertainty,H&M,,en,YES,NO,YES,YES,YES
myntra_fallback_155,Myntra,Myntra,2026-08-19 18:38:59,,Extremely disappointing,Very bad fit of the Mast & Harbour Shirts. Color looks completely different than the picture. Wishlist item that turned out to be a disappointment.,3.0,https://myntra.com/product/gen_155,Mast & Harbour Shirts,p_id_29917,Product uncertainty,Mast & Harbour,,en,YES,NO,YES,YES,YES
myntra_fallback_165,Myntra,Myntra,2026-06-22 18:38:59,,Extremely disappointing,"Extremely poor experience with the Zara Sarees. Sizing chart was completely wrong, fits very tight. Wishlist item that turned out to be a disappointment.",3.0,https://myntra.com/product/gen_165,Zara Sarees,p_id_58092,Product uncertainty,Zara,,en,YES,UNCERTAIN,YES,YES,YES
myntra_fallback_202,Myntra,Myntra,2026-06-22 18:38:59,,Beautiful fit and quality,"Excellent quality for the Mast & Harbour Kurtas. The color is exactly as shown in the catalog. Had it in wishlist for weeks, glad I bought it.",5.0,https://myntra.com/product/gen_202,Mast & Harbour Kurtas,p_id_51065,Wishlist / save intent,Mast & Harbour,,en,YES,NO,YES,YES,YES
myntra_fallback_206,Myntra,Myntra,2026-06-30 18:38:59,,Beautiful fit and quality,"Highly recommend this HRX Dresses. True to size. Sizing fits me perfectly. Had it in wishlist for weeks, glad I bought it.",5.0,https://myntra.com/product/gen_206,HRX Dresses,p_id_48370,Product uncertainty,HRX,,en,YES,NO,YES,YES,YES
myntra_fallback_220,Myntra,Myntra,2026-08-22 18:38:59,,Extremely disappointing,Very bad fit of the Here&Now Sarees. Stitching came loose after the first wash. Wishlist item that turned out to be a disappointment.,3.0,https://myntra.com/product/gen_220,Here&Now Sarees,p_id_84619,Product uncertainty,Here&Now,,en,YES,NO,YES,YES,YES
myntra_fallback_228,Myntra,Myntra,2026-07-07 18:38:59,,Beautiful fit and quality,"Excellent quality for the Zara T-shirts. No color bleeding after first wash. Had it in wishlist for weeks, glad I bought it.",5.0,https://myntra.com/product/gen_228,Zara T-shirts,p_id_59936,Wishlist / save intent,Zara,,en,YES,UNCERTAIN,YES,YES,YES
myntra_fallback_229,Myntra,Myntra,2026-08-06 18:38:59,,Extremely disappointing,"Average quality for this HRX T-shirts. Sizing chart was completely wrong, fits very tight. Wishlist item that turned out to be a disappointment.",1.0,https://myntra.com/product/gen_229,HRX T-shirts,p_id_15688,Product uncertainty,HRX,,en,YES,NO,YES,YES,YES
myntra_fallback_237,Myntra,Myntra,2026-08-17 18:38:59,,Extremely disappointing,"Disappointed with this Zara Shoes. Sizing chart was completely wrong, fits very tight. Wishlist item that turned out to be a disappointment.",1.0,https://myntra.com/product/gen_237,Zara Shoes,p_id_18502,Product uncertainty,Zara,,en,YES,UNCERTAIN,YES,YES,YES
myntra_fallback_249,Myntra,Myntra,2026-07-25 18:38:59,,Beautiful fit and quality,"Great purchase of this Roadster Jeans. Perfect for wedding wear or festive occasions. Had it in wishlist for weeks, glad I bought it.",5.0,https://myntra.com/product/gen_249,Roadster Jeans,p_id_87631,Wishlist / save intent,Roadster,,en,YES,NO,YES,YES,YES
myntra_fallback_253,Myntra,Myntra,2026-08-06 18:38:59,,Beautiful fit and quality,"Very satisfied with this H&M Sarees. True to size. Sizing fits me perfectly. Had it in wishlist for weeks, glad I bought it.",5.0,https://myntra.com/product/gen_253,H&M Sarees,p_id_88083,Product uncertainty,H&M,,en,YES,NO,YES,YES,YES
myntra_fallback_280,Myntra,Myntra,2026-08-10 18:38:59,,Extremely disappointing,Very bad fit of the Anouk Jeans. Color looks completely different than the picture. Wishlist item that turned out to be a disappointment.,1.0,https://myntra.com/product/gen_280,Anouk Jeans,p_id_37234,Product uncertainty,Anouk,,en,YES,NO,YES,YES,YES
myntra_fallback_281,Myntra,Myntra,2026-07-31 18:38:59,,Beautiful fit and quality,"Excellent quality for the Roadster Jeans. Perfect for wedding wear or festive occasions. Had it in wishlist for weeks, glad I bought it.",4.0,https://myntra.com/product/gen_281,Roadster Jeans,p_id_11169,Wishlist / save intent,Roadster,,en,YES,NO,YES,YES,YES
myntra_fallback_289,Myntra,Myntra,2026-08-14 18:38:59,,Beautiful fit and quality,"Superb fit and comfort for Here&Now Jeans. The fabric is thick, soft, and feels premium. Had it in wishlist for weeks, glad I bought it.",5.0,https://myntra.com/product/gen_289,Here&Now Jeans,p_id_42363,Product uncertainty,Here&Now,,en,YES,NO,YES,YES,YES
myntra_fallback_290,Myntra,Myntra,2026-06-10 18:38:59,,Extremely disappointing,"Extremely poor experience with the Roadster Tops. Sizing chart was completely wrong, fits very tight. Wishlist item that turned out to be a disappointment.",1.0,https://myntra.com/product/gen_290,Roadster Tops,p_id_50522,Product uncertainty,Roadster,,en,YES,NO,YES,YES,YES
myntra_fallback_299,Myntra,Myntra,2026-06-22 18:38:59,,Extremely disappointing,"Average quality for this Here&Now Tops. Fabric feels rough and synthetic, not pure cotton. Wishlist item that turned out to be a disappointment.",1.0,https://myntra.com/product/gen_299,Here&Now Tops,p_id_24892,Wishlist / save intent,Here&Now,,en,YES,NO,YES,YES,YES
myntra_fallback_302,Myntra,Myntra,2026-07-18 18:38:59,,Extremely disappointing,Average quality for this W Shirts. Color looks completely different than the picture. Wishlist item that turned out to be a disappointment.,3.0,https://myntra.com/product/gen_302,W Shirts,p_id_41163,Wishlist / save intent,W,,en,YES,NO,YES,YES,YES
myntra_fallback_307,Myntra,Myntra,2026-07-25 18:38:59,,Extremely disappointing,Very bad fit of the Libas Shirts. The material is very thin and transparent. Wishlist item that turned out to be a disappointment.,1.0,https://myntra.com/product/gen_307,Libas Shirts,p_id_72094,Product uncertainty,Libas,,en,YES,NO,YES,YES,YES
myntra_fallback_311,Myntra,Myntra,2026-07-20 18:38:59,,Extremely disappointing,Average quality for this Here&Now Sarees. The material is very thin and transparent. Wishlist item that turned out to be a disappointment.,1.0,https://myntra.com/product/gen_311,Here&Now Sarees,p_id_68269,Wishlist / save intent,Here&Now,,en,YES,NO,YES,YES,YES
myntra_fallback_327,Myntra,Myntra,2026-08-10 18:38:59,,Beautiful fit and quality,"Excellent quality for the HRX Shoes. The color is exactly as shown in the catalog. Had it in wishlist for weeks, glad I bought it.",5.0,https://myntra.com/product/gen_327,HRX Shoes,p_id_51939,Wishlist / save intent,HRX,,en,YES,NO,YES,YES,YES
myntra_fallback_345,Myntra,Myntra,2026-07-18 18:38:59,,Extremely disappointing,Very bad fit of the Libas Jeans. Stitching came loose after the first wash. Wishlist item that turned out to be a disappointment.,1.0,https://myntra.com/product/gen_345,Libas Jeans,p_id_76010,Product uncertainty,Libas,,en,YES,NO,YES,YES,YES
myntra_fallback_348,Myntra,Myntra,2026-08-13 18:38:59,,Beautiful fit and quality,"Great purchase of this Zara Kurtas. No color bleeding after first wash. Had it in wishlist for weeks, glad I bought it.",4.0,https://myntra.com/product/gen_348,Zara Kurtas,p_id_98378,Wishlist / save intent,Zara,,en,YES,UNCERTAIN,YES,YES,YES
myntra_fallback_353,Myntra,Myntra,2026-06-26 18:38:59,,Beautiful fit and quality,"Excellent quality for the Libas Kurtas. No color bleeding after first wash. Had it in wishlist for weeks, glad I bought it.",4.0,https://myntra.com/product/gen_353,Libas Kurtas,p_id_15593,Wishlist / save intent,Libas,,en,YES,NO,YES,YES,YES
myntra_fallback_363,Myntra,Myntra,2026-07-06 18:38:59,,Beautiful fit and quality,"Great purchase of this H&M Trousers. The color is exactly as shown in the catalog. Had it in wishlist for weeks, glad I bought it.",5.0,https://myntra.com/product/gen_363,H&M Trousers,p_id_18026,Wishlist / save intent,H&M,,en,YES,NO,YES,YES,YES
myntra_fallback_367,Myntra,Myntra,2026-08-17 18:38:59,,Beautiful fit and quality,"Superb fit and comfort for Here&Now Trousers. True to size. Sizing fits me perfectly. Had it in wishlist for weeks, glad I bought it.",5.0,https://myntra.com/product/gen_367,Here&Now Trousers,p_id_29957,Product uncertainty,Here&Now,,en,YES,NO,YES,YES,YES
myntra_fallback_368,Myntra,Myntra,2026-07-26 18:38:59,,Extremely disappointing,Average quality for this Zara Shoes. Stitching came loose after the first wash. Wishlist item that turned out to be a disappointment.,1.0,https://myntra.com/product/gen_368,Zara Shoes,p_id_72300,Wishlist / save intent,Zara,,en,YES,UNCERTAIN,YES,YES,YES
myntra_fallback_373,Myntra,Myntra,2026-07-19 18:38:59,,Beautiful fit and quality,"Great purchase of this HRX Jeans. The fabric is thick, soft, and feels premium. Had it in wishlist for weeks, glad I bought it.",4.0,https://myntra.com/product/gen_373,HRX Jeans,p_id_74768,Wishlist / save intent,HRX,,en,YES,NO,YES,YES,YES
myntra_fallback_378,Myntra,Myntra,2026-06-21 18:38:59,,Beautiful fit and quality,"Very satisfied with this Mast & Harbour Shirts. True to size. Sizing fits me perfectly. Had it in wishlist for weeks, glad I bought it.",5.0,https://myntra.com/product/gen_378,Mast & Harbour Shirts,p_id_17239,Product uncertainty,Mast & Harbour,,en,YES,NO,YES,YES,YES
myntra_fallback_382,Myntra,Myntra,2026-08-15 18:38:59,,Extremely disappointing,"Very bad fit of the Mast & Harbour Kurtas. Sizing chart was completely wrong, fits very tight. Wishlist item that turned out to be a disappointment.",3.0,https://myntra.com/product/gen_382,Mast & Harbour Kurtas,p_id_32398,Product uncertainty,Mast & Harbour,,en,YES,NO,YES,YES,YES
myntra_fallback_388,Myntra,Myntra,2026-06-23 18:38:59,,Beautiful fit and quality,"Excellent quality for the Mast & Harbour Jeans. The fabric is thick, soft, and feels premium. Had it in wishlist for weeks, glad I bought it.",5.0,https://myntra.com/product/gen_388,Mast & Harbour Jeans,p_id_56448,Wishlist / save intent,Mast & Harbour,,en,YES,NO,YES,YES,YES
myntra_fallback_405,Myntra,Myntra,2026-07-24 18:38:59,,Extremely disappointing,Very bad fit of the Here&Now Jeans. Color looks completely different than the picture. Wishlist item that turned out to be a disappointment.,2.0,https://myntra.com/product/gen_405,Here&Now Jeans,p_id_72365,Product uncertainty,Here&Now,,en,YES,NO,YES,YES,YES
myntra_fallback_414,Myntra,Myntra,2026-06-28 18:38:59,,Beautiful fit and quality,"Superb fit and comfort for Here&Now Sarees. The fabric is thick, soft, and feels premium. Had it in wishlist for weeks, glad I bought it.",5.0,https://myntra.com/product/gen_414,Here&Now Sarees,p_id_74776,Product uncertainty,Here&Now,,en,YES,NO,YES,YES,YES
myntra_fallback_415,Myntra,Myntra,2026-08-01 18:38:59,,Extremely disappointing,"Extremely poor experience with the H&M Shoes. Sizing chart was completely wrong, fits very tight. Wishlist item that turned out to be a disappointment.",2.0,https://myntra.com/product/gen_415,H&M Shoes,p_id_44421,Product uncertainty,H&M,,en,YES,NO,YES,YES,YES
myntra_fallback_452,Myntra,Myntra,2026-08-19 18:38:59,,Beautiful fit and quality,"Excellent quality for the Anouk Dresses. The color is exactly as shown in the catalog. Had it in wishlist for weeks, glad I bought it.",5.0,https://myntra.com/product/gen_452,Anouk Dresses,p_id_33047,Wishlist / save intent,Anouk,,en,YES,NO,YES,YES,YES
myntra_fallback_456,Myntra,Myntra,2026-06-05 18:38:59,,Beautiful fit and quality,"Highly recommend this Roadster Tops. True to size. Sizing fits me perfectly. Had it in wishlist for weeks, glad I bought it.",5.0,https://myntra.com/product/gen_456,Roadster Tops,p_id_55788,Product uncertainty,Roadster,,en,YES,NO,YES,YES,YES
myntra_fallback_488,Myntra,Myntra,2026-06-17 18:38:59,,Beautiful fit and quality,"Great purchase of this HRX Dresses. The color is exactly as shown in the catalog. Had it in wishlist for weeks, glad I bought it.",4.0,https://myntra.com/product/gen_488,HRX Dresses,p_id_30888,Wishlist / save intent,HRX,,en,YES,NO,YES,YES,YES
myntra_fallback_492,Myntra,Myntra,2026-05-27 18:38:59,,Beautiful fit and quality,"Superb fit and comfort for Anouk T-shirts. True to size. Sizing fits me perfectly. Had it in wishlist for weeks, glad I bought it.",5.0,https://myntra.com/product/gen_492,Anouk T-shirts,p_id_61209,Product uncertainty,Anouk,,en,YES,NO,YES,YES,YES
myntra_fallback_493,Myntra,Myntra,2026-05-26 18:38:59,,Extremely disappointing,Average quality for this Anouk Sarees. Stitching came loose after the first wash. Wishlist item that turned out to be a disappointment.,2.0,https://myntra.com/product/gen_493,Anouk Sarees,p_id_26437,Wishlist / save intent,Anouk,,en,YES,NO,YES,YES,YES
myntra_fallback_499,Myntra,Myntra,2026-08-03 18:38:59,,Beautiful fit and quality,"Great purchase of this Zara Jeans. Perfect for wedding wear or festive occasions. Had it in wishlist for weeks, glad I bought it.",4.0,https://myntra.com/product/gen_499,Zara Jeans,p_id_46059,Wishlist / save intent,Zara,,en,YES,UNCERTAIN,YES,YES,YES
myntra_fallback_505,Myntra,Myntra,2026-08-10 18:38:59,,Beautiful fit and quality,"Great purchase of this Zara Shirts. True to size. Sizing fits me perfectly. Had it in wishlist for weeks, glad I bought it.",5.0,https://myntra.com/product/gen_505,Zara Shirts,p_id_53683,Product uncertainty,Zara,,en,YES,UNCERTAIN,YES,YES,YES
myntra_fallback_507,Myntra,Myntra,2026-08-11 18:38:59,,Extremely disappointing,"Very bad fit of the Zara Jeans. Sizing chart was completely wrong, fits very tight. Wishlist item that turned out to be a disappointment.",1.0,https://myntra.com/product/gen_507,Zara Jeans,p_id_18533,Product uncertainty,Zara,,en,YES,UNCERTAIN,YES,YES,YES
myntra_fallback_513,Myntra,Myntra,2026-08-01 18:38:59,,Beautiful fit and quality,"Excellent quality for the Mast & Harbour Kurtas. The fabric is thick, soft, and feels premium. Had it in wishlist for weeks, glad I bought it.",5.0,https://myntra.com/product/gen_513,Mast & Harbour Kurtas,p_id_81899,Wishlist / save intent,Mast & Harbour,,en,YES,NO,YES,YES,YES
myntra_fallback_518,Myntra,Myntra,2026-07-04 18:38:59,,Beautiful fit and quality,"Superb fit and comfort for Here&Now Dresses. The color is exactly as shown in the catalog. Had it in wishlist for weeks, glad I bought it.",4.0,https://myntra.com/product/gen_518,Here&Now Dresses,p_id_10762,Product uncertainty,Here&Now,,en,YES,NO,YES,YES,YES
myntra_fallback_530,Myntra,Myntra,2026-06-06 18:38:59,,Extremely disappointing,Very bad fit of the HRX Shoes. Color looks completely different than the picture. Wishlist item that turned out to be a disappointment.,2.0,https://myntra.com/product/gen_530,HRX Shoes,p_id_30001,Product uncertainty,HRX,,en,YES,NO,YES,YES,YES
myntra_fallback_531,Myntra,Myntra,2026-05-31 18:38:59,,Beautiful fit and quality,"Excellent quality for the Roadster Shirts. Perfect for wedding wear or festive occasions. Had it in wishlist for weeks, glad I bought it.",5.0,https://myntra.com/product/gen_531,Roadster Shirts,p_id_18861,Wishlist / save intent,Roadster,,en,YES,NO,YES,YES,YES
myntra_fallback_540,Myntra,Myntra,2026-08-14 18:38:59,,Extremely disappointing,"Extremely poor experience with the Here&Now Trousers. Sizing chart was completely wrong, fits very tight. Wishlist item that turned out to be a disappointment.",3.0,https://myntra.com/product/gen_540,Here&Now Trousers,p_id_16506,Product uncertainty,Here&Now,,en,YES,NO,YES,YES,YES
myntra_fallback_557,Myntra,Myntra,2026-06-15 18:38:59,,Extremely disappointing,Very bad fit of the H&M Trousers. The material is very thin and transparent. Wishlist item that turned out to be a disappointment.,3.0,https://myntra.com/product/gen_557,H&M Trousers,p_id_54336,Product uncertainty,H&M,,en,YES,NO,YES,YES,YES
myntra_fallback_577,Myntra,Myntra,2026-06-01 18:38:59,,Beautiful fit and quality,"Excellent quality for the H&M Tops. The color is exactly as shown in the catalog. Had it in wishlist for weeks, glad I bought it.",5.0,https://myntra.com/product/gen_577,H&M Tops,p_id_95525,Wishlist / save intent,H&M,,en,YES,NO,YES,YES,YES
myntra_fallback_581,Myntra,Myntra,2026-07-27 18:38:59,,Extremely disappointing,"Very bad fit of the Libas Kurtas. Fabric feels rough and synthetic, not pure cotton. Wishlist item that turned out to be a disappointment.",3.0,https://myntra.com/product/gen_581,Libas Kurtas,p_id_32374,Product uncertainty,Libas,,en,YES,NO,YES,YES,YES
myntra_fallback_595,Myntra,Myntra,2026-06-06 18:38:59,,Extremely disappointing,Very bad fit of the W Kurtas. Stitching came loose after the first wash. Wishlist item that turned out to be a disappointment.,3.0,https://myntra.com/product/gen_595,W Kurtas,p_id_83018,Product uncertainty,W,,en,YES,NO,YES,YES,YES
myntra_fallback_598,Myntra,Myntra,2026-06-03 18:38:59,,Beautiful fit and quality,"Great purchase of this H&M Kurtas. No color bleeding after first wash. Had it in wishlist for weeks, glad I bought it.",4.0,https://myntra.com/product/gen_598,H&M Kurtas,p_id_33182,Wishlist / save intent,H&M,,en,YES,NO,YES,YES,YES
fc_post_5,Fashion Community,Fashion Community,2026-06-27 18:38:59,User_843,Community recommendation request,"Comparison question for everyone: premium leather shoes on Myntra. I have 10 of these in my wishlist, choice paralysis is real. Should I go one size higher?",,,,,Wishlist / save intent,,209.0,en,YES,YES,YES,YES,YES
fc_post_13,Fashion Community,Fashion Community,2026-07-05 18:38:59,User_874,Community recommendation request,"Has anyone bought best fit jeans under 1500. I have 10 of these in my wishlist, choice paralysis is real. Should I go one size higher?",,,,,Product uncertainty,,245.0,en,YES,NO,YES,YES,YES
fc_post_23,Fashion Community,Fashion Community,2026-06-17 18:38:59,User_425,Community recommendation request,"Has anyone bought Roadster vs Anouk kurtas. I have 10 of these in my wishlist, choice paralysis is real. Should I go one size higher?",,,,,Wishlist / save intent,,46.0,en,YES,NO,YES,YES,YES
fc_post_26,Fashion Community,Fashion Community,2026-08-19 18:38:59,User_549,Community recommendation request,"General sizing query regarding high quality cotton ethnic wear. I have 10 of these in my wishlist, choice paralysis is real. Does it shrink after washing?",,,,,Product uncertainty,,235.0,en,YES,NO,YES,YES,YES
fc_post_28,Fashion Community,Fashion Community,2026-07-23 18:38:59,User_283,Community recommendation request,"Has anyone bought best fit jeans under 1500. I have 10 of these in my wishlist, choice paralysis is real. Is Ajio a better option for this brand?",,,,,Product uncertainty,,213.0,en,YES,UNCERTAIN,YES,YES,YES
fc_post_49,Fashion Community,Fashion Community,2026-08-18 18:38:59,User_502,Community recommendation request,"Comparison question for everyone: western dresses for birthday party. I have 10 of these in my wishlist, choice paralysis is real. Does it shrink after washing?",,,,,Wishlist / save intent,,79.0,en,YES,NO,YES,YES,YES
fc_post_52,Fashion Community,Fashion Community,2026-05-28 18:38:59,User_966,Community recommendation request,"Comparison question for everyone: premium leather shoes on Myntra. I have 10 of these in my wishlist, choice paralysis is real. Does it shrink after washing?",,,,,Wishlist / save intent,,85.0,en,YES,YES,YES,YES,YES
fc_post_66,Fashion Community,Fashion Community,2026-07-01 18:38:59,User_331,Community recommendation request,"Help me choose between high quality cotton ethnic wear. I have 10 of these in my wishlist, choice paralysis is real. Should I go one size higher?",,,,,Wishlist / save intent,,210.0,en,YES,NO,YES,YES,YES
fc_post_72,Fashion Community,Fashion Community,2026-07-02 18:38:59,User_371,Community recommendation request,"Looking for recommendations on best fit jeans under 1500. I have 10 of these in my wishlist, choice paralysis is real. Should I go one size higher?",,,,,Product uncertainty,,60.0,en,YES,NO,YES,YES,YES
fc_post_98,Fashion Community,Fashion Community,2026-07-12 18:38:59,User_343,Community recommendation request,"Has anyone bought best fit jeans under 1500. I have 10 of these in my wishlist, choice paralysis is real. Any advice from those who bought it?",,,,,Product uncertainty,,4.0,en,YES,NO,YES,YES,YES
fc_post_101,Fashion Community,Fashion Community,2026-08-16 18:38:59,User_453,Community recommendation request,"General sizing query regarding best fit jeans under 1500. I have 10 of these in my wishlist, choice paralysis is real. Any advice from those who bought it?",,,,,Product uncertainty,,178.0,en,YES,NO,YES,YES,YES
fc_post_112,Fashion Community,Fashion Community,2026-08-06 18:38:59,User_878,Community recommendation request,"Looking for recommendations on high quality cotton ethnic wear. I have 10 of these in my wishlist, choice paralysis is real. Any coupon codes currently working?",,,,,Wishlist / save intent,,205.0,en,YES,NO,YES,YES,YES
fc_post_118,Fashion Community,Fashion Community,2026-08-20 18:38:59,User_403,Community recommendation request,"Comparison question for everyone: Roadster vs Anouk kurtas. I have 10 of these in my wishlist, choice paralysis is real. Any advice from those who bought it?",,,,,Wishlist / save intent,,205.0,en,YES,NO,YES,YES,YES
fc_post_133,Fashion Community,Fashion Community,2026-07-24 18:38:59,User_526,Community recommendation request,"Comparison question for everyone: high quality cotton ethnic wear. I have 10 of these in my wishlist, choice paralysis is real. Should I go one size higher?",,,,,Wishlist / save intent,,49.0,en,YES,NO,YES,YES,YES
fc_post_136,Fashion Community,Fashion Community,2026-07-20 18:38:59,User_517,Community recommendation request,"Has anyone bought best fit jeans under 1500. I have 10 of these in my wishlist, choice paralysis is real. Any coupon codes currently working?",,,,,Product uncertainty,,51.0,en,YES,NO,YES,YES,YES
fc_post_143,Fashion Community,Fashion Community,2026-07-19 18:38:59,User_262,Community recommendation request,"General sizing query regarding Roadster vs Anouk kurtas. I have 10 of these in my wishlist, choice paralysis is real. Should I go one size higher?",,,,,Product uncertainty,,160.0,en,YES,NO,YES,YES,YES
fc_post_153,Fashion Community,Fashion Community,2026-07-07 18:38:59,User_239,Community recommendation request,"Comparison question for everyone: western dresses for birthday party. I have 10 of these in my wishlist, choice paralysis is real. Is Ajio a better option for this brand?",,,,,Wishlist / save intent,,58.0,en,YES,UNCERTAIN,YES,YES,YES
fc_post_164,Fashion Community,Fashion Community,2026-08-17 18:38:59,User_270,Community recommendation request,"Comparison question for everyone: best fit jeans under 1500. I have 10 of these in my wishlist, choice paralysis is real. Is Ajio a better option for this brand?",,,,,Product uncertainty,,150.0,en,YES,UNCERTAIN,YES,YES,YES
fc_post_171,Fashion Community,Fashion Community,2026-07-10 18:38:59,User_205,Community recommendation request,"Has anyone bought high quality cotton ethnic wear. I have 10 of these in my wishlist, choice paralysis is real. Any coupon codes currently working?",,,,,Wishlist / save intent,,20.0,en,YES,NO,YES,YES,YES
fc_post_197,Fashion Community,Fashion Community,2026-07-05 18:38:59,User_225,Community recommendation request,"Comparison question for everyone: Roadster vs Anouk kurtas. I have 10 of these in my wishlist, choice paralysis is real. Any coupon codes currently working?",,,,,Wishlist / save intent,,218.0,en,YES,NO,YES,YES,YES
fc_post_206,Fashion Community,Fashion Community,2026-08-23 18:38:59,User_712,Community recommendation request,"Comparison question for everyone: high quality cotton ethnic wear. I have 10 of these in my wishlist, choice paralysis is real. Any coupon codes currently working?",,,,,Wishlist / save intent,,30.0,en,YES,NO,YES,YES,YES
fc_post_211,Fashion Community,Fashion Community,2026-07-30 18:38:59,User_237,Community recommendation request,"Comparison question for everyone: high quality cotton ethnic wear. I have 10 of these in my wishlist, choice paralysis is real. Does it shrink after washing?",,,,,Wishlist / save intent,,10.0,en,YES,NO,YES,YES,YES
fc_post_212,Fashion Community,Fashion Community,2026-07-15 18:38:59,User_145,Community recommendation request,"Comparison question for everyone: premium leather shoes on Myntra. I have 10 of these in my wishlist, choice paralysis is real. Any coupon codes currently working?",,,,,Wishlist / save intent,,53.0,en,YES,YES,YES,YES,YES
fc_post_213,Fashion Community,Fashion Community,2026-08-22 18:38:59,User_388,Community recommendation request,"Help me choose between best fit jeans under 1500. I have 10 of these in my wishlist, choice paralysis is real. Does it shrink after washing?",,,,,Product uncertainty,,8.0,en,YES,NO,YES,YES,YES
fc_post_225,Fashion Community,Fashion Community,2026-08-21 18:38:59,User_615,Community recommendation request,"Comparison question for everyone: Roadster vs Anouk kurtas. I have 10 of these in my wishlist, choice paralysis is real. Does it shrink after washing?",,,,,Wishlist / save intent,,113.0,en,YES,NO,YES,YES,YES
fc_post_233,Fashion Community,Fashion Community,2026-08-04 18:38:59,User_388,Community recommendation request,"Help me choose between high quality cotton ethnic wear. I have 10 of these in my wishlist, choice paralysis is real. Any advice from those who bought it?",,,,,Wishlist / save intent,,157.0,en,YES,NO,YES,YES,YES
fc_post_235,Fashion Community,Fashion Community,2026-07-31 18:38:59,User_393,Community recommendation request,"General sizing query regarding high quality cotton ethnic wear. I have 10 of these in my wishlist, choice paralysis is real. Is Ajio a better option for this brand?",,,,,Product uncertainty,,10.0,en,YES,UNCERTAIN,YES,YES,YES
fc_post_262,Fashion Community,Fashion Community,2026-06-01 18:38:59,User_646,Community recommendation request,"Looking for recommendations on premium leather shoes on Myntra. I have 10 of these in my wishlist, choice paralysis is real. Should I go one size higher?",,,,,Wishlist / save intent,,163.0,en,YES,YES,YES,YES,YES
fc_post_269,Fashion Community,Fashion Community,2026-07-27 18:38:59,User_880,Community recommendation request,"Has anyone bought high quality cotton ethnic wear. I have 10 of these in my wishlist, choice paralysis is real. Should I go one size higher?",,,,,Wishlist / save intent,,238.0,en,YES,NO,YES,YES,YES
sm_post_0,Social Media,Social Media,2026-07-30 18:38:59,handle_93,,"Wishlist is full, checkout is empty. Tag was slightly bent so return was rejected. Waste of money.",,https://twitter.com/status/gen_0,,,Wishlist / save intent,,144.0,en,UNCERTAIN,NO,YES,YES,YES
sm_post_1,Social Media,Social Media,2026-07-25 18:38:59,handle_62,,Finally ordered the wishlisted item. Customer support is not resolving my query. Returning it immediately.,,https://twitter.com/status/gen_1,,,Wishlist / save intent,,493.0,en,UNCERTAIN,NO,YES,YES,YES
sm_post_5,Social Media,Social Media,2026-07-29 18:38:59,handle_98,,Roadster clothing has zero size consistency. Had this in wishlist for a month waiting for a drop. Returning it immediately.,,https://twitter.com/status/gen_5,,,Wishlist / save intent,,41.0,en,YES,NO,YES,YES,YES
sm_post_12,Social Media,Social Media,2026-07-03 18:38:59,handle_97,,Finally ordered the wishlisted item. The sizing of this shirt is completely wrong. Glad I checked the reviews.,,https://twitter.com/status/gen_12,,,Product uncertainty,,411.0,en,YES,NO,YES,YES,YES
sm_post_15,Social Media,Social Media,2026-08-02 18:38:59,handle_79,,"Wishlist is full, checkout is empty. Tag was slightly bent so return was rejected. Fingers crossed it fits.",,https://twitter.com/status/gen_15,,,Product uncertainty,,350.0,en,YES,NO,YES,YES,YES
sm_post_19,Social Media,Social Media,2026-06-23 18:38:59,handle_33,,"Wishlist is full, checkout is empty. Sizing chart was a complete lie. Waste of money.",,https://twitter.com/status/gen_19,,,Product uncertainty,,105.0,en,YES,NO,YES,YES,YES
sm_post_21,Social Media,Social Media,2026-07-26 18:38:59,handle_60,,"Wishlist is full, checkout is empty. Sizing chart was a complete lie. Fingers crossed it fits.",,https://twitter.com/status/gen_21,,,Product uncertainty,,91.0,en,YES,NO,YES,YES,YES
sm_post_22,Social Media,Social Media,2026-07-29 18:38:59,handle_70,,"Wishlist is full, checkout is empty. Customer support is not resolving my query. Fingers crossed it fits.",,https://twitter.com/status/gen_22,,,Product uncertainty,,169.0,en,YES,NO,YES,YES,YES
sm_post_27,Social Media,Social Media,2026-07-29 18:38:59,handle_81,,Finally ordered the wishlisted item. Customer support is not resolving my query. Fingers crossed it fits.,,https://twitter.com/status/gen_27,,,Product uncertainty,,317.0,en,YES,NO,YES,YES,YES
sm_post_28,Social Media,Social Media,2026-05-27 18:38:59,handle_41,,Finally ordered the wishlisted item. Tag was slightly bent so return was rejected. Glad I checked the reviews.,,https://twitter.com/status/gen_28,,,Wishlist / save intent,,160.0,en,UNCERTAIN,NO,YES,YES,YES
sm_post_32,Social Media,Social Media,2026-08-21 18:38:59,handle_83,,Finally ordered the wishlisted item. The fabric is so thin and transparent. Fingers crossed it fits.,,https://twitter.com/status/gen_32,,,Product uncertainty,,204.0,en,YES,NO,YES,YES,YES
sm_post_33,Social Media,Social Media,2026-05-29 18:38:59,handle_99,,"Wishlist is full, checkout is empty. Tag was slightly bent so return was rejected. Highly disappointed.",,https://twitter.com/status/gen_33,,,Wishlist / save intent,,33.0,en,UNCERTAIN,NO,YES,YES,YES
sm_post_37,Social Media,Social Media,2026-08-04 18:38:59,handle_34,,Finally ordered the wishlisted item. Sizing chart was a complete lie. Never buying this brand again.,,https://twitter.com/status/gen_37,,,Product uncertainty,,128.0,en,YES,NO,YES,YES,YES
sm_post_38,Social Media,Social Media,2026-06-01 18:38:59,handle_51,,Roadster clothing has zero size consistency. Had this in wishlist for a month waiting for a drop. Waste of money.,,https://twitter.com/status/gen_38,,,Wishlist / save intent,,41.0,en,YES,NO,YES,YES,YES
sm_post_39,Social Media,Social Media,2026-06-06 18:38:59,handle_47,,Roadster clothing has zero size consistency. Had this in wishlist for a month waiting for a drop. Fingers crossed it fits.,,https://twitter.com/status/gen_39,,,Product uncertainty,,435.0,en,YES,NO,YES,YES,YES
sm_post_42,Social Media,Social Media,2026-06-06 18:38:59,handle_45,,Why does Myntra increase prices before sales? Had this in wishlist for a month waiting for a drop. Returning it immediately.,,https://twitter.com/status/gen_42,,,Purchase barrier,,243.0,en,YES,YES,YES,YES,YES
sm_post_43,Social Media,Social Media,2026-06-19 18:38:59,handle_57,,Finally ordered the wishlisted item. The sizing of this shirt is completely wrong. Never buying this brand again.,,https://twitter.com/status/gen_43,,,Product uncertainty,,199.0,en,YES,NO,YES,YES,YES
sm_post_45,Social Media,Social Media,2026-07-01 18:38:59,handle_81,,"Wishlist is full, checkout is empty. Had this in wishlist for a month waiting for a drop. Fingers crossed it fits.",,https://twitter.com/status/gen_45,,,Product uncertainty,,405.0,en,YES,NO,YES,YES,YES
sm_post_48,Social Media,Social Media,2026-06-29 18:38:59,handle_60,,Roadster clothing has zero size consistency. Had this in wishlist for a month waiting for a drop. Glad I checked the reviews.,,https://twitter.com/status/gen_48,,,Wishlist / save intent,,422.0,en,YES,NO,YES,YES,YES
sm_post_50,Social Media,Social Media,2026-07-04 18:38:59,handle_45,,"Wishlist is full, checkout is empty. Sizing chart was a complete lie. Highly disappointed.",,https://twitter.com/status/gen_50,,,Product uncertainty,,111.0,en,YES,NO,YES,YES,YES
sm_post_53,Social Media,Social Media,2026-06-29 18:38:59,handle_37,,Finally ordered the wishlisted item. The fabric is so thin and transparent. Never buying this brand again.,,https://twitter.com/status/gen_53,,,Wishlist / save intent,,383.0,en,YES,NO,YES,YES,YES
sm_post_61,Social Media,Social Media,2026-07-26 18:38:59,handle_28,,Finally ordered the wishlisted item. Had this in wishlist for a month waiting for a drop. Glad I checked the reviews.,,https://twitter.com/status/gen_61,,,Wishlist / save intent,,313.0,en,UNCERTAIN,NO,YES,YES,YES
sm_post_62,Social Media,Social Media,2026-06-10 18:38:59,handle_78,,Extremely frustrated with Myntra returns today. Had this in wishlist for a month waiting for a drop. Fingers crossed it fits.,,https://twitter.com/status/gen_62,,,Product uncertainty,,276.0,en,YES,YES,YES,YES,YES
sm_post_63,Social Media,Social Media,2026-07-29 18:38:59,handle_78,,"Wishlist is full, checkout is empty. Sizing chart was a complete lie. Returning it immediately.",,https://twitter.com/status/gen_63,,,Product uncertainty,,259.0,en,YES,NO,YES,YES,YES
sm_post_65,Social Media,Social Media,2026-07-14 18:38:59,handle_55,,Why does Myntra increase prices before sales? Had this in wishlist for a month waiting for a drop. Never buying this brand again.,,https://twitter.com/status/gen_65,,,Purchase barrier,,195.0,en,YES,YES,YES,YES,YES
sm_post_67,Social Media,Social Media,2026-08-14 18:38:59,handle_50,,Why does Myntra increase prices before sales? Had this in wishlist for a month waiting for a drop. Fingers crossed it fits.,,https://twitter.com/status/gen_67,,,Product uncertainty,,425.0,en,YES,YES,YES,YES,YES
sm_post_69,Social Media,Social Media,2026-07-14 18:38:59,handle_49,,"Wishlist is full, checkout is empty. The sizing of this shirt is completely wrong. Glad I checked the reviews.",,https://twitter.com/status/gen_69,,,Product uncertainty,,179.0,en,YES,NO,YES,YES,YES
sm_post_70,Social Media,Social Media,2026-06-26 18:38:59,handle_21,,Finally ordered the wishlisted item. The fabric is so thin and transparent. Glad I checked the reviews.,,https://twitter.com/status/gen_70,,,Wishlist / save intent,,7.0,en,YES,NO,YES,YES,YES
sm_post_71,Social Media,Social Media,2026-06-18 18:38:59,handle_47,,Finally ordered the wishlisted item. Had this in wishlist for a month waiting for a drop. Waste of money.,,https://twitter.com/status/gen_71,,,Wishlist / save intent,,197.0,en,UNCERTAIN,NO,YES,YES,YES
sm_post_72,Social Media,Social Media,2026-06-17 18:38:59,handle_90,,Finally ordered the wishlisted item. Customer support is not resolving my query. Glad I checked the reviews.,,https://twitter.com/status/gen_72,,,Wishlist / save intent,,34.0,en,UNCERTAIN,NO,YES,YES,YES
sm_post_75,Social Media,Social Media,2026-07-30 18:38:59,handle_43,,Finally ordered the wishlisted item. The sizing of this shirt is completely wrong. Highly disappointed.,,https://twitter.com/status/gen_75,,,Product uncertainty,,431.0,en,YES,NO,YES,YES,YES
sm_post_76,Social Media,Social Media,2026-08-04 18:38:59,handle_50,,"Wishlist is full, checkout is empty. The sizing of this shirt is completely wrong. Never buying this brand again.",,https://twitter.com/status/gen_76,,,Product uncertainty,,208.0,en,YES,NO,YES,YES,YES
sm_post_78,Social Media,Social Media,2026-06-15 18:38:59,handle_57,,Extremely frustrated with Myntra returns today. Had this in wishlist for a month waiting for a drop. Never buying this brand again.,,https://twitter.com/status/gen_78,,,Wishlist / save intent,,473.0,en,YES,YES,YES,YES,YES
sm_post_81,Social Media,Social Media,2026-07-12 18:38:59,handle_92,,Roadster clothing has zero size consistency. Had this in wishlist for a month waiting for a drop. Highly disappointed.,,https://twitter.com/status/gen_81,,,Wishlist / save intent,,293.0,en,YES,NO,YES,YES,YES
sm_post_84,Social Media,Social Media,2026-08-03 18:38:59,handle_65,,"Wishlist is full, checkout is empty. Had this in wishlist for a month waiting for a drop. Never buying this brand again.",,https://twitter.com/status/gen_84,,,Wishlist / save intent,,424.0,en,YES,NO,YES,YES,YES
sm_post_85,Social Media,Social Media,2026-07-25 18:38:59,handle_15,,"Wishlist is full, checkout is empty. The fabric is so thin and transparent. Highly disappointed.",,https://twitter.com/status/gen_85,,,Wishlist / save intent,,196.0,en,YES,NO,YES,YES,YES
sm_post_87,Social Media,Social Media,2026-08-18 18:38:59,handle_69,,Finally ordered the wishlisted item. Had this in wishlist for a month waiting for a drop. Highly disappointed.,,https://twitter.com/status/gen_87,,,Wishlist / save intent,,157.0,en,UNCERTAIN,NO,YES,YES,YES
sm_post_89,Social Media,Social Media,2026-06-12 18:38:59,handle_37,,Finally ordered the wishlisted item. Tag was slightly bent so return was rejected. Waste of money.,,https://twitter.com/status/gen_89,,,Wishlist / save intent,,245.0,en,UNCERTAIN,NO,YES,YES,YES
sm_post_92,Social Media,Social Media,2026-08-21 18:38:59,handle_82,,Finally ordered the wishlisted item. Tag was slightly bent so return was rejected. Returning it immediately.,,https://twitter.com/status/gen_92,,,Wishlist / save intent,,311.0,en,UNCERTAIN,NO,YES,YES,YES
sm_post_93,Social Media,Social Media,2026-07-18 18:38:59,handle_96,,"Wishlist is full, checkout is empty. Customer support is not resolving my query. Returning it immediately.",,https://twitter.com/status/gen_93,,,Wishlist / save intent,,433.0,en,UNCERTAIN,NO,YES,YES,YES
sm_post_94,Social Media,Social Media,2026-06-10 18:38:59,handle_75,,"Wishlist is full, checkout is empty. The sizing of this shirt is completely wrong. Returning it immediately.",,https://twitter.com/status/gen_94,,,Product uncertainty,,146.0,en,YES,NO,YES,YES,YES
sm_post_95,Social Media,Social Media,2026-06-18 18:38:59,handle_49,,Finally ordered the wishlisted item. The sizing of this shirt is completely wrong. Waste of money.,,https://twitter.com/status/gen_95,,,Product uncertainty,,1.0,en,YES,NO,YES,YES,YES
sm_post_96,Social Media,Social Media,2026-06-21 18:38:59,handle_78,,Roadster clothing has zero size consistency. Had this in wishlist for a month waiting for a drop. Never buying this brand again.,,https://twitter.com/status/gen_96,,,Wishlist / save intent,,277.0,en,YES,NO,YES,YES,YES
sm_post_97,Social Media,Social Media,2026-07-26 18:38:59,handle_40,,Why does Myntra increase prices before sales? Had this in wishlist for a month waiting for a drop. Glad I checked the reviews.,,https://twitter.com/status/gen_97,,,Purchase barrier,,62.0,en,YES,YES,YES,YES,YES
sm_post_102,Social Media,Social Media,2026-06-20 18:38:59,handle_28,,"Wishlist is full, checkout is empty. Tag was slightly bent so return was rejected. Never buying this brand again.",,https://twitter.com/status/gen_102,,,Wishlist / save intent,,341.0,en,YES,NO,YES,YES,YES
sm_post_103,Social Media,Social Media,2026-07-27 18:38:59,handle_19,,Finally ordered the wishlisted item. The sizing of this shirt is completely wrong. Fingers crossed it fits.,,https://twitter.com/status/gen_103,,,Product uncertainty,,222.0,en,YES,NO,YES,YES,YES
sm_post_106,Social Media,Social Media,2026-07-09 18:38:59,handle_89,,Finally ordered the wishlisted item. Tag was slightly bent so return was rejected. Highly disappointed.,,https://twitter.com/status/gen_106,,,Wishlist / save intent,,281.0,en,UNCERTAIN,NO,YES,YES,YES
sm_post_108,Social Media,Social Media,2026-07-15 18:38:59,handle_87,,"Wishlist is full, checkout is empty. Customer support is not resolving my query. Never buying this brand again.",,https://twitter.com/status/gen_108,,,Wishlist / save intent,,220.0,en,YES,NO,YES,YES,YES
sm_post_111,Social Media,Social Media,2026-08-16 18:38:59,handle_12,,Finally ordered the wishlisted item. Sizing chart was a complete lie. Returning it immediately.,,https://twitter.com/status/gen_111,,,Product uncertainty,,464.0,en,YES,NO,YES,YES,YES
sm_post_112,Social Media,Social Media,2026-06-06 18:38:59,handle_64,,Finally ordered the wishlisted item. Customer support is not resolving my query. Never buying this brand again.,,https://twitter.com/status/gen_112,,,Wishlist / save intent,,470.0,en,YES,NO,YES,YES,YES
sm_post_114,Social Media,Social Media,2026-06-05 18:38:59,handle_90,,Finally ordered the wishlisted item. Tag was slightly bent so return was rejected. Fingers crossed it fits.,,https://twitter.com/status/gen_114,,,Product uncertainty,,144.0,en,YES,NO,YES,YES,YES
sm_post_116,Social Media,Social Media,2026-06-13 18:38:59,handle_95,,"Wishlist is full, checkout is empty. The fabric is so thin and transparent. Waste of money.",,https://twitter.com/status/gen_116,,,Wishlist / save intent,,365.0,en,YES,NO,YES,YES,YES
sm_post_117,Social Media,Social Media,2026-06-11 18:38:59,handle_83,,Finally ordered the wishlisted item. Sizing chart was a complete lie. Glad I checked the reviews.,,https://twitter.com/status/gen_117,,,Product uncertainty,,44.0,en,YES,NO,YES,YES,YES
sm_post_120,Social Media,Social Media,2026-06-15 18:38:59,handle_61,,"Wishlist is full, checkout is empty. The fabric is so thin and transparent. Glad I checked the reviews.",,https://twitter.com/status/gen_120,,,Wishlist / save intent,,256.0,en,YES,NO,YES,YES,YES
sm_post_121,Social Media,Social Media,2026-08-15 18:38:59,handle_87,,Just unboxed my new Myntra haul. Had this in wishlist for a month waiting for a drop. Never buying this brand again.,,https://twitter.com/status/gen_121,,,Wishlist / save intent,,446.0,en,YES,YES,YES,YES,YES
sm_post_126,Social Media,Social Media,2026-08-07 18:38:59,handle_19,,"Wishlist is full, checkout is empty. Sizing chart was a complete lie. Never buying this brand again.",,https://twitter.com/status/gen_126,,,Product uncertainty,,53.0,en,YES,NO,YES,YES,YES
sm_post_129,Social Media,Social Media,2026-06-25 18:38:59,handle_80,,Finally ordered the wishlisted item. Had this in wishlist for a month waiting for a drop. Fingers crossed it fits.,,https://twitter.com/status/gen_129,,,Product uncertainty,,77.0,en,YES,NO,YES,YES,YES
sm_post_133,Social Media,Social Media,2026-07-16 18:38:59,handle_34,,Finally ordered the wishlisted item. Sizing chart was a complete lie. Highly disappointed.,,https://twitter.com/status/gen_133,,,Product uncertainty,,435.0,en,YES,NO,YES,YES,YES
sm_post_135,Social Media,Social Media,2026-05-31 18:38:59,handle_44,,"Wishlist is full, checkout is empty. Sizing chart was a complete lie. Glad I checked the reviews.",,https://twitter.com/status/gen_135,,,Product uncertainty,,249.0,en,YES,NO,YES,YES,YES
sm_post_137,Social Media,Social Media,2026-07-20 18:38:59,handle_28,,Finally ordered the wishlisted item. Sizing chart was a complete lie. Waste of money.,,https://twitter.com/status/gen_137,,,Product uncertainty,,65.0,en,YES,NO,YES,YES,YES
sm_post_140,Social Media,Social Media,2026-05-28 18:38:59,handle_38,,"Wishlist is full, checkout is empty. The sizing of this shirt is completely wrong. Waste of money.",,https://twitter.com/status/gen_140,,,Product uncertainty,,459.0,en,YES,NO,YES,YES,YES
sm_post_142,Social Media,Social Media,2026-08-17 18:38:59,handle_82,,Why does Myntra increase prices before sales? Had this in wishlist for a month waiting for a drop. Highly disappointed.,,https://twitter.com/status/gen_142,,,Purchase barrier,,208.0,en,YES,YES,YES,YES,YES
sm_post_143,Social Media,Social Media,2026-08-15 18:38:59,handle_48,,"Wishlist is full, checkout is empty. Tag was slightly bent so return was rejected. Glad I checked the reviews.",,https://twitter.com/status/gen_143,,,Wishlist / save intent,,141.0,en,UNCERTAIN,NO,YES,YES,YES
sm_post_146,Social Media,Social Media,2026-07-28 18:38:59,handle_97,,Finally ordered the wishlisted item. The sizing of this shirt is completely wrong. Returning it immediately.,,https://twitter.com/status/gen_146,,,Product uncertainty,,181.0,en,YES,NO,YES,YES,YES
sm_post_150,Social Media,Social Media,2026-08-17 18:38:59,handle_55,,Finally ordered the wishlisted item. Had this in wishlist for a month waiting for a drop. Returning it immediately.,,https://twitter.com/status/gen_150,,,Wishlist / save intent,,394.0,en,UNCERTAIN,NO,YES,YES,YES
sm_post_156,Social Media,Social Media,2026-06-06 18:38:59,handle_24,,Just unboxed my new Myntra haul. Had this in wishlist for a month waiting for a drop. Fingers crossed it fits.,,https://twitter.com/status/gen_156,,,Product uncertainty,,470.0,en,YES,YES,YES,YES,YES
sm_post_157,Social Media,Social Media,2026-07-25 18:38:59,handle_68,,Finally ordered the wishlisted item. The fabric is so thin and transparent. Waste of money.,,https://twitter.com/status/gen_157,,,Wishlist / save intent,,129.0,en,YES,NO,YES,YES,YES
sm_post_160,Social Media,Social Media,2026-05-27 18:38:59,handle_82,,Why does Myntra increase prices before sales? Had this in wishlist for a month waiting for a drop. Waste of money.,,https://twitter.com/status/gen_160,,,Purchase barrier,,190.0,en,YES,YES,YES,YES,YES
sm_post_168,Social Media,Social Media,2026-07-18 18:38:59,handle_57,,"Wishlist is full, checkout is empty. The fabric is so thin and transparent. Returning it immediately.",,https://twitter.com/status/gen_168,,,Wishlist / save intent,,82.0,en,YES,NO,YES,YES,YES
sm_post_169,Social Media,Social Media,2026-08-12 18:38:59,handle_93,,"Wishlist is full, checkout is empty. The sizing of this shirt is completely wrong. Fingers crossed it fits.",,https://twitter.com/status/gen_169,,,Product uncertainty,,417.0,en,YES,NO,YES,YES,YES
sm_post_172,Social Media,Social Media,2026-06-08 18:38:59,handle_15,,"Wishlist is full, checkout is empty. Tag was slightly bent so return was rejected. Returning it immediately.",,https://twitter.com/status/gen_172,,,Wishlist / save intent,,304.0,en,UNCERTAIN,NO,YES,YES,YES
sm_post_175,Social Media,Social Media,2026-06-24 18:38:59,handle_82,,Finally ordered the wishlisted item. Sizing chart was a complete lie. Fingers crossed it fits.,,https://twitter.com/status/gen_175,,,Product uncertainty,,81.0,en,YES,NO,YES,YES,YES
sm_post_177,Social Media,Social Media,2026-06-27 18:38:59,handle_26,,"Wishlist is full, checkout is empty. The sizing of this shirt is completely wrong. Highly disappointed.",,https://twitter.com/status/gen_177,,,Product uncertainty,,279.0,en,YES,NO,YES,YES,YES
sm_post_183,Social Media,Social Media,2026-07-28 18:38:59,handle_35,,"Wishlist is full, checkout is empty. The fabric is so thin and transparent. Never buying this brand again.",,https://twitter.com/status/gen_183,,,Wishlist / save intent,,339.0,en,YES,NO,YES,YES,YES
sm_post_191,Social Media,Social Media,2026-06-05 18:38:59,handle_66,,Finally ordered the wishlisted item. The fabric is so thin and transparent. Highly disappointed.,,https://twitter.com/status/gen_191,,,Wishlist / save intent,,223.0,en,YES,NO,YES,YES,YES
sm_post_195,Social Media,Social Media,2026-06-16 18:38:59,handle_90,,Finally ordered the wishlisted item. Tag was slightly bent so return was rejected. Never buying this brand again.,,https://twitter.com/status/gen_195,,,Wishlist / save intent,,350.0,en,YES,NO,YES,YES,YES
sm_post_196,Social Media,Social Media,2026-08-01 18:38:59,handle_20,,Finally ordered the wishlisted item. Customer support is not resolving my query. Highly disappointed.,,https://twitter.com/status/gen_196,,,Wishlist / save intent,,433.0,en,UNCERTAIN,NO,YES,YES,YES
sm_post_198,Social Media,Social Media,2026-06-21 18:38:59,handle_76,,Finally ordered the wishlisted item. Customer support is not resolving my query. Waste of money.,,https://twitter.com/status/gen_198,,,Wishlist / save intent,,318.0,en,UNCERTAIN,NO,YES,YES,YES
sm_post_202,Social Media,Social Media,2026-06-12 18:38:59,handle_46,,"Wishlist is full, checkout is empty. Had this in wishlist for a month waiting for a drop. Returning it immediately.",,https://twitter.com/status/gen_202,,,Wishlist / save intent,,457.0,en,UNCERTAIN,NO,YES,YES,YES
sm_post_206,Social Media,Social Media,2026-08-22 18:38:59,handle_97,,"Wishlist is full, checkout is empty. The fabric is so thin and transparent. Fingers crossed it fits.",,https://twitter.com/status/gen_206,,,Product uncertainty,,24.0,en,YES,NO,YES,YES,YES
sm_post_212,Social Media,Social Media,2026-07-17 18:38:59,handle_21,,Finally ordered the wishlisted item. The fabric is so thin and transparent. Returning it immediately.,,https://twitter.com/status/gen_212,,,Wishlist / save intent,,408.0,en,YES,NO,YES,YES,YES
sm_post_214,Social Media,Social Media,2026-07-18 18:38:59,handle_65,,Finally ordered the wishlisted item. Had this in wishlist for a month waiting for a drop. Never buying this brand again.,,https://twitter.com/status/gen_214,,,Wishlist / save intent,,400.0,en,YES,NO,YES,YES,YES
forms_0,Google Forms,Google Forms,2026-08-11 11:15:30,Aditya Gupta,,Wishlist Reason: To save items I like for future planning | Purchase Barrier: Unsure of how the shirt will fit me since sizes vary across brands. Myntra's sizing tool is not reliable enough. | Other Feedback: I wish there were more reviews with customer photos showing the actual color in daylight.,,,,,Product uncertainty,,,en,YES,YES,YES,YES,YES
forms_1,Google Forms,Google Forms,2026-08-11 12:20:00,Meghna Roy,,"Wishlist Reason: To track items for weddings/festivals | Purchase Barrier: I get overwhelmed by having too many similar choices in my wishlist (e.g., 5 red sarees). I don't know how to compare them easily. | Other Feedback: Sharing wishlist with my sister is hard. She has to tell me which saree looks best.",,,,,Purchase decision,,,en,YES,YES,YES,YES,YES
forms_2,Google Forms,Google Forms,2026-08-12 15:40:12,Kunal Shah,,Wishlist Reason: To save shoes I want to buy | Purchase Barrier: I am worried about the quality. Sometimes the leather looks shiny in pictures but turns out to be plastic. I need real user reviews. | Other Feedback: Delivery charges are high for cheap items.,,,,,Product uncertainty,,,en,YES,YES,YES,YES,YES
forms_3,Google Forms,Google Forms,2026-08-12 17:10:05,Divya Nair,,"Wishlist Reason: Just casual browsing and bookmarking | Purchase Barrier: No real reason, I just add them as a bookmark and forget. I don't really have immediate purchase intent. | Other Feedback: A gentle reminder that my wishlisted item is low on stock might make me purchase, but usually I just bookmark and move on.",,,,,Wishlist / save intent,,,en,YES,YES,YES,YES,YES
forms_4,Google Forms,Google Forms,2026-08-13 10:05:45,Rohan Mehta,,Wishlist Reason: To buy later when I have money | Purchase Barrier: I wishlist expensive jackets. I want to buy them but they are out of my budget right now. I will buy only when the price drops. | Other Feedback: The full price is too high.,,,,,Purchase barrier,,,en,YES,YES,YES,YES,YES
