id,source,platform,date,author,title,text,rating,url,product,product_id,category,brand,engagement,language
gp_01,Google Play,Google Play,2026-08-10 12:00:00,Rahul Sharma,,The app is good but I have 15 items in my wishlist and I cannot decide which one to buy. I wish there was a tool to compare the fabrics and fit side by side. It's so confusing.,4.0,,,,,,12.0,
gp_02,Google Play,Google Play,2026-08-11 14:30:00,Priya Patel,,"I wishlisted a beautiful lehenga for my friend's wedding next month. But I am hesitant to buy because the size chart is very confusing. Some reviews say buy one size larger, others say true to size. I don't want to go through the hassle of returning it.",3.0,,,,,,4.0,
gp_03,Google Play,Google Play,2026-08-12 09:15:00,Amit Verma,,"Payment failed three times today while trying to buy shoes from my wishlist. Useless app, please fix UPI payment gateway!",1.0,,,,,,2.0,
gp_04,Google Play,Google Play,2026-08-13 18:22:00,Sneha Reddy,,"I keep adding dresses to my wishlist to buy later. But when I actually go to buy them, half of them are out of stock in my size (S). Why can't you alert me when my wishlisted items are running low on stock?",3.0,,,,,,18.0,
gp_05,Google Play,Google Play,2026-08-14 11:00:00,Vikram Singh,,"Nice app, great fashion collection.",5.0,,,,,,1.0,
gp_06,Google Play,Google Play,2026-08-15 15:40:00,Ananya Sen,,"I have added a lot of office wear kurtis to my wishlist, but I am not sure about the material. It says 'polyester blend' but in some photos it looks very thin and cheap. I wish there was video feedback or clearer close-up fabric shots so I could trust the quality before spending my money.",3.0,,,,,,9.0,
gp_07,Google Play,Google Play,2026-08-16 10:30:00,Rohan Das,,Delivery is extremely delayed! Ordered a t-shirt 8 days ago and it is still in transit. Customer service is not responding to calls. Terrible experience.,1.0,,,,,,5.0,
gp_08,Google Play,Google Play,2026-08-17 21:05:00,Meera Joshi,,"I love the wishlist feature. I add items I like so I don't lose them. But I wish there was a way to organize my wishlist into folders like 'Workwear', 'Casuals', 'Party'. Right now it's just a long unsorted list and I get overwhelmed trying to choose what to buy, so I end up buying nothing.",4.0,,,,,,22.0,
aaea95ed-0dc4-408a-8dc9-65a9369015cc,Google Play,Google Play,2026-08-22 18:35:34,X RAY,,nice,5.0,,,,,,0.0,
cef14148-c6ce-48ac-942e-c4c6c6037ef0,Google Play,Google Play,2026-08-22 18:34:15,Guneet and Laveetra Kanwar,,👍🏻👍🏻,4.0,,,,,,0.0,
0b44e865-2a31-4790-828d-3069ed7ff15f,Google Play,Google Play,2026-08-22 18:33:23,JOKER51K GAMER,,nice,5.0,,,,,,0.0,
c98e512e-0ac6-4315-ba0c-7bec82913123,Google Play,Google Play,2026-08-22 18:26:35,Avni Narang,,"Myntra is one of my favorite shopping apps because it offers a fantastic combination of variety, quality, convenience, and a smooth shopping experience. The app has a huge collection of clothing, footwear, accessories, beauty products, and many other lifestyle items, making it easy to find something for every style and occasion. I especially love how simple and user-friendly the app is, with clear product pictures, detailed descriptions, size options, customer reviews.",5.0,,,,,,0.0,
e53f5b38-83a8-4bae-a6f0-78a5334a24de,Google Play,Google Play,2026-08-22 18:25:07,Ritu Yadav,,great,4.0,,,,,,0.0,
4a6be6f1-9c46-4ee2-bd67-d5f369003508,Google Play,Google Play,2026-08-22 18:21:51,Siddharth Kumar,,worst experience ever the delivery person delayed my order 2 times and no response from delivery person,1.0,,,,,,0.0,
67d5cd1f-a0df-498f-9091-8c955b962476,Google Play,Google Play,2026-08-22 18:21:46,Gunveer Singh,,No MORE PREMIUM APP.,1.0,,,,,,0.0,
dbc0c27d-e8c0-46de-a315-376707390bf5,Google Play,Google Play,2026-08-22 18:21:34,tarun,,pathetic app Myntra credit itself taking 72 hours ... they stuck customer money like cheap apps. cancel order themselves even after receiving payment,1.0,,,,,,0.0,
c629c92e-b178-468d-8b68-9f6c87037bbb,Google Play,Google Play,2026-08-22 18:21:15,Shayam Babu,,nice 👍,5.0,,,,,,0.0,
b805ea39-3354-4116-96b7-17c3b190334a,Google Play,Google Play,2026-08-22 18:15:47,Subhi,,good app but they unfortunately stopped giving myncash after every purchase which was a good deal for me as a customer,4.0,,,,,,0.0,
164cb91b-44db-4157-a64f-9b01677803c8,Google Play,Google Play,2026-08-22 18:15:37,Vaibhav Pal,,best app,5.0,,,,,,0.0,
5d214a0d-eb88-4f44-b9db-f1f676ad0814,Google Play,Google Play,2026-08-22 18:14:36,Abdul Rawoof,,best,5.0,,,,,,0.0,
73e5fc10-c23b-4436-9f02-7305c1ae2219,Google Play,Google Play,2026-08-22 18:09:59,Mohd Arfat,,good experience,5.0,,,,,,0.0,
a9686d70-76bd-4d73-b67d-77022f9cb659,Google Play,Google Play,2026-08-22 18:05:59,Happy Kumar,,good,5.0,,,,,,0.0,
3ba84d76-9672-4db6-9120-f92c37c766e3,Google Play,Google Play,2026-08-22 18:05:53,Sunita Sharma,,I am using mantra last 10 years .all products are very good and experience is excellent,5.0,,,,,,0.0,
8218ee1d-f48d-43da-9b48-56fc93d3e2cb,Google Play,Google Play,2026-08-22 18:05:02,SUMIT KUMAR 07,,good product overall and nice app,5.0,,,,,,0.0,
d92d76c4-b60f-4716-ae17-6bc2de8cf56c,Google Play,Google Play,2026-08-22 18:04:20,Kalpana Chauhan,,very nice,5.0,,,,,,0.0,
af3f461b-3583-4736-bcaa-66329e3a7d1c,Google Play,Google Play,2026-08-22 18:03:38,Pooja Rajput,,all product is good quality nd myntra is trusted side,5.0,,,,,,0.0,
2afd1d83-403d-498e-91d8-c1f5dd311e4c,Google Play,Google Play,2026-08-22 17:53:25,Deepak Dipu,,nice shopping app,5.0,,,,,,0.0,
97cc9834-bb17-4327-b081-029811af5fd8,Google Play,Google Play,2026-08-22 17:52:51,neha khare,,very bad experience sem kapde ki quality ek bar acchi aati hai aur dusra mangaane per bahut hi bekar quality mein aata Hai return karne per rs 10 kat ke aate Hain,1.0,,,,,,0.0,
6add0060-993d-42e2-bb4a-4546648ec481,Google Play,Google Play,2026-08-22 17:52:13,Ratan Srivastava,,Exellent. High premium quality of products deliver every time at very reasonable price. Packing and delivery good. Thanks Myntra Team.,5.0,,,,,,0.0,
b4c2c0b4-b540-48d1-bc8f-c971bffa7fcc,Google Play,Google Play,2026-08-22 17:50:52,Arshil xpro8bp,,good experience,5.0,,,,,,0.0,
006295ae-3e94-4b5c-b63a-6645f548d760,Google Play,Google Play,2026-08-22 17:50:12,Attia Mirza,,nice app,5.0,,,,,,0.0,
a117eb75-2383-46ad-a8c8-18ac76c5482f,Google Play,Google Play,2026-08-22 17:49:57,vanita arya,,nice product,5.0,,,,,,0.0,
6014860c-a961-4d1e-89ee-85c7d5000170,Google Play,Google Play,2026-08-22 17:47:43,Bharati Sahu,,wow,5.0,,,,,,0.0,
e235f589-d7bf-43cc-aa93-62634304960b,Google Play,Google Play,2026-08-22 17:46:22,Raja Debnath,,"product quality is very good , and customer care also good",5.0,,,,,,0.0,
3d88e9fa-afc9-46ab-b336-4fe32022e366,Google Play,Google Play,2026-08-22 17:44:30,Jayamani Kp,,i love it,3.0,,,,,,0.0,
10e30995-d4a2-4957-94f5-4f200095b70f,Google Play,Google Play,2026-08-22 17:43:32,Apoorva,,Received best product everytime,5.0,,,,,,0.0,
03c388ea-978f-4f3b-943a-3de9da67682c,Google Play,Google Play,2026-08-22 17:43:24,Anjali Reddy,,Good Quality Good service thank you Myntra,4.0,,,,,,0.0,
96b5685f-0362-4852-a17d-7636a0bca730,Google Play,Google Play,2026-08-22 17:41:11,Mdkamar Ansari,,best myntra,5.0,,,,,,0.0,
e9907f24-fd56-47e7-90a1-754cba85645b,Google Play,Google Play,2026-08-22 17:40:14,Vaika rajeev PR,,super 😊,5.0,,,,,,0.0,
5353f1b1-a75c-4572-84cf-2217c4aa8801,Google Play,Google Play,2026-08-22 17:36:46,Golu Saini,,Good product,5.0,,,,,,0.0,
a06c9a8b-4fe0-4a04-9205-15f354cd33a2,Google Play,Google Play,2026-08-22 17:34:12,Mohd Shafi Mir,,nice,5.0,,,,,,0.0,
91a8e428-ec7b-4757-aa07-c676b06771a2,Google Play,Google Play,2026-08-22 17:34:08,vivek agarwal,,nice Saree,5.0,,,,,,0.0,
f74b8950-03c1-4ace-b96e-0da972a04622,Google Play,Google Play,2026-08-22 17:30:33,Ayeshatabassum,,it has very affordable prices and great quality and product and no problem while ordering any product i will recommend everyone to download and use this app it's very convenient and affordable thank you myntra,5.0,,,,,,0.0,
7c8d9cf9-d86f-428a-9f4e-98fcfbaa76f3,Google Play,Google Play,2026-08-22 17:30:26,Hansraj Verma,,good product 👍,5.0,,,,,,0.0,
008a4f84-7f4a-4989-950f-7fa172553750,Google Play,Google Play,2026-08-22 17:30:13,Piyush Turi10,,🔥,5.0,,,,,,0.0,
cdeb30e1-1445-4af7-9ce2-90ff39452440,Google Play,Google Play,2026-08-22 17:27:36,Shankar Kumar,,good,5.0,,,,,,0.0,
d43a4a24-32c4-4010-b014-4d6a59176537,Google Play,Google Play,2026-08-22 17:25:38,arsh merchant,,Great experience shoping here,5.0,,,,,,0.0,
8c08563c-85e9-42d0-9971-6f0f0f406cb1,Google Play,Google Play,2026-08-22 17:25:24,Naina Ram Boosi,,good app and product,5.0,,,,,,0.0,
56e18abc-749b-44b5-bc68-69856a38d6ac,Google Play,Google Play,2026-08-22 17:22:59,SJ Mark,,earlier ordered a salwar kurta from myntra from another Id which was of much high price. But received product was with worst quality. same product was available at flipkart for just Rs. 250. It was seen as if flipkart product was delivered not myntras product. The received product was of very cheap quality,3.0,,,,,,0.0,
65bfd936-1677-4b61-8588-91639a5ea7d6,Google Play,Google Play,2026-08-22 17:21:23,Faiyaz shaikh_9000,,my order is being delayed from 14 days because price got increased after i ordered. and their customer support repeatedly requests to wait 48 hour😆,1.0,,,,,,0.0,
5b7daf78-2e5b-467c-932f-043957e01da1,Google Play,Google Play,2026-08-22 17:20:29,Janvi Gaud,,very nice,5.0,,,,,,0.0,
d1c0b869-acc9-4704-9c31-ddbce42f81cb,Google Play,Google Play,2026-08-22 17:19:36,Muskan Chhillar,,one of the best shopping app,5.0,,,,,,0.0,
b45f82b7-f880-40bf-8245-9ffbb7903a07,Google Play,Google Play,2026-08-22 17:18:44,Dolly Singh,,"my best experience over myntra is bcz you have great return and refund policy, if i find any brand over there website even with little extra discount but still i choose to order it from myntra i feel safe , secure and not to be cheated. 🫠🫠",5.0,,,,,,0.0,
477d11a1-c415-4644-add6-8fa3e502f468,Google Play,Google Play,2026-08-22 17:18:42,Rukmani Banjara,,best,5.0,,,,,,0.0,
67dceefd-5daf-4ec9-a525-7e56612dd365,Google Play,Google Play,2026-08-22 17:17:25,Ayush R M,,"very bad service centre and help center they are keep waiting you for 6 day and after that they say we have no reason to tell you why your order is let they make us full so do not order anythingWorst shopping app. They have no value for their customers. My order was delayed several times without any proper update, and then it was cancelled without my permission or even informing me beforehand. This is completely unacceptable. Customer service failed to resolve the issue and kept extending",1.0,,,,,,0.0,
3a1b771c-045a-4772-9520-ac4f0e2bffe9,Google Play,Google Play,2026-08-22 17:16:44,Promila Sharma,,best product,5.0,,,,,,0.0,
92fc3a11-9d9f-4943-a43a-da0e161a92f9,Google Play,Google Play,2026-08-22 17:15:55,Rajni Tomar,,very goodddd,5.0,,,,,,0.0,
f749be83-2df2-4a11-ad96-89b174a24787,Google Play,Google Play,2026-08-22 17:15:43,RAJASEKHAR REDDY GAYAM,,super,5.0,,,,,,0.0,
77e7518b-df4e-4b7b-ae1b-ef11079195ad,Google Play,Google Play,2026-08-22 17:15:19,Achsah Mohan,,Good one 🤍,5.0,,,,,,0.0,
e34fa858-a2f8-4ec3-af6a-95ee85e6a50e,Google Play,Google Play,2026-08-22 17:15:19,Rakesh Patel,,good,4.0,,,,,,0.0,
1736b633-0856-4d01-a762-6d309743fa1c,Google Play,Google Play,2026-08-22 17:12:20,sayeeda omer,,perfect app for shopping,4.0,,,,,,0.0,
8253da2b-c2df-4d34-9d3a-95c3d12ee01b,Google Play,Google Play,2026-08-22 17:10:36,Kaveri Gavale,,good experience🩷,5.0,,,,,,0.0,
50e51a27-e00a-40c2-b112-e69d0e992653,Google Play,Google Play,2026-08-22 17:09:53,Sulekha Kumari,,good 👍,5.0,,,,,,0.0,
cfa87155-708a-4274-9a14-102de38262da,Google Play,Google Play,2026-08-22 17:09:26,Nilofar Nilu,,this aap have appealing design,5.0,,,,,,0.0,
ab744f15-f2fe-4ed6-aeb5-d982758cfd36,Google Play,Google Play,2026-08-22 17:07:29,rupendra patle,,Very affordable prices,5.0,,,,,,0.0,
3b6c7f98-0aeb-4c11-a85c-698229da5eeb,Google Play,Google Play,2026-08-22 17:02:06,Rahul Lk,,nice Rakhi,5.0,,,,,,0.0,
ac164485-a3db-41dd-9f32-439c32da4be7,Google Play,Google Play,2026-08-22 17:00:46,MAHALAKSHMI DURGA HANUSVI PENNADA,,I have cancelled my order and it has been 11 days still I haven't received my refund,1.0,,,,,,0.0,
f2f46afd-f34c-432b-ba5d-107f08dd3fa6,Google Play,Google Play,2026-08-22 17:00:32,Crazy Girl,,disgusting app poor service customer care...,1.0,,,,,,0.0,
a8e33d32-f2a9-47a6-984c-7cc86b235efd,Google Play,Google Play,2026-08-22 17:00:06,Shree Ram,,best app I ever seen,4.0,,,,,,0.0,
35301c27-faa1-41b1-a000-fb88f815577b,Google Play,Google Play,2026-08-22 16:59:10,Jayanta Das,,good,5.0,,,,,,0.0,
60f109c7-a2b4-482b-b204-2a74f57e1b86,Google Play,Google Play,2026-08-22 16:58:08,Anamika Singh,,best shopping app,5.0,,,,,,0.0,
458060ea-fe84-480f-946c-20d8ac6d3df8,Google Play,Google Play,2026-08-22 16:56:54,satveer singh,,everything are amazing and products quality is awesome👍,5.0,,,,,,0.0,
3be0cee3-6b96-4148-b4da-4ec461459222,Google Play,Google Play,2026-08-22 16:56:51,Shrawani Tumedwar,,best 👍,4.0,,,,,,0.0,
9643705c-2abb-40dd-ad1f-b088ecc1f93b,Google Play,Google Play,2026-08-22 16:49:01,Kushal Sain,,delivery parter are very bad,1.0,,,,,,0.0,
3cf6986a-9ab3-4caa-88a6-11e762899ef5,Google Play,Google Play,2026-08-22 16:47:37,Priya Tamrakar,,"My experience with Myntra has been quite good. The express service, the quality everything is great.",5.0,,,,,,0.0,
8050afb4-7370-47c4-92ea-749b4643046d,Google Play,Google Play,2026-08-22 16:44:30,lovely karthi,,nice shoping,5.0,,,,,,0.0,
e30338a6-9621-4895-8e9c-ed8f612ed287,Google Play,Google Play,2026-08-22 16:40:30,Juhi Kumari,,mera experience myntra ke sath hmesha se best rha hai ❤️🥰,5.0,,,,,,0.0,
aecded0b-e52c-4bb7-94cc-76d10da18ce9,Google Play,Google Play,2026-08-22 16:39:19,Hero Gaming,,good,5.0,,,,,,0.0,
db78065c-3916-4d0b-9e5c-4a5861f49a86,Google Play,Google Play,2026-08-22 16:39:11,abhishek yadav,,worrest waste waste waste app,1.0,,,,,,1.0,
e567f645-e161-4bc5-94dd-87044ea29b22,Google Play,Google Play,2026-08-22 16:38:48,Ipsita Sahu,,excellent,5.0,,,,,,0.0,
a9c3765b-dfe7-43ce-be9a-170f0b31cf0d,Google Play,Google Play,2026-08-22 16:38:27,Shreya Pandey,,best app for shopping....having options help me choose my preferences,5.0,,,,,,0.0,
2aef708f-f81f-42b5-9c48-df38b276f822,Google Play,Google Play,2026-08-22 16:32:32,Nehachouhan,,good,5.0,,,,,,0.0,
0f057c13-ba3b-44ed-a1c7-e306d1766802,Google Play,Google Play,2026-08-22 16:32:17,neeky saini,,"Great quality, fast delivery, and smooth shopping experience. Loved it! 🛍️✨",5.0,,,,,,0.0,
a602e4ae-4d0c-4d9f-9a76-28ab9a5d9348,Google Play,Google Play,2026-08-22 16:30:21,Mistha #,,easy and good quality,5.0,,,,,,0.0,
8626f98f-d03b-46a9-b31c-a076e77c492d,Google Play,Google Play,2026-08-22 16:29:38,Deepa Jaiswal,,it's good 😊 i m happy to Shop online,5.0,,,,,,0.0,
fc884174-1aa7-48aa-a1c6-e1185474378a,Google Play,Google Play,2026-08-22 16:29:05,srihari kulukuri,,excellent,5.0,,,,,,0.0,
06744991-be3c-4f23-a8cd-fe22b409bb26,Google Play,Google Play,2026-08-22 16:28:22,Priya Thakur,,"This app has no safety for customers' orders. I neither received my parcel nor was I contacted by the delivery person. But the status of my parcel shows 'Delivered'. I did not get any OTP and no one called me to get one, so how can this app show that the parcel was delivered? I have raised this query, and now they are going to resolve this issue in 5 days, which means it is going to be super late - after my relative's birthday, for whom this parcel was a gift.",3.0,,,,,,0.0,
07015f27-c191-486b-8759-30b46d07d8c3,Google Play,Google Play,2026-08-22 16:28:08,Abhay Sharma,,"I have never had such a bad experience buying a product. The product itself is good, but first of all, it was not delivered to my home or anywhere near my house, so I had to travel 4 km to collect it. Also, the T-shirt I received was much larger than a normal L size. I requested an exchange, and when I travelled 4 km again from my home for the exchange, the delivery person told me that the exchange could not be processed because the system was unable to scan the product. Now, I will have to trav",2.0,,,,,,0.0,
fb810dd0-2a61-4005-83c2-0e4b2cf14da1,Google Play,Google Play,2026-08-22 16:27:08,amrita kumari,,amazing experience with app hassle free shopping,5.0,,,,,,0.0,
6d329008-c837-4955-bba3-efaa876a9408,Google Play,Google Play,2026-08-22 16:19:09,Shivani Mittal,,"nice aap sb bhi product mgva sakte ho real h , quality h",5.0,,,,,,0.0,
5c292362-c511-49b8-b162-2392ec1e5346,Google Play,Google Play,2026-08-22 16:18:11,Jassprit B Singh,,hiii it was really surprising for me that I got my order.as it should be delivery on 18 aug 2026 but I deliver it on 21 aug.i was expecting it will not come to me and I was deciding that further I will not order from hére.but you made my day.that you myntra.,5.0,,,,,,0.0,
db960692-859f-4b9f-9488-862ee97bfc71,Google Play,Google Play,2026-08-22 16:17:14,Dibbo 345,,"very bad experience did not expect this, I wanted a size exchange the shoe comes to my door step the delivery person approves the item,that no damage has been made but the code on the tag doesn't match.Days have passed no assist from the apps side.Even the exchange day had passed no notice was made whether it will be sent or not.Then suddenly today it is showing cancelled no notifications of that either that the delivery would be done today and now the exchange has been cancelled by employee",1.0,,,,,,0.0,
6330a7a6-02ef-46b2-addf-dad642ceb6b0,Google Play,Google Play,2026-08-22 16:17:13,Bully Kutta shorts,,very good,5.0,,,,,,0.0,
54fd5747-4242-4c3c-8ee4-219cadca83db,Google Play,Google Play,2026-08-22 16:15:33,Rishika Rathore,,👍🏻👍🏻,5.0,,,,,,0.0,
0a63b73a-55c2-480c-8e16-6f3841e57a15,Google Play,Google Play,2026-08-22 16:15:18,Vineela Valeti,,amazing,5.0,,,,,,0.0,
c2372088-e49e-4e60-bb91-0dd535cbe33f,Google Play,Google Play,2026-08-22 16:13:50,Narayana Naik,,best is myntra,5.0,,,,,,0.0,
08145f9c-72d7-405c-9836-4b984a9cda70,Google Play,Google Play,2026-08-22 16:13:33,Aman Kasyap,,too much good yrrr,5.0,,,,,,0.0,
e35461ab-6cc9-499b-848d-d26a7c7affd6,Google Play,Google Play,2026-08-22 16:12:30,LALAN KUMAR,,excellent,5.0,,,,,,0.0,
e99bc08c-abbf-445b-b558-da4dafbcc71a,Google Play,Google Play,2026-08-22 16:10:55,Antara Khatun,,"⭐️⭐️⭐️⭐️⭐️ “Overall, Mamaearth Charcoal Black Long Stay Kajal mujhe kaafi achha laga. Iska black colour deep aur beautiful hai, jo eyes ko instantly define karta hai. Application smooth hai aur lagane mein zyada effort nahi lagta. Kajal comfortable feel hota hai aur everyday makeup ke saath-saath party looks ke liye bhi perfect hai. Pack of 2 hona bhi kaafi convenient hai aur value for money feel hota hai. Simple eye look ko enhance karne ke liye definitely a great choice! 🖤✨”amazing app 👍🏻",5.0,,,,,,0.0,
18242b77-97d6-41a6-8a6e-f3b97503b8cc,Google Play,Google Play,2026-08-22 16:07:41,Tanvaiz Seth,,the worst app to buy products too much delayed delivery and still didn't got the product even after complaining 4 to 5 times,1.0,,,,,,0.0,
34b6706d-8f49-4842-851d-e6174e409d7d,Google Play,Google Play,2026-08-22 16:03:09,Prem Charan,,wow,5.0,,,,,,0.0,
06347fe4-2c54-488e-a063-1090f6b39945,Google Play,Google Play,2026-08-22 16:01:55,Tika Lal Khanal,,Very Nice Product.,5.0,,,,,,0.0,
6432aa9b-ff00-4bed-93b2-17baba9efdce,Google Play,Google Play,2026-08-22 16:00:39,Geeta parihar,,very good,5.0,,,,,,0.0,
793d4698-3ddc-42f1-a4d6-521418976bb5,Google Play,Google Play,2026-08-22 15:58:46,Himanshi Thakur,,wonderful staff,5.0,,,,,,0.0,
c15ae157-a756-4d2b-808c-f55a247ee551,Google Play,Google Play,2026-08-22 15:55:48,garima khatwani,,the service of myntra is declining by day do not take prepaid orders as they do not deliver it sometime and mark it as close ticket when the issue is raised. so you will lose money without getting product,1.0,,,,,,0.0,
118c416d-90ab-4292-b389-5bc98d04a9a7,Google Play,Google Play,2026-08-22 15:54:32,pushpalatha2026,,user friendly app,5.0,,,,,,0.0,
e3881119-a121-4082-9584-773f6c8e8627,Google Play,Google Play,2026-08-22 15:53:51,Chandani sutar,,"Best Fashion Find Ever—Totally Worth It! ⭐⭐⭐⭐⭐""Myntra never disappoints with its clothing collection! This piece offers incredible value for money. The fabric didn't shrink or lose color after the first wash, which proves its top-notch quality. The entire shopping experience—from browsing to the lightning-fast delivery—was incredibly smooth. Check out my styling video to see how it moves!""",5.0,,,,,,0.0,
3a061dc2-d942-49f0-ad3a-79f91f95c2e2,Google Play,Google Play,2026-08-22 15:52:40,harbans singh,,"amazing product, fitting as per the specifications.",5.0,,,,,,0.0,
6fea96f4-48c9-473d-afca-6e0559a8cea7,Google Play,Google Play,2026-08-22 15:50:42,Dhara Vyas,,myntra is bogus and fraud platform. don't buy from here. if you return product you will not received your refund money even after multiple follow ups. cheater bogus company.,1.0,,,,,,0.0,
b2117b62-0d0a-41f3-8e0d-58e8c935d907,Google Play,Google Play,2026-08-22 15:50:09,Mohammed Taher,,nice,4.0,,,,,,0.0,
ebaa1605-6cf2-4655-a09d-03638874297d,Google Play,Google Play,2026-08-22 15:50:08,manik sarkar,,better app than any other and unbeatable,5.0,,,,,,0.0,
65a223d6-4494-440e-9d88-be0739dc644c,Google Play,Google Play,2026-08-22 15:49:48,Atendra Yadav,,nice,5.0,,,,,,0.0,
0354942c-8f8c-48fa-a955-1895e35caf07,Google Play,Google Play,2026-08-22 15:46:53,Nikita Garg,,very poor coustomer service,1.0,,,,,,0.0,
2b33a51b-c010-4966-9b67-d1c0149c6383,Google Play,Google Play,2026-08-22 15:46:50,Indraja Bandaru,,"superb Application for online shopping, And providing very good quality products. Trustable App",5.0,,,,,,0.0,
8db789a9-7e5c-4802-b0c7-b236dffac8af,Google Play,Google Play,2026-08-22 15:44:21,SUNITA KHARE,,good,5.0,,,,,,0.0,
363ae86c-158f-4638-8f38-e46a36809552,Google Play,Google Play,2026-08-22 15:43:44,Neetu Shukla,,best,5.0,,,,,,0.0,
ecfc7f58-49fe-434f-926e-1be98ff08868,Google Play,Google Play,2026-08-22 15:42:16,AJAY KUMAR P,,not delivered customer no almost attend one time also not delivered that product,1.0,,,,,,0.0,
4c521019-cfb4-43eb-b691-a4cc8fb1924c,Google Play,Google Play,2026-08-22 15:40:59,Rakesh Ramteke,,nice kurata but not adjusteble,5.0,,,,,,0.0,
c6204ced-b919-4eda-8a12-a2064fc0014b,Google Play,Google Play,2026-08-22 15:36:52,Amruta Vhora,,very good aap,5.0,,,,,,0.0,
349a042c-5d41-4ae3-ae03-c378f156b464,Google Play,Google Play,2026-08-22 15:35:28,Riya Pareek,,Nice,5.0,,,,,,0.0,
2be618f3-5cad-4286-abe8-11689037b8b8,Google Play,Google Play,2026-08-22 15:32:43,The Patel Official . 1.6M,,good,4.0,,,,,,0.0,
b0f78814-2940-49f1-a842-0066533a34ff,Google Play,Google Play,2026-08-22 15:30:38,Yusuf Ali,,genuine product,5.0,,,,,,0.0,
723266e0-3764-4aa7-98b4-667966aa405c,Google Play,Google Play,2026-08-22 15:28:46,PRADEEP KUMAR,,excellent,5.0,,,,,,0.0,
c4216a07-2953-4f6b-8139-4e729df823ec,Google Play,Google Play,2026-08-22 15:22:04,Lokesh Loki,,good,3.0,,,,,,0.0,
4d9b6d92-92a9-419d-9311-0a66620dad43,Google Play,Google Play,2026-08-22 15:21:58,Vaishali,,good,5.0,,,,,,0.0,
15040db2-dc46-4a92-99f0-974bafedb730,Google Play,Google Play,2026-08-22 15:21:24,nisha das,,all time favourite,5.0,,,,,,0.0,
92fabc49-daca-4cc9-a145-ce7b94f8e446,Google Play,Google Play,2026-08-22 15:20:51,Beant Kaur,,excilent very nice product feeling good i am happy with original product,5.0,,,,,,0.0,
3876a7d3-5fcf-49ed-bd3c-c012b8de2f14,Google Play,Google Play,2026-08-22 15:20:12,Lucky Pratap,,so good,5.0,,,,,,0.0,
42388d31-c873-4be3-ae80-3386fb3c1558,Google Play,Google Play,2026-08-22 15:20:03,Naina Verma,,"My experience with Myntra was overall very good and learning-oriented. The work environment was professional, and I got opportunities to learn new skills and improve my knowledge. The team members were supportive, and working with them helped me develop better communication, teamwork, and problem-solving skills. Although some tasks were challenging and required meeting deadlines, the overall experience was valuable and beneficial for my personal and professional growth.",5.0,,,,,,0.0,
21b6f0ec-73e9-41ac-80cf-55ace8493225,Google Play,Google Play,2026-08-22 15:19:43,Rock Gamer,,good 👍🏻😊,4.0,,,,,,0.0,
540488a7-5a72-496b-ac26-1edfaa57133c,Google Play,Google Play,2026-08-22 15:19:20,Sai Vinay,,good,5.0,,,,,,0.0,
d379a79e-c97b-4dee-898a-a97bc81f4d42,Google Play,Google Play,2026-08-22 15:18:13,Nauman Shaikh,,very good,5.0,,,,,,0.0,
ab169216-6bd2-4998-b7d7-8c0f5287cddb,Google Play,Google Play,2026-08-22 15:17:27,arjun parth singh,,great app,5.0,,,,,,0.0,
f9c1c528-02ae-4934-b910-cb688de8f6ec,Google Play,Google Play,2026-08-22 15:15:32,imran shaikh,,worst delivery from Myntra partner Ekart giving Zero rating too much disappointed ☹️,1.0,,,,,,0.0,
b33f9d00-1ba4-40ad-946b-46f84d42f3e3,Google Play,Google Play,2026-08-22 15:14:24,Shreya Verma,,I have been using myntra app from last 5 years and I loved the clothes collection,5.0,,,,,,0.0,
1a2134e4-3abc-425b-8233-0d337ba265df,Google Play,Google Play,2026-08-22 15:13:51,Pooja Sahu,,this app to much good app i love it😍,5.0,,,,,,0.0,
fc1be19a-7521-4cda-aa7e-7dcf27f72efb,Google Play,Google Play,2026-08-22 15:11:47,Nuzhat Perween,,very good experience,5.0,,,,,,0.0,
eafc3d24-b897-4248-8cbb-77f1f438979b,Google Play,Google Play,2026-08-22 15:11:22,Banokumar Dalui,,very nice,5.0,,,,,,0.0,
5f2927b4-d7dd-4626-a5cf-183298eb0619,Google Play,Google Play,2026-08-22 15:10:45,ricky raza chauhan,,🔥,5.0,,,,,,0.0,
6d486fd6-e814-4be7-9fc1-6db69dd7ef0e,Google Play,Google Play,2026-08-22 15:06:42,Surendra Kumar,,bad 👎,1.0,,,,,,1.0,
4906d791-edb8-4bce-b1bd-f1527f84ce35,Google Play,Google Play,2026-08-22 15:06:16,Smitha Rao,,reliable app for your purchase. thank u myntra,5.0,,,,,,0.0,
dc0c5f62-25bc-481a-8743-faa565d2fe24,Google Play,Google Play,2026-08-22 15:04:34,Fatima,,best app and provide good products,5.0,,,,,,0.0,
8602e009-6175-48b4-a7f3-c3434fd206ea,Google Play,Google Play,2026-08-22 15:03:27,Raghavendra Rathore,,Grt product,5.0,,,,,,0.0,
8ca14c75-077b-42ef-aa78-c0b2de956701,Google Play,Google Play,2026-08-22 15:03:27,Pankaj Wadhwani,,superb product and world class offers 🥰,5.0,,,,,,0.0,
10a68c8d-7ad6-4323-88fe-cbb098a0ca25,Google Play,Google Play,2026-08-22 15:00:46,Harathi Kondapalli,,good,4.0,,,,,,0.0,
1f0de8f9-a667-4da9-ad57-c24038d9a6a0,Google Play,Google Play,2026-08-22 14:58:57,Ritika Bisht,,best quality and love all products 💝😍,5.0,,,,,,0.0,
b11a83a6-6af6-4b0d-9e5c-58055ee44afc,Google Play,Google Play,2026-08-22 14:57:27,Vivek Sharma,,I had a good experience with Myntra.,5.0,,,,,,0.0,
49b6bae3-fbf1-47bb-b04c-a4d698f0fc21,Google Play,Google Play,2026-08-22 14:57:08,Najirul Islam,,best app,5.0,,,,,,0.0,
1b2be6a0-f616-44f2-ad91-94eb0246fd91,Google Play,Google Play,2026-08-22 14:56:35,Singh Mohit,,i love to shop From. every time new style with good quality,5.0,,,,,,0.0,
0999b337-6972-484b-9389-181d00df1d4c,Google Play,Google Play,2026-08-22 14:53:41,Manish Shukla,,good and best,5.0,,,,,,0.0,
27eb7580-e5c2-4ee4-aa85-26f9080a35df,Google Play,Google Play,2026-08-22 14:51:30,Avil Karkada,,wonderful app for korean beauty products with fastest delivery,5.0,,,,,,0.0,
449e1db3-f957-4825-a9c4-db140a6c25ac,Google Play,Google Play,2026-08-22 14:49:52,Dev Maradia,,"the service is very poor, the order was placed on 6th of August and till 21st of August they were keep saying, give us 48 hours and now they just cancelled that order and even can not communicate on call properly, no proper answers.",1.0,,,,,,0.0,
897bbf1e-793f-4927-8247-25b6a66be0fd,Google Play,Google Play,2026-08-22 14:48:32,Radhika Jandial,,"easy to place order, return and exchange sizes or any other item on behalf of it.... 😍👍",5.0,,,,,,0.0,
7c48fc9a-eb24-409c-8a9b-6db5419c380a,Google Play,Google Play,2026-08-22 14:48:29,Tanmay patil,,the quality of products ordered from myntra is really good,5.0,,,,,,0.0,
a133bff1-dd29-4d5e-a9dc-7951d8d0357d,Google Play,Google Play,2026-08-22 14:47:51,Satish Aduri,,Nice shirt everyone check it,5.0,,,,,,0.0,
e28b5a51-9699-4c3a-90d5-1e5965b9fc58,Google Play,Google Play,2026-08-22 14:45:22,S H A R M A,,nice,5.0,,,,,,0.0,
cc9f2637-3722-487c-a833-b564af1ff158,Google Play,Google Play,2026-08-22 14:36:11,Siddharth Joshi,,best expereience,5.0,,,,,,0.0,
82d647be-aee1-4e33-b2f7-7bc4efb65fab,Google Play,Google Play,2026-08-22 14:35:38,mayank dobariya,,nice portfolio of quality product,5.0,,,,,,0.0,
da6e772d-b9f8-4762-bcf8-513ccc6a716c,Google Play,Google Play,2026-08-22 14:35:00,Manom Wynji,,nice,5.0,,,,,,0.0,
c28d101a-dfa0-4089-a03f-e37cebfda0fc,Google Play,Google Play,2026-08-22 14:34:12,Sayali S. Roy,,love the app because it's so easy to navigate and shop on. love the product collection as well.,4.0,,,,,,0.0,
90f207ec-4871-48f1-a436-3cd78873eb43,Google Play,Google Play,2026-08-22 14:32:58,govind mohan sharma,,trusted app for style and fashion.,5.0,,,,,,0.0,
dd216b02-6d2b-4586-8191-6c032e83a749,Google Play,Google Play,2026-08-22 14:32:58,Aashima Jain,,good app and experience❤️,5.0,,,,,,0.0,
bad4dd2f-38db-4a39-9cb3-70aa77ccba88,Google Play,Google Play,2026-08-22 14:32:50,Ranjeet Rajput,,it's more affordable app,5.0,,,,,,0.0,
97e4be9e-d055-49cc-abda-0a364ca4ad6e,Google Play,Google Play,2026-08-22 14:31:40,Paramita Das,,beautiful app 👌👌,5.0,,,,,,0.0,
ec97de7b-6aa0-42be-9152-6baacc1622eb,Google Play,Google Play,2026-08-22 14:31:36,Chanchal Aggarwal,,good experience,5.0,,,,,,0.0,
30538c1e-71fb-4eea-9d54-6847021db927,Google Play,Google Play,2026-08-22 14:30:58,Ruma Khatun,,good,4.0,,,,,,0.0,
0605e6f3-db92-4b22-8b44-146ff6a228ab,Google Play,Google Play,2026-08-22 14:30:21,Bisu Biswal,,Very nice product and timely delivery,5.0,,,,,,0.0,
91a303a3-bb08-47ff-83c5-817464f292ca,Google Play,Google Play,2026-08-22 14:23:04,ULTRA WIDE,,good 👍,5.0,,,,,,0.0,
e57b2625-8cad-49a5-a498-c76ee3a7441a,Google Play,Google Play,2026-08-22 14:22:45,R.k. Yadav,,very nice app,5.0,,,,,,0.0,
f61f803d-44bf-4d2f-aab6-7527b14a61a2,Google Play,Google Play,2026-08-22 14:21:28,Tejaswini Raghu,,superb quality products,5.0,,,,,,0.0,
ae9120a6-04df-422a-ac52-5a988952fb42,Google Play,Google Play,2026-08-22 14:21:03,Rohit Jana,,godddddd levell,5.0,,,,,,0.0,
9131348e-cdd2-423d-a53e-2b39d9fb2bcb,Google Play,Google Play,2026-08-22 14:20:47,Sa Singh,,good 😊,5.0,,,,,,0.0,
706a48b5-cb7e-49ae-b62c-89f5aa501769,Google Play,Google Play,2026-08-22 14:18:15,Nazar Official,,i love myntra,5.0,,,,,,0.0,
1fb2e4e8-4076-4075-b10b-b6223714881d,Google Play,Google Play,2026-08-22 14:18:11,Rajender,,Best for branded item purchase,5.0,,,,,,0.0,
2da5d7e0-95c2-4583-9883-1e263a6f714f,Google Play,Google Play,2026-08-22 14:16:21,Shivam raizada,,very good app,5.0,,,,,,0.0,
26a524a2-c4c0-4f1d-b0ea-ef0da5ed8739,Google Play,Google Play,2026-08-22 14:13:33,Biman Mandal,,very useful app.,5.0,,,,,,0.0,
30bb6184-8c8e-406a-8277-a5e9db021d50,Google Play,Google Play,2026-08-22 14:10:42,Vijay Bhagyawani,,nice product app online service best cosmetic thank you...,5.0,,,,,,0.0,
15dc6936-3bda-40b7-894f-c53919ce2c48,Google Play,Google Play,2026-08-22 14:03:39,Hema varshini Kallam,,Excellent quality,5.0,,,,,,0.0,
dd2d82b8-7032-4ce5-a829-e0a2264c0396,Google Play,Google Play,2026-08-22 14:01:52,Ayushman Tiwary,,one of the worst delivery apps i have every user,1.0,,,,,,0.0,
e22fa5a2-9265-4761-bdfe-8025fe529096,Google Play,Google Play,2026-08-22 14:00:49,Ashish batta,,Osam App But 199 Rs minimum purchase not Good,5.0,,,,,,0.0,
07496b92-219d-4632-99bb-049aa21ba4ab,Google Play,Google Play,2026-08-22 14:00:13,Mohana Peddapuli,,👍🏻 nice,5.0,,,,,,0.0,
f41ec775-099d-40a8-b1e8-14ed007fec31,Google Play,Google Play,2026-08-22 13:58:53,krishma rajput,,very good aap 😊 trusted you,5.0,,,,,,0.0,
ca0e827e-93f2-4941-ab25-85f29b2afd64,Google Play,Google Play,2026-08-22 13:58:37,Asmita Swain,,very helpful app Tqq myntra ❤️,5.0,,,,,,0.0,
f4ec1970-07fc-45c4-aa96-a35a3f2539e1,Google Play,Google Play,2026-08-22 13:58:15,B.srihari goud Chinna,,good,5.0,,,,,,0.0,
bffcd68d-c175-45e5-b554-16db01acbcc9,Google Play,Google Play,2026-08-22 13:57:07,Nandani Kumari,,experience of shop from myntra is very good,5.0,,,,,,0.0,
2000773e-a5b8-4b4b-980f-f516f43966af,Google Play,Google Play,2026-08-22 13:55:58,elish Khan,,very useful app,5.0,,,,,,0.0,
a8146f55-b0a8-4c14-aec2-051098f7de3c,Google Play,Google Play,2026-08-22 13:55:26,SHILESHNEE SINGH,,good experience 😃 myntra is good quality provided i am very happy myntra app but sometime delivery delayed sometime and easily exchange and return and refund so esliye no problem quality is good all products 👍my experience saying myntra is best app so i am telling anyone use myntra 🙏,4.0,,,,,,0.0,
a550bd98-7974-4509-94c7-ec1cceda4901,Google Play,Google Play,2026-08-22 13:53:52,Amit Gautam,,Good experience shoping in Myntra good quality products provided,5.0,,,,,,0.0,
431adacc-21a9-4143-8028-4b026ab24da3,Google Play,Google Play,2026-08-22 13:53:04,Anamika Singh,,love it!,5.0,,,,,,0.0,
c0121213-e255-4848-a1c7-9691b0d07bd0,Google Play,Google Play,2026-08-22 13:52:47,Deependra Yadav,,one app for all fashion styles,5.0,,,,,,0.0,
113cc11e-a68f-4e1d-91a0-a27090ca5ff0,Google Play,Google Play,2026-08-22 13:51:51,Rajeshwari khichad,,good 😊,5.0,,,,,,0.0,
34ad2f09-0d9e-4125-9d97-82d9c52d49d7,Google Play,Google Play,2026-08-22 13:44:26,Vaishnavi,,"I have tried many shopping apps before but Mantra is the best in terms of product quality and shipping, everything is on time.Myntra's customer care support is also very good.And if I have to buy any beauty products or clothes, I prefer Myntra only.",5.0,,,,,,0.0,
f761d664-94b5-4e8b-a188-d16b52051858,Google Play,Google Play,2026-08-22 13:43:57,Neha Gautam,,I love ❤️ it,4.0,,,,,,0.0,
6cc94a7d-c5ba-4fde-bc0d-46baa6370214,Google Play,Google Play,2026-08-22 13:41:25,zack zetedo,,awesome shopping platform,5.0,,,,,,0.0,
f02b7e60-ecf6-4e4c-be0a-169663e8d7d8,Google Play,Google Play,2026-08-22 13:39:16,Daksh Pal,,good,5.0,,,,,,0.0,
61c59ac7-c07c-4cf0-a7c0-886acc5168ae,Google Play,Google Play,2026-08-22 13:34:54,Suraj Patel,,good one platform,4.0,,,,,,0.0,
2398ca51-f76f-4682-ad28-72d7a8e71b8f,Google Play,Google Play,2026-08-22 13:30:11,Kanchan Devi,,Wow this app is useful.😊,5.0,,,,,,0.0,
1b628d34-12b9-4393-94d5-a091a439b25f,Google Play,Google Play,2026-08-22 13:28:29,Firdous Ata,,too good,5.0,,,,,,0.0,
b97362e8-173d-45a5-8e10-22e3bf72c839,Google Play,Google Play,2026-08-22 13:24:03,Tejas sm Tejas sm,,nice,5.0,,,,,,0.0,
22769052-3015-41c7-b456-57a4180374dd,Google Play,Google Play,2026-08-22 13:23:02,Ashwin Kashyap,,gudd,5.0,,,,,,0.0,
dc92c3af-da2b-407d-98a9-a4846df7cf80,Google Play,Google Play,2026-08-22 13:22:55,SHADAB POOJA,,nicee app,5.0,,,,,,0.0,
b12d8c35-f1dd-43e4-94c2-8a5335fc7c42,Google Play,Google Play,2026-08-22 13:21:38,Vinay Shrivastava,,very good app,5.0,,,,,,0.0,
1521f0bd-ec3d-4fda-8f8c-961b9c9f32bd,Google Play,Google Play,2026-08-22 13:19:44,Samir Mukherjee,,well,5.0,,,,,,0.0,
88759aee-8e1b-425e-a0ec-f9426bb9f06d,Google Play,Google Play,2026-08-22 13:19:43,Ashish Ranjan,,"such a amazing product, I am also using since 2 year",5.0,,,,,,0.0,
c86e4d1b-094c-499b-8f1f-fbf8bc595729,Google Play,Google Play,2026-08-22 13:19:19,Sujal Savaliya,,very nice and excellent,5.0,,,,,,0.0,
2ac7328e-ae32-42cd-b08c-1bceb3c8c7ec,Google Play,Google Play,2026-08-22 13:18:35,saddam husein shaikh,,best,5.0,,,,,,0.0,
ad5ab391-83a9-4d79-ac73-14606d151ea8,Google Play,Google Play,2026-08-22 13:16:43,ravi inder,,very good product,5.0,,,,,,0.0,
bce89aa1-1eea-4d3f-b559-bc6dfac55653,Google Play,Google Play,2026-08-22 13:15:52,Soumyadipta Biswas,,Customer care is not useful at all,1.0,,,,,,0.0,
1bbac379-45ec-4895-88c3-25daf3257c4e,Google Play,Google Play,2026-08-22 13:15:16,Gaurav Kumar,,expensive clothes in affordable price,5.0,,,,,,0.0,
68a8703c-5227-49be-9f61-9b385a3bb2ba,Google Play,Google Play,2026-08-22 13:11:48,Partho Protim Naskar,,good,4.0,,,,,,0.0,
be0e6128-ed7c-4e92-94b6-badf168d8e69,Google Play,Google Play,2026-08-22 13:07:34,ashok singh,,einhave best experience,5.0,,,,,,0.0,
bc6428eb-43e6-4f57-b4c2-682f879f991a,Google Play,Google Play,2026-08-22 13:05:57,Ash Seth,,very good experience 💯,5.0,,,,,,0.0,
056e5fb4-9e9b-4b59-90fe-cf532bbd928b,Google Play,Google Play,2026-08-22 13:03:32,Sajidul Islam,,super fast,5.0,,,,,,0.0,
f2fbe82a-1b80-4fb6-86bb-aa9dbbd8785b,Google Play,Google Play,2026-08-22 13:03:22,Dalveer Pareek,,very nice product 💯 and good 👍👍👍 price 💯,5.0,,,,,,0.0,
dfe1ce37-c018-4294-ac6f-d3fae2a51338,Google Play,Google Play,2026-08-22 13:02:30,Benzin Emwmedia,,no collections for men products. and now the developer responds asking for order ID to resolve the issue. such a nonsense. how can there be an order ID where there is nothing to order. LoL. junk site.,1.0,,,,,,0.0,
2345c8b0-dd1f-487b-992c-1ca6c21b3272,Google Play,Google Play,2026-08-22 12:51:32,Aman Preet,,very good products..,5.0,,,,,,0.0,
e84e93e3-7a3a-4f98-b09e-0896d6eb2ff6,Google Play,Google Play,2026-08-22 12:51:27,Sanjeet Singh,,good,5.0,,,,,,0.0,
796d1a7c-bdd6-4be2-8c55-62fa6ed17120,Google Play,Google Play,2026-08-22 12:50:36,Debashreeta Maharana,,"very good quality product affordable price love myntra.Myntra is a great shopping app with a wide variety of products and brands. The app is easy to use, deliveries are usually quick, and the quality of products is good. The offers and discounts are also quite attractive. Overall, I’ve had a very good shopping experience with Myntra and would definitely recommend it.I’ve had a really good experience shopping on Myntra. The collection is trendy, the prices are reasonable, Myntra never disappoint",5.0,,,,,,0.0,
5cc525dd-1174-4396-8533-949ef8ce9e67,Google Play,Google Play,2026-08-22 12:48:11,NAZIBA A,,nyc clothh♥️,4.0,,,,,,0.0,
4f728b42-fa51-401e-b072-54bc7ad14828,Google Play,Google Play,2026-08-22 12:47:31,Shiksha Tripathi,,it's so amazing,5.0,,,,,,0.0,
e631e417-8f35-49ca-8db3-5d92d7965de3,Google Play,Google Play,2026-08-22 12:47:19,Rachita,,"Extremely poor experience with Myntra. My dress arrived without the loop tag, so I requested a return, but the pickup was refused because of a tag that was missing when I received it. I’ve spoken to 6–7 agents, wasted hours explaining the same issue, and still have to wait until 25th Aug. I need a replacement by 26th Aug, so I may now have to pay twice because of Myntra’s failure. Worst part: an agent rudely disconnected my call when I asked for a senior representative. Absolutely unacceptable.",1.0,,,,,,0.0,
1b8539ff-b45c-47e0-bbc6-24eca1603461,Google Play,Google Play,2026-08-22 12:47:12,ravi banghard,,good good not bad,4.0,,,,,,0.0,
d7c62171-fa2f-43d0-9aa5-8116fb1e8bc0,Google Play,Google Play,2026-08-22 12:45:06,Shivam Gaur,,great,5.0,,,,,,0.0,
85b7e73a-9d64-46b7-bea2-279a52a27b4c,Google Play,Google Play,2026-08-22 12:44:30,midhun vincent,,goin well till 5 days baxk unexpectedly deactivated my account with no reason dont know why,1.0,,,,,,0.0,
689919b2-8ceb-42e2-b2d4-8e4309ddd9e0,Google Play,Google Play,2026-08-22 12:42:30,Surya Prakash M,,super,5.0,,,,,,0.0,
b11e6280-2bb8-4b82-a47b-517ef9f50f7e,Google Play,Google Play,2026-08-22 12:42:22,A Google user,,"such a beautiful cup set ☕️☕️commendable Packaging ,design is so cute and as per my expectation.Thank so much myntra for this beautiful cup set.",5.0,,,,,,0.0,
df87410a-e67b-422a-92db-f92129fed3c4,Google Play,Google Play,2026-08-22 12:38:32,Ravi Verma,,best clothe shopping app,5.0,,,,,,0.0,
4387c349-4737-4439-aa09-a03045a7475e,Google Play,Google Play,2026-08-22 12:36:58,Vishakha Choudhary,,good for meh every style available,5.0,,,,,,0.0,
ff9334f7-b89f-4e74-be21-6404d3cdfbbd,Google Play,Google Play,2026-08-22 12:36:08,Jhalak Gohar,,"Extremely disappointing experience with Myntra. I ordered Plix Jamun Clarifying Fruity Toner, but the product arrived broken and leaking despite the packaging being unopened. This is clearly unacceptable, especially for a skincare product. What’s even more frustrating is that it has now been 5 days since I raised the issue, and there has been no proper resolution or meaningful action from Myntra. literally the worst shopping app they don't care about the customer at all.",1.0,,,,,,1.0,
01f26ca0-0947-4c9b-a67a-f1f4fc2b4742,Google Play,Google Play,2026-08-22 12:36:01,Nishigandha Gawali,,Great,5.0,,,,,,0.0,
a0daa2fc-2b0a-4f74-80c4-19ef38743a51,Google Play,Google Play,2026-08-22 12:33:42,Mohit B,,fantastic app,5.0,,,,,,0.0,
8fbd2065-e1ec-489d-9a38-e7e088ab2fed,Google Play,Google Play,2026-08-22 12:33:01,rohit kumar,,very nice easy returns and exchange,5.0,,,,,,0.0,
f42f891e-c317-4099-9526-23bb927d3fab,Google Play,Google Play,2026-08-22 12:32:34,200Aditi Sharma,,good product love it,5.0,,,,,,0.0,
a41d5874-c7fe-4c58-9f06-e7385dc1f491,Google Play,Google Play,2026-08-22 12:31:48,Annesha Banerjee,,Good and effortless ordering experience and let's not say anything about the quality and affordability of the products. The range is vivid and thus making it accessible for all lovelies out there! 🌟🌟🌟❤️❤️,5.0,,,,,,0.0,
6eb938a4-14bf-441d-ab03-67f5ad363c9c,Google Play,Google Play,2026-08-22 12:26:12,SHAKUN SHARMA,,Its been years of using Myntra and it's my go to app for shopping but now repeatedly delivering wrong products. So disappointed with their service. Either change your sellers or improve your service.👎,1.0,,,,,,0.0,
613fcba2-9684-43e3-8079-7e7a82de03e0,Google Play,Google Play,2026-08-22 12:26:03,Rohan hs Sandimani,,best app,5.0,,,,,,0.0,
e75d74ad-c796-4248-9089-6847aac012ab,Google Play,Google Play,2026-08-22 12:23:36,Sagar Chavan,,good,5.0,,,,,,0.0,
6199a08d-89a1-4f44-839d-3da14106227c,Google Play,Google Play,2026-08-22 12:19:52,The Bhuvan,,extraordinary 🤩,5.0,,,,,,0.0,
4b90d5ff-e768-451a-a67f-4a32a7a1c450,Google Play,Google Play,2026-08-22 12:18:35,Hritik Sinha,,best app for shopping,5.0,,,,,,0.0,
ba4267a1-96f5-4b8b-afa4-a96fbd39d8ac,Google Play,Google Play,2026-08-22 12:16:55,Faesal Iqbal,,good 😊,4.0,,,,,,0.0,
c91c0d55-1558-4730-b423-a649dc2dcc83,Google Play,Google Play,2026-08-22 12:13:05,Suchismita Mondal,,excellent,5.0,,,,,,0.0,
7c24fc04-7fa7-427d-be42-a2d9e55ee16a,Google Play,Google Play,2026-08-22 12:11:26,vivek jha,,nice,5.0,,,,,,0.0,
ba3e814f-d5ff-478b-9294-cd89113f2ed2,Google Play,Google Play,2026-08-22 12:10:22,Abhigyan Pandey,,best product quality,5.0,,,,,,0.0,
de85043f-5209-4fad-83ff-b3737b92bf2f,Google Play,Google Play,2026-08-22 12:09:09,varun patil,,good,5.0,,,,,,0.0,
c6b9bfb7-b35e-4166-ab9a-d7f393f1c832,Google Play,Google Play,2026-08-22 12:06:59,Sonu Kumar,,nice shop app,5.0,,,,,,0.0,
b803656a-53bd-4b29-9339-d0e4e3691d0a,Google Play,Google Play,2026-08-22 12:06:29,Alsaif Khan,,excellent,5.0,,,,,,0.0,
69496248-7943-41cb-ae1f-d5a420343fc5,Google Play,Google Play,2026-08-22 12:05:13,Anupam Singh,,very affordable shopping app,5.0,,,,,,0.0,
7cfe5c09-491b-42dc-ad00-1bf21b400a2d,Google Play,Google Play,2026-08-22 12:03:37,Esther Esther,,good,5.0,,,,,,0.0,
02a62d25-2b4f-4427-b660-95d3dbf5e756,Google Play,Google Play,2026-08-22 12:03:20,Kaur Jatti,,excellent 👌👌👌👌💗💗💗,5.0,,,,,,0.0,
86fdd3f8-bfd5-497f-a8d3-025f6015634e,Google Play,Google Play,2026-08-22 11:59:22,Razia Akhter,,"The return process gets a little hectic at times, otherwise it's a nice app for quality shopping experience.",4.0,,,,,,0.0,
9a8b9da2-6adc-486e-90a6-107644633c43,Google Play,Google Play,2026-08-22 11:58:36,Geetha Kumary,,very bad service don't buy any kind of products totally waste,1.0,,,,,,0.0,
732a1253-5dfc-4689-b5cb-13c6c6b0d42f,Google Play,Google Play,2026-08-22 11:58:13,Asha Ujjwal,,very bad costumer service,1.0,,,,,,0.0,
a8b956d2-5005-4d01-bdd4-6f76af34ef1f,Google Play,Google Play,2026-08-22 11:56:48,M K Choubey,,amazing experience,5.0,,,,,,0.0,
5dc58929-8ce9-4f29-b568-cdc2fc4ba25f,Google Play,Google Play,2026-08-22 11:56:22,R Charishma,,Great,5.0,,,,,,0.0,
83808d51-a9a5-436c-831a-839616df05fc,Google Play,Google Play,2026-08-22 11:53:24,Madhu Priya,,nice,5.0,,,,,,0.0,
e7a81113-5abc-4b2e-80b5-877ae12ec4b6,Google Play,Google Play,2026-08-22 11:51:44,Prachi dhillon,,best,5.0,,,,,,0.0,
3c9d5ba7-59d6-4e1b-b549-526efc3bd874,Google Play,Google Play,2026-08-22 11:51:10,Purnachandra Dalai,,👍,5.0,,,,,,0.0,
f054dca3-2b03-4a72-af87-cc6edabc1b4c,Google Play,Google Play,2026-08-22 11:48:54,5049_Zainab Hashmi.,,that's really amazing experience with Myntra everytime . It never disappoints.,5.0,,,,,,0.0,
236b864f-4aca-483e-8790-87469bc8ad2f,Google Play,Google Play,2026-08-22 11:46:41,P.T.B MUSIC,,superb,5.0,,,,,,0.0,
2707bc94-f943-4356-883b-9de1ca80f71e,Google Play,Google Play,2026-08-22 11:44:13,Rumesha Azam Shaikh,,Great deal on time delivery,5.0,,,,,,0.0,
fa8ef9c3-9f39-4e4a-8bfc-91a80b979406,Google Play,Google Play,2026-08-22 11:41:20,Ashu singh,,good app,5.0,,,,,,0.0,
3ec8fb9a-eb18-47e5-b56e-0502cb71d55b,Google Play,Google Play,2026-08-22 11:39:44,Md Tarif,,really fantastic shopping app,5.0,,,,,,0.0,
bf5487a5-70d2-465d-9c0b-6a312acb8027,Google Play,Google Play,2026-08-22 11:35:17,Anshika Gupta,,good,5.0,,,,,,0.0,
f22e0c78-8992-4826-bf8d-08dce57e5ebd,Google Play,Google Play,2026-08-22 11:32:55,Brijesh Yadav,,good,5.0,,,,,,0.0,
82fb07d0-642c-479e-a829-9de40b4bcd6e,Google Play,Google Play,2026-08-22 11:31:09,Anisha Gupta,,good shopping,5.0,,,,,,0.0,
e4302eb7-1c70-4c2a-a746-d3016ae092b4,Google Play,Google Play,2026-08-22 11:29:56,Dolu Shahi,,this aap is good for shopping,5.0,,,,,,0.0,
a2b9195f-d0a6-43e0-b34f-eb58274417b0,Google Play,Google Play,2026-08-22 11:27:22,Pujari bhavya,,good app everyone must use best reasonable budget friendly app,5.0,,,,,,0.0,
6d0d9587-76a1-4bb9-abaf-901f53b1f29c,Google Play,Google Play,2026-08-22 11:26:35,Atanu Mukherjee,,Lovely experience,5.0,,,,,,0.0,
16535476-da83-446f-8f7b-f08743f486c4,Google Play,Google Play,2026-08-22 11:25:33,Kusuma Punarvi,,"good but little expensive, quality was much good",4.0,,,,,,0.0,
a60884a5-ef75-4df1-ace0-d02e4f4c3907,Google Play,Google Play,2026-08-22 11:25:23,Jayasri,,good,5.0,,,,,,0.0,
4d902a84-abbb-439c-a6db-50e844605ba5,Google Play,Google Play,2026-08-22 11:23:02,Chandan,,good app,4.0,,,,,,0.0,
4c48c8ac-5774-492a-9065-cca7d246e544,Google Play,Google Play,2026-08-22 11:23:00,Food Paradise,,worst servicee ordered a product at 13 august estimated delivery date was 16th of August today is 22 aug no update yet and also no response from team,1.0,,,,,,0.0,
26f5a4dd-4b8e-4dae-966f-9dc71e51bc3c,Google Play,Google Play,2026-08-22 11:21:03,padma lochani Lochani,,Good,5.0,,,,,,0.0,
c956de44-59a7-4a2f-a268-c7fa35899897,Google Play,Google Play,2026-08-22 11:20:04,Shreyansh Chaubey,,❤️,5.0,,,,,,0.0,
a6f3c3f4-a58f-42bb-813d-736b1b9c8db7,Google Play,Google Play,2026-08-22 11:18:10,poonam patil,,very good app,5.0,,,,,,0.0,
b1aa058b-5c56-44d1-aef9-9b384f500195,Google Play,Google Play,2026-08-22 11:18:02,Maneeth Akuthota,,super,5.0,,,,,,0.0,
80f6f98a-b7f5-40ef-8478-63f3a2ad198d,Google Play,Google Play,2026-08-22 11:16:42,Tttrr rai,,"superb app for shopping, best products in best price",5.0,,,,,,0.0,
ecb209e4-52a5-4a8d-abfc-c45e1ec4c112,Google Play,Google Play,2026-08-22 11:15:25,jency rodrigues,,very good service and decent products,5.0,,,,,,0.0,
699ebb0c-fca5-4a74-a52b-8e8972ba4612,Google Play,Google Play,2026-08-22 11:14:37,manoranjan behera,,awsm,5.0,,,,,,0.0,
4c74e994-43b9-4a77-82a5-e993b147c21b,Google Play,Google Play,2026-08-22 11:08:25,Harmanpreet Kaur,,very good,4.0,,,,,,0.0,
ed59c194-f6d3-4ca5-91c1-155b0afc8097,Google Play,Google Play,2026-08-22 11:05:19,SHUBHAM BISWAL,,"The price breakup should be much more transparent. Customers should be clearly shown where their money is going and how much is being charged by Myntra, the seller, logistics, platform fees, taxes, or any other service. In my case, ₹171 was charged as GT charges, but this was not clearly shown in the app's price breakup. Customers should not have to download separate invoices to understand where their money went. Please provide a complete and transparent breakup of every charge before payment.",4.0,,,,,,0.0,
5a5035aa-36fd-4c2a-8750-8236e9f50767,Google Play,Google Play,2026-08-22 11:00:44,Ngura sailo,,good,4.0,,,,,,0.0,
2f0d44ec-b85b-4203-bb80-02e4711cd2da,Google Play,Google Play,2026-08-22 10:59:34,Sumit Tripathi,,owsm app,5.0,,,,,,0.0,
8e830d89-eb5c-406f-a14f-9b93c4d89db5,Google Play,Google Play,2026-08-22 10:58:54,Rabia 24,,The best,5.0,,,,,,0.0,
834adac8-62f2-479f-a5af-9352da00e2c2,Google Play,Google Play,2026-08-22 10:55:34,Sk Sunny,,best quality products,5.0,,,,,,0.0,
4e11ef95-4f71-4036-9b64-8edad12e5387,Google Play,Google Play,2026-08-22 10:55:21,Ipsita Ghatak,,i like this app so much and like to purchase from here...and i love the ultimate gc so much,5.0,,,,,,0.0,
7b4ecdf4-0ef4-49c5-af58-ba227e197234,Google Play,Google Play,2026-08-22 10:54:56,Binod Hikaka,,it's awesome one to have window shopping,5.0,,,,,,0.0,
155cb7ec-052f-4700-884b-933f2a982222,Google Play,Google Play,2026-08-22 10:54:34,Mansi Jha,,"Title: Worst Experience - Fake Delivery Update & No Support!Myntra app is showing my as ""Delivered,"" but I have NOT received my package! No delivery guy called me, and no OTP was asked. Customer service is not helping. This is fraud. Please look into this immediately and refund my money! #not accept this kind of service from myntra",1.0,,,,,,0.0,
03e668a2-8a87-4391-b26d-79ae36d559ed,Google Play,Google Play,2026-08-22 10:50:27,shrikant bharti,,"⭐⭐⭐⭐⭐ Excellent Shopping Experience! “Great collection, good quality products, attractive discounts and easy shopping experience. Delivery is usually smooth and the app is very easy to use. Highly recommended for fashion shopping!”",5.0,,,,,,0.0,
cfb2efcb-06fe-48d6-a5f2-65ae7ed8bcfe,Google Play,Google Play,2026-08-22 10:48:03,Digvijay Kadam,,very good,5.0,,,,,,0.0,
3096d9ba-855f-4878-bdd4-d4eada3809db,Google Play,Google Play,2026-08-22 10:46:53,Riya Chowdhury,,worst app ever my order has been delayed by more than 10 days and when tried to contact the helpline many times but all agents are busy the help chat is aslo of no use then complaint in Myntra grievances still no delivery or refund for my items.,1.0,,,,,,0.0,
53d08804-d008-4989-afef-9703b93c3ff3,Google Play,Google Play,2026-08-22 10:41:52,Babhekzo Khota,,excellent App with very nice quality product. Sometimes products are delivered earlier than expected,5.0,,,,,,0.0,
78ade7b7-5d25-459c-bbfc-269000bc4b5f,Google Play,Google Play,2026-08-22 10:30:16,Malaviya Mohan,,good,5.0,,,,,,0.0,
5811cbea-8c81-440d-bdd5-2d4570331224,Google Play,Google Play,2026-08-22 10:29:53,Glow With Nishi,,"Costing too much extra fees, convenience fees n that.",1.0,,,,,,2.0,
902de596-2c3c-4176-b031-ec6b99bc9cbe,Google Play,Google Play,2026-08-22 10:29:12,Bhumi Parmar,,return is available but not pick-up and if dilevery boy come he say you have to talk with agent your yellow colour tag cafe is not match with our app and i have bill and yellow tag also and reture packaging is also safe but not help center ans and not pick-up what i do nowe????,1.0,,,,,,0.0,
89d0ae8d-4625-4c0d-88ba-ba08334c0b43,Google Play,Google Play,2026-08-22 10:25:41,PALLAVI PATHAK,,excellent quality,5.0,,,,,,0.0,
b99d2caa-d36b-456e-869d-50c2ca2517e0,Google Play,Google Play,2026-08-22 10:24:42,Raja Khan,,Nice,5.0,,,,,,0.0,
8bf23c6b-8d30-4124-adcb-8d7ffd7471c3,Google Play,Google Play,2026-08-22 10:18:49,anil kumar,,nice,5.0,,,,,,0.0,
5f2a19fe-ccb2-4839-a6ff-2525af64a758,Google Play,Google Play,2026-08-22 10:18:36,Nitin Kumar,,awesome and well experience for all .,5.0,,,,,,0.0,
e9d7b230-1c12-4f94-91b7-f52869e81a1c,Google Play,Google Play,2026-08-22 10:17:23,Ankur Khare,,best app for clothing,5.0,,,,,,0.0,
f5e22a19-624a-473b-b94f-2588a20ca432,Google Play,Google Play,2026-08-22 10:14:44,Soni Sheikh,,very good 👍,5.0,,,,,,0.0,
c7a14177-71a9-4081-a153-faed114272c7,Google Play,Google Play,2026-08-22 10:12:54,Ritu Das,,everything's quality is good and everything is budget friendly,5.0,,,,,,0.0,
f0be2728-a6b5-499c-aeb6-dc03bc02d101,Google Play,Google Play,2026-08-22 10:04:15,Krittika Shekhawat,,easy to shop with fast delivery and decent collections,5.0,,,,,,0.0,
b4b2b06e-e09b-43cf-8396-d2f72cb63263,Google Play,Google Play,2026-08-22 10:02:32,Yashashree Bhorkar,,best shopping app,5.0,,,,,,0.0,
73a6fd66-a540-48d6-b230-50ea1a641c12,Google Play,Google Play,2026-08-22 09:55:44,Ashika Ashi,,best product,5.0,,,,,,0.0,
6bbb7bcf-d230-4b31-a0ac-84f27d79a170,Google Play,Google Play,2026-08-22 09:55:13,CA Geetanjal Jojare,,very good collection of quality cloths,5.0,,,,,,0.0,
857fd07a-386a-49bf-8789-4d3d58bfc4d6,Google Play,Google Play,2026-08-22 09:54:31,Ritwika Roy,,I love myntra,5.0,,,,,,0.0,
8e2bb86f-e0e1-4345-817d-d4f624363774,Google Play,Google Play,2026-08-22 09:54:31,Suchit verma,,Good aap,5.0,,,,,,0.0,
3546eb3e-3754-430e-a251-5b1017660df7,Google Play,Google Play,2026-08-22 09:50:20,Mridul Kundu,,very very good app for shopping. i have been using it since 4 years and it is great,5.0,,,,,,0.0,
2bb5d38f-8808-4e34-b4b2-f5f936749fff,Google Play,Google Play,2026-08-22 09:48:14,Daily Life,,"Excellent shopping experience with Myntra! The product quality was great, delivery was quick, and the overall service was smooth and reliable. I’m very satisfied with my purchase and would definitely recommend Myntra to others.",5.0,,,,,,0.0,
8c8bdf8e-fe55-48fb-9e73-8bec9be39a4d,Google Play,Google Play,2026-08-22 09:47:57,Hirok Deka,,very good,5.0,,,,,,0.0,
03a18532-b2d5-41b3-b7cb-dd92f8a40dfd,Google Play,Google Play,2026-08-22 09:47:44,Ankit Kumar,,myntra is best shopping app and give a best quality product.,5.0,,,,,,0.0,
0f13a1e1-7638-49da-8190-29de114ca3f4,Google Play,Google Play,2026-08-22 09:46:38,Virendra Verma,,"This is terrible. I ordered a parcel; the app showed it as 'delivered,' but it never actually reached me. When I complained, they said there was nothing they could do about it. That is why this app is truly useless 😡.",1.0,,,,,,0.0,
ac7c0c7c-e452-47ce-b570-5fb8af1bd272,Google Play,Google Play,2026-08-22 09:44:22,Bindal Patel,,Best quality 👌 fast delivery and very comfortable material,5.0,,,,,,0.0,
7266c00d-6e24-4ea1-b9bf-434793f3dfee,Google Play,Google Play,2026-08-22 09:41:52,Md Dilshan Khan,,nice app,5.0,,,,,,0.0,
226e4596-874c-4226-a402-c1048db91fb1,Google Play,Google Play,2026-08-22 09:36:29,Puspa Gupta,,best experience with myntra,5.0,,,,,,0.0,
c0fd1fbc-0d18-40c0-a118-bc832d1d4ba4,Google Play,Google Play,2026-08-22 09:35:18,Aditi Nitya,,"Myntra has the worst customer care service, first of all it's so frustrating to talk to actual agents, the A.I always stating that all agents are too busy. Then even if you do talk to one they are unable to comprehend the issue. I'm never ordering from Myntra again.",1.0,,,,,,0.0,
6a890cc8-e6c8-4f1e-b125-3c3f4c776a92,Google Play,Google Play,2026-08-22 09:32:34,Gauri Nanvate,,the experience was amazing the jeans quality are 10/10 and delivery as got expected i would recommend myntra for your shopping and I'm happy with that it's great deal I've ever had so hurry now,5.0,,,,,,0.0,
28acc929-8240-4d3e-9cdb-a72070168a77,Google Play,Google Play,2026-08-22 09:32:27,bharath Kumar,,easy to use and perfect,5.0,,,,,,0.0,
ce8f1c02-33e0-46ec-b6df-057bbcf42291,Google Play,Google Play,2026-08-22 09:26:44,LATA Singh,,I have been using this app from last 5 years without any issue but from this month they have are scamming they sent me different product also didn't refunded my money I have now trust issue on myntra pls be aware,2.0,,,,,,0.0,
df64da02-d831-4da9-845d-25a648504576,Google Play,Google Play,2026-08-22 09:25:49,Randhir Jha,,this app is very excellent because you find any products in low prices in good quality,5.0,,,,,,0.0,
1dac19b7-1ad7-45e7-ad19-072f5734b138,Google Play,Google Play,2026-08-22 09:22:10,Ayush Singh,,nice service,5.0,,,,,,0.0,
160973ea-5f87-4274-a57a-eeaca84ca253,Google Play,Google Play,2026-08-22 09:21:33,rohan chakraborty,,Fraud Myntra delivered the wrong product by myntra and still didn't get any help from myntra team so I recommend not buying any products from myntra. #NOT Buying Any Products From Myntra.,1.0,,,,,,0.0,
cee1fd0f-ccef-4e49-bdcc-9ee1d946a861,Google Play,Google Play,2026-08-22 09:20:32,Nand kishor Sharma,,good,5.0,,,,,,0.0,
479c9081-7649-46bc-b9c8-110d6eba4ddd,Google Play,Google Play,2026-08-22 09:18:49,Naresh Khanna,,100% original product and low budget friendly price thnaks mayntra,5.0,,,,,,0.0,
b5bb2f43-7ba6-418a-90c3-45293db6d49b,Google Play,Google Play,2026-08-22 09:18:32,Shlok Choure,,good,5.0,,,,,,0.0,
7e4c0c3b-ae0b-4677-adcc-604b1c989f5a,Google Play,Google Play,2026-08-22 09:16:22,Prakash Banjara,,nice app with 100 percent original brands,5.0,,,,,,0.0,
bd856ef4-119d-4079-9fc5-169a3903f57c,Google Play,Google Play,2026-08-22 09:14:37,Karan Bhosale,,so bad experience sorry to say but.. for real jus bcz my order refund haven't received,5.0,,,,,,0.0,
f6ab53ca-caa3-459d-b679-b17ac984e956,Google Play,Google Play,2026-08-22 09:14:36,KUMAR SHIVAM,,good product,5.0,,,,,,0.0,
1d380a14-c05b-49d3-a1d1-46ac51f31c53,Google Play,Google Play,2026-08-22 09:12:18,Rajeev Raj,,"Myntra is a very good platform for fashionable items, very good quality with good service 👍. Thank you Myntra team.",5.0,,,,,,0.0,
319d108c-881b-460e-9740-58be068d906b,Google Play,Google Play,2026-08-22 09:10:06,Deepa Rawat,,wonderful app with amazing products,5.0,,,,,,0.0,
0324277b-aa8f-4ac1-9102-2c50a883505f,Google Play,Google Play,2026-08-22 09:08:58,LITE. GURU,,superb ❤️,5.0,,,,,,0.0,
db316899-4d5e-4067-81ce-af428d7c7c81,Google Play,Google Play,2026-08-22 09:08:36,vignesh,,such wonderful App-Fashion.if you give original condition of material to display on App.Trusting Myntra.keep move on...,5.0,,,,,,0.0,
423f2522-2ba6-4ac2-8692-23b6d7ee1cec,Google Play,Google Play,2026-08-22 09:01:28,moh si,,everyone must use this app,5.0,,,,,,0.0,
804fbe27-ec22-4575-9313-b2f7558a2af6,Google Play,Google Play,2026-08-22 08:59:26,Aditya Pawar,,genuine,5.0,,,,,,0.0,
8a825bdd-cad9-4f07-99ec-34a7f5f4dbe6,Google Play,Google Play,2026-08-22 08:59:04,Santosh Muragod,,Super app,5.0,,,,,,0.0,
c482c0c6-2c5d-47a8-b8b2-883279c8add9,Google Play,Google Play,2026-08-22 08:58:22,raunak Pandey,,very nice aap,5.0,,,,,,0.0,
dabee1c5-8955-4f06-b70f-f96f68c6d0ae,Google Play,Google Play,2026-08-22 08:57:23,pooja kumari,,good,5.0,,,,,,0.0,
c621938c-8ed5-42f8-90ac-fbe3fb75cf25,Google Play,Google Play,2026-08-22 08:54:43,Farish Backer,,"myntra has more unique and trendy fashion options then any other apps in my opinion, love it!",5.0,,,,,,0.0,
54ad6f49-2d2f-4903-8182-50179bc87729,Google Play,Google Play,2026-08-22 08:52:28,Riya Pal,,👍👍👍👍,5.0,,,,,,0.0,
9958d1ea-ec43-4f55-bdb7-717fcce32fb0,Google Play,Google Play,2026-08-22 08:51:36,FREDRICKCR7 LIVINGSTON,,u could even add spots jerseys both fan and player edition,5.0,,,,,,0.0,
02385c71-b180-4ab8-be50-f3849f68641e,Google Play,Google Play,2026-08-22 08:47:36,Lovely karthik,,good,5.0,,,,,,0.0,
2065cd6e-4e2e-4cb3-9e77-4fa626033274,Google Play,Google Play,2026-08-22 08:42:44,Minu mariam,,superb,5.0,,,,,,0.0,
1338b85a-14fe-42d1-b417-4b9b8745f232,Google Play,Google Play,2026-08-22 08:40:45,Vijay Bandari,,my honest rating 9/10,5.0,,,,,,0.0,
2b074163-4dc9-43d1-85b9-175c9f28341b,Google Play,Google Play,2026-08-22 08:35:19,Dinesh Reddy,,suddenly my account got deactivated(showing deactivated for security reasons) and I'm unable to contact customer care. there is no info for me. this will lead to losing trust in myntra. totally disappointed.,1.0,,,,,,0.0,
4f3f5c24-5e94-41bd-9364-824703698f45,Google Play,Google Play,2026-08-22 08:32:08,Laxman Swain,,nice one,5.0,,,,,,0.0,
b1ba0a91-6ec2-45ca-b0e2-e4d0cccdd257,Google Play,Google Play,2026-08-22 08:31:30,Yuvi Thakur,,Best,5.0,,,,,,0.0,
5cd7eaf3-556e-4d3a-94e3-59af46c2dbdc,Google Play,Google Play,2026-08-22 08:26:03,tushar desai,,Excellent Quality at affordable price!,5.0,,,,,,0.0,
6c086b1e-b4d6-4ffd-9633-f37878a36cef,Google Play,Google Play,2026-08-22 08:25:34,Bhagyashree Lobhi,,👍,5.0,,,,,,0.0,
3a862574-5fdd-4aa8-90dc-cb0ebc406177,Google Play,Google Play,2026-08-22 08:23:14,Krishna kumari Kanam Reddy,,loved it good quality and worthful for money,5.0,,,,,,0.0,
8dc210e7-eff8-4926-8121-302a59c8f9c7,Google Play,Google Play,2026-08-22 08:21:26,Rahul Bairwa,,"Very bad experience with Myntra. My order was cancelled by Myntra due to “unforeseen circumstances” without any proper explanation. I was expecting the product, but instead the order was simply cancelled. Very disappointing service and poor customer experience. Myntra should improve its delivery and order management.😡🤬🤬",1.0,,,,,,0.0,
7d1995b3-ba4b-4c39-bfd8-b8c782999a5d,Google Play,Google Play,2026-08-22 08:21:23,inderjit singh mehra,,my experience in using the app is great,5.0,,,,,,0.0,
49f0122c-ca91-4c79-a32a-dbfcd625df0c,Google Play,Google Play,2026-08-22 08:20:35,Alp Forge,,good app for shopping,4.0,,,,,,0.0,
be4fae0f-58f9-422f-8de4-e4c44dd28c91,Google Play,Google Play,2026-08-22 08:14:44,n s bobby,,good,5.0,,,,,,0.0,
e7d26175-e4fe-4f7e-8aca-622ffbd8e576,Google Play,Google Play,2026-08-22 08:11:27,Baiju Sharma,,good,5.0,,,,,,0.0,
15b55dfc-09f0-4609-90ce-6aadee1deb99,Google Play,Google Play,2026-08-22 08:11:23,minakshi kalita,,love Myntra ❤️,5.0,,,,,,0.0,
8427b3f0-8474-44c9-a494-db28aeb6da15,Google Play,Google Play,2026-08-22 08:09:31,Aman Kashyap,,best,5.0,,,,,,0.0,
b9e801fe-a55c-487e-bf4c-425c43753771,Google Play,Google Play,2026-08-22 08:06:32,versha tiwari,,nice fragrance,5.0,,,,,,0.0,
7c36d803-cf62-4987-91dd-7dc8de4cd756,Google Play,Google Play,2026-08-22 08:05:41,Jasvendra Saini,,nice app for shopping,5.0,,,,,,0.0,
6ae20b3e-d939-4a15-9d8d-2a98e379b69b,Google Play,Google Play,2026-08-22 08:03:53,Lokesh Verma,,awesome 👍,5.0,,,,,,0.0,
33946aea-39cd-40ce-bacb-886eaef85046,Google Play,Google Play,2026-08-22 07:59:29,rashmi shanbhag,,Good shopping app,5.0,,,,,,0.0,
c2a3b727-6a67-4f20-81ce-7acadefdffc4,Google Play,Google Play,2026-08-22 07:58:59,Laxmi Dongre,,mynta is a very trusted app for buying clothes.it's very easy to use. keep shopping and shine by order on mynta. thanks,5.0,,,,,,0.0,
0b7ceb90-1c25-4880-97f0-a60ea5e0ab93,Google Play,Google Play,2026-08-22 07:54:12,Aparna Kumari,,this app is so good and also affordable with good quality,5.0,,,,,,0.0,
fd79ecb2-c3ff-46fb-9f31-0bdc40a591b5,Google Play,Google Play,2026-08-22 07:52:39,Tanishq,,"Worst service, worst customer care support. I wanted to enquire about quality issue of a product received and they never cared to give me a proper response. They even rejected to post a negative review and only posted my review after censoring. Such a pathetic platform. They don't even deserve 1 star. (may be my frustration)",1.0,,,,,,0.0,
b1ec3b14-9aa1-44c7-b946-abf9caf934fb,Google Play,Google Play,2026-08-22 07:52:13,Sunil Kumar,,awesome,5.0,,,,,,0.0,
19a49bf6-f9f3-44f6-8a04-8ba9accd8cd3,Google Play,Google Play,2026-08-22 07:48:20,Varsha Kumari,,Myntra is perfect,5.0,,,,,,0.0,
0baa95fe-a105-4caa-acc2-17b8a48b55dc,Google Play,Google Play,2026-08-22 07:43:21,Hina Syed,,well experience with this app♥️ Everything is reasonable 👍🏻,5.0,,,,,,0.0,
75023222-6e1e-44d5-abd2-0f576cf2cb83,Google Play,Google Play,2026-08-22 07:42:19,Sharmistha Dutta Choudhury,,"Excellent in terms of variety, diversity and choice; all at reasonable prices with various offers ! You just have to pick what suits your taste and budget ! Always or majorly, a smooth, and happy experience with minor shipping and delivery hiccups, here and there ! Keep going ! Good wishes Thank you",5.0,,,,,,0.0,
b09d05c0-421f-47f3-ac05-77cc8bea0443,Google Play,Google Play,2026-08-22 07:39:01,Malti Gupta,,very good,5.0,,,,,,0.0,
90d23660-fe6e-41c6-9f5a-5465dbfff7e8,Google Play,Google Play,2026-08-22 07:33:48,Pasula Ravi,,never get a wrong product from this !!,4.0,,,,,,0.0,
9aca6e61-72a3-44ea-a4d4-db9da00d10e9,Google Play,Google Play,2026-08-22 07:25:52,Lohith Lohith,,pakka,5.0,,,,,,0.0,
198da1e1-870e-4947-9508-389f611f442b,Google Play,Google Play,2026-08-22 07:12:00,Swati Bisht,,"​""Ordered this suit as a gift for my mother, and she absolutely loved it! The fabric is soft, breathable, and comfortable for all-day wear. The fitting and color are exactly as shown in the pictures. Totally worth the price!""",5.0,,,,,,0.0,
3fa03075-ca00-41d7-b1e9-db3c6ad054fd,Google Play,Google Play,2026-08-22 07:07:43,affaf umair Khan,,best shopping app especially for branded clothes,5.0,,,,,,0.0,
18a0b495-6452-43af-9441-9bc3322a78f3,Google Play,Google Play,2026-08-22 06:59:29,Tanu Taneja,,"very good app, facility is good and service return is very good",5.0,,,,,,0.0,
2ea03fe8-addf-42d9-9bca-75ba73641013,Google Play,Google Play,2026-08-22 06:56:51,Nilu Kumari,,myntra was best,5.0,,,,,,0.0,
7f1c2c60-7e11-49fe-a867-302a3b28dcf9,Google Play,Google Play,2026-08-22 06:52:02,M A Ayaz,,Excellent Shopping Experience Good Offers 👍,5.0,,,,,,0.0,
7dbd721b-00dc-47b1-b987-97bf342642be,Google Play,Google Play,2026-08-22 06:49:34,K V,,very nice product,5.0,,,,,,0.0,
8cafbff3-f6c0-4e50-b5b2-4d3cd77fe572,Google Play,Google Play,2026-08-22 06:25:00,Ajit yadav,,bahut achha platform hai,4.0,,,,,,0.0,
74dddb11-633d-48f3-8389-1430b7c0217f,Google Play,Google Play,2026-08-22 06:24:28,Renjith Sivan,,okay,2.0,,,,,,0.0,
8e403378-adcc-4d88-a2d2-dd284f7b6274,Google Play,Google Play,2026-08-22 06:21:16,Kamal Das,,reliable,5.0,,,,,,0.0,
13f78cb4-4c08-45ca-9e0b-129207f2f5d8,Google Play,Google Play,2026-08-22 06:14:40,Sangitadevi 5678,,👍,5.0,,,,,,0.0,
2e4ee96c-0ba9-49d3-9081-80ccc0ae5fef,Google Play,Google Play,2026-08-22 06:14:24,Rohit Kumar,,Good Platform for Originals with discount,5.0,,,,,,0.0,
0ee81873-b6df-4fcf-8e9c-9a7f6acca1c8,Google Play,Google Play,2026-08-22 06:04:21,Megha Gurnule,,evry product is sooo good nd affordable with good quality......it's first time I order nd product is so good....nd service is also good fast delivery.....my border nd sister always buy from Myntra I thought I can't afford but it's budget friendly nd good....thank uu,5.0,,,,,,2.0,
1d683d2b-078c-405b-84d6-b6b9bf56fea1,Google Play,Google Play,2026-08-22 06:00:42,vikas sharma,,"Absolutely love Myntra! Great collection, smooth app experience, amazing deals, and fast delivery. Shopping has never been easier!",5.0,,,,,,0.0,
1526e4ba-0a13-45a0-89e2-4130e225748a,Google Play,Google Play,2026-08-22 05:47:00,Satish Ydv,,experience good,4.0,,,,,,0.0,
4d5a1a55-f6e0-4d59-83a6-d021411776d9,Google Play,Google Play,2026-08-22 05:28:27,Saptarshi Halder,,good product s they can delever,5.0,,,,,,0.0,
ea0176e4-603b-4602-aecc-642958d321a7,Google Play,Google Play,2026-08-22 04:27:53,Mani Saxena,,amazing 😍,5.0,,,,,,0.0,
0123bbd6-64d4-4e2c-87f2-d21cabf50c65,Google Play,Google Play,2026-08-22 03:56:47,Siddharth Shukla,,outstanding app available only genuine products.,5.0,,,,,,0.0,
61887454-3a6f-49d9-937f-e736fb070df7,Google Play,Google Play,2026-08-22 03:55:19,Shreya Avni,,👍 nice,5.0,,,,,,0.0,
a509f980-88fd-41b7-965d-4f387c66d6df,Google Play,Google Play,2026-08-22 02:41:12,Pamthingwon Ngalung,,good,5.0,,,,,,0.0,
8ed0e961-0f68-48c5-8348-a32044f1ce0e,Google Play,Google Play,2026-08-22 02:39:34,Indrani Chakraborty,,"Such a dramatic downfall of Myntra. Cheap, Chinese-market products at sky-high prices, even the model photos are AI-generated—making it impossible to judge the fit, fall or fabric. Ordered 10 dresses and returned every single one. Honestly, it’s time to uninstall Myntra—Savana is much better!",1.0,,,,,,0.0,
76c4293d-132b-499f-b164-5d412d71568d,Google Play,Google Play,2026-08-22 01:50:05,Shifa Khan,,Very Easy User Interface,5.0,,,,,,0.0,
1158ebc0-c232-439e-9297-1771cf201b77,Google Play,Google Play,2026-08-22 01:41:51,Kumar Subhash,,nice 💯,4.0,,,,,,0.0,
36d45024-4731-4456-9158-ae7327d6f873,Google Play,Google Play,2026-08-22 01:40:01,Pritee pallavi Pattnaik,,good 👍,5.0,,,,,,0.0,
6962237e-2747-47b7-a6cf-3e9d9c2b3a2c,Google Play,Google Play,2026-08-22 01:39:28,Khan Rukhsar 24,,Best quality and best offers love it,5.0,,,,,,0.0,
a4bbc876-03bc-490d-929c-335cf2c5a669,Google Play,Google Play,2026-08-22 01:35:23,Ritu Dubey,,awesome 💯 I love myntra,5.0,,,,,,0.0,
4e4d3d39-45a1-4b17-a27f-f20ee01b8965,Google Play,Google Play,2026-08-22 01:33:06,Bimbodev,,good,5.0,,,,,,0.0,
1a5114a0-06bc-436c-bec3-996bea2cf975,Google Play,Google Play,2026-08-22 01:30:22,PRABHAT DASH,,"yese chutiyalandi company maine kahin nhi dekha, sethji ko paise kamana ho toh bhik mange, ya apne ghar wale ko bhade pe lagaye, hamara Paisa kiyon kaat ke le rahe ho ,",1.0,,,,,,0.0,
6096828a-8296-42df-a371-cba3b25c2a30,Google Play,Google Play,2026-08-22 01:16:23,Talal Siddiqui,,Evening thing is better and use full all are good but delivery and package are not good because recently I ordered Puma shoes and i received my order but my shoes box is not good 👍,5.0,,,,,,0.0,
62e4b077-a502-4a4b-819b-f23bccbfe243,Google Play,Google Play,2026-08-22 01:14:39,Sunaina Pandey,,👍👍,5.0,,,,,,0.0,
50ee5cd7-60ff-4821-973d-b350c9abfe81,Google Play,Google Play,2026-08-22 01:12:16,Ashish,,good,5.0,,,,,,0.0,
46c5afec-f68d-44c6-a6e8-a87e13fb113a,Google Play,Google Play,2026-08-22 01:08:20,laraib Siddiqui,,its a trusted and original site,5.0,,,,,,0.0,
b07828ea-bcc9-4a15-800a-b055dc7daa42,Google Play,Google Play,2026-08-22 01:07:57,Drishti bansal,,its good,5.0,,,,,,0.0,
428b7ecf-743d-46dc-bf20-45bb867e440b,Google Play,Google Play,2026-08-22 01:07:41,Saloni Kerai,,I like shopping here. Myntra gives great deal at a decent price. The only reason I'm giving you 4 star because you stopped giving me mycash coupons🫠🫠.. other wise you're the best.,4.0,,,,,,0.0,
1b957609-29a0-4f6a-9a80-8edaa877fc91,Google Play,Google Play,2026-08-22 00:58:42,srinivas gosula,,good,5.0,,,,,,0.0,
09be7063-592f-4b32-8c06-0f4f7401f8ef,Google Play,Google Play,2026-08-22 00:56:48,Mahesh Kumar,,nice experience,5.0,,,,,,0.0,
2a9e394e-908a-48f9-94a3-f59dd4a44fc3,Google Play,Google Play,2026-08-22 00:56:34,Gaurav Thakur,,I realy like this app because I need south Indian lehnga and mytra always give me fastest diliver order I am happy using this app. love you myntra,5.0,,,,,,0.0,
a02eb6e9-d96c-4dec-995f-bd1d9f11d634,Google Play,Google Play,2026-08-22 00:52:53,Manish Kadam,,nice,4.0,,,,,,0.0,
770bda55-154d-4dfb-b59c-43f0f0e47061,Google Play,Google Play,2026-08-22 00:52:28,Lil Sagar,,good,5.0,,,,,,0.0,
8de36aaf-b4f5-4029-8880-78833e828d40,Google Play,Google Play,2026-08-22 00:51:37,Shaikh Ishh,,The shopping on this app is so smooth,5.0,,,,,,0.0,
14213ccd-529c-4837-9919-98a311820f99,Google Play,Google Play,2026-08-22 00:47:57,Suresh Chand,,always good service when I raise return item same time I got refund,5.0,,,,,,0.0,
6b9ab689-7bf7-4ce5-8335-cc0be4d6e434,Google Play,Google Play,2026-08-22 00:40:51,Rashmita Maheshwari,,very good very nice 👌,5.0,,,,,,0.0,
1d6f0b52-2d2e-40d0-8c91-62b1e5aaecf0,Google Play,Google Play,2026-08-22 00:39:20,Aashish,,can you stop this Ai model bs ? I'm fed up of if,1.0,,,,,,0.0,
1a652b6d-dc74-4b0f-8d0e-64ca22d332bf,Google Play,Google Play,2026-08-22 00:38:56,Nikhil Sharma,,"recently had worst experience with Myntra. For two consecutive orders they delivered wrong size. I ordered 4 UCB tshirt size S, however they delivered all M size, I returned it and thought mistake could happen sometimes. I then ordered two new UCB tshirt size S, again they delivered size M, this time I was really very frustrated. I was shopping for my travel, and now the exchange date is after my travel date.",3.0,,,,,,0.0,
09d620d8-369a-49ed-91e6-222b95a24386,Google Play,Google Play,2026-08-22 00:34:01,Gunja,,good,5.0,,,,,,0.0,
3b52112a-b05b-4e52-848d-b7258f9fc779,Google Play,Google Play,2026-08-22 00:30:03,jasbant Kumar,,"outstanding overall service, trusted and loyal.",5.0,,,,,,0.0,
e297e306-274e-4fc9-a7cc-13cee7d0f55e,Google Play,Google Play,2026-08-22 00:27:58,Madhav Dangi,,good 😊,5.0,,,,,,0.0,
d4a04135-bfef-4ab6-baa6-0375227a5687,Google Play,Google Play,2026-08-22 00:25:34,Vikash Kumar,,"very bad,iska saman bahut mahenga hai or mesho shopsy se dubble rate hai ,isse badhiya mesho shopsy hai",1.0,,,,,,0.0,
03401653-7c7f-4284-8029-d8233f65b05f,Google Play,Google Play,2026-08-22 00:16:10,Anita Horo,,having good experience with myntra. Good online shopping platform which provides High quality products in affordable price. I recommend myntra for their services and quality.,5.0,,,,,,0.0,
bdd537ea-8a74-4838-b7ca-4160b2558661,Google Play,Google Play,2026-08-22 00:14:48,sneha laskar,,good 💯,5.0,,,,,,0.0,
6a7c3153-a306-48de-b02f-cb4a242b1e28,Google Play,Google Play,2026-08-22 00:14:26,Anu Lakshmi,,better than other app,5.0,,,,,,0.0,
f423ce2d-cc87-4cc8-82bb-1e94588b3181,Google Play,Google Play,2026-08-22 00:13:42,Prachi Gautam,,it's a good product,4.0,,,,,,0.0,
f73e4d42-1d7c-4938-bba7-afa9e8900b9d,Google Play,Google Play,2026-08-22 00:08:24,Md Sagir,,jut like wow so beautiful ❤️,5.0,,,,,,0.0,
90e518a5-42c5-4395-9f9d-0d2d8475d1db,Google Play,Google Play,2026-08-22 00:07:13,Yashman,,great app,5.0,,,,,,0.0,
86877100-7786-4b42-bf5c-17f1b8acbc75,Google Play,Google Play,2026-08-22 00:04:43,Nayan Pansuriya,,good app,5.0,,,,,,0.0,
6d39f038-0e2b-49a6-a6c1-906f178741ff,Google Play,Google Play,2026-08-21 23:52:43,Sarfraj Sumra,,very nice,5.0,,,,,,0.0,
c1186651-83b7-40c1-9c9b-44a1fd949c31,Google Play,Google Play,2026-08-21 23:41:07,Md Ali Mubasir,,"--- *Myntra is not just a shopping app, it's a fashion destination. ❤️* What I love about Myntra: *1. Huge Collection:* From top international brands to Indian labels, everything is in one place. Whether it's casual, ethnic, formal, or gym wear - you find it all. *2. Quality & Authenticity:* Every product is 100% original. The quality is always top-notch. *3. Amazing Offers:* Sales, discounts, and Myntra Points make shopping super affordable.",5.0,,,,,,0.0,
873fb625-1b6d-4590-a95a-9ccf6c6996ed,Google Play,Google Play,2026-08-21 23:40:25,Mehul Patel,,bakwass aap hai mut use karo...return lene koy ata nahi aur refund bhi nahi milega ..west of time app location..froud app hai play store please delete Thair licence. don't buy anythings...,1.0,,,,,,0.0,
a956970b-ddd8-474e-b560-f4c4391ba32d,Google Play,Google Play,2026-08-21 23:39:10,Tapas Dutta,,The only thing that makes this app interesting is the discount codes that they offer in special events overall it's quick easy and convenient,4.0,,,,,,0.0,
3348e90d-3ba9-490b-984d-a8a8f339b887,Google Play,Google Play,2026-08-21 23:35:05,Nisha,,super,5.0,,,,,,0.0,
0bb96eb9-358c-4601-ae6d-c891a0d8087c,Google Play,Google Play,2026-08-21 23:34:09,Anita Mehrotra,,The overall experience is unsatisfactory. Very poor customer service support team. Their representatives are always busy and the chat support ends abruptly always.,1.0,,,,,,0.0,
a33244c8-77af-420b-a4af-f4a9fbec736e,Google Play,Google Play,2026-08-21 23:33:21,A Google user,,"worst service,After accepting the order myntra cancelled the order on the exact day of delivery, for which i waited the whole day.",1.0,,,,,,0.0,
678211ea-8d92-4def-9fdc-6b77c2b77474,Google Play,Google Play,2026-08-21 23:33:16,Ranjana Singh,,excellent,5.0,,,,,,0.0,
9550410c-987f-4900-8c29-6bd3ff564b9e,Google Play,Google Play,2026-08-21 23:32:19,Megha Kharadkar,,myntra is the best online website for shopping. I'm using this App from years..,5.0,,,,,,0.0,
af03bf02-7d70-4748-af28-6b4cda02815c,Google Play,Google Play,2026-08-21 23:31:32,ABHIJEET PRAKASH SINGH,,verry good,5.0,,,,,,0.0,
0a261671-f782-437c-8dd8-7b7d14088fd4,Google Play,Google Play,2026-08-21 23:30:46,Srinidhi U M,,please make some discount available for users,5.0,,,,,,0.0,
c0c0eba8-8d79-473d-82db-44fa5ebc52ed,Google Play,Google Play,2026-08-21 23:27:10,Jayashwor Pun,,nice product 👍,5.0,,,,,,0.0,
3f422904-9726-4ca5-9a30-eb6b7160accd,Google Play,Google Play,2026-08-21 23:24:53,Sandra Pinto,,good,5.0,,,,,,0.0,
066cfba8-718b-470e-a524-3e1add6a4d29,Google Play,Google Play,2026-08-21 23:24:33,Avanu Rajput,,very good shopping experience,5.0,,,,,,0.0,
aedbbbe5-6876-45f6-a149-daedeab8b8c1,Google Play,Google Play,2026-08-21 23:17:14,anwaruldn anwaruldn,,Geniune product and return or exchange are easily,5.0,,,,,,0.0,
51aba27e-3f91-4d42-a157-a32b94d53713,Google Play,Google Play,2026-08-21 23:16:29,Manisha Das,,"""Myntra is my absolute go-to app for fashion and lifestyle shopping! The user interface is very smooth, search filters are highly accurate, and the sizing guides are mostly perfect. Delivery is usually on time, and refunds are processed swiftly. Highly recommended!""",5.0,,,,,,0.0,
d6e72ce6-3dbd-4d28-aeea-4b37e5d6e2ff,Google Play,Google Play,2026-08-21 23:08:06,It's Rahul,,very good,4.0,,,,,,0.0,
8ebc8274-62ce-4ac6-9c4e-10f572216caf,Google Play,Google Play,2026-08-21 23:06:34,Souvik Maji,,good,5.0,,,,,,0.0,
35fece01-9baa-442e-977a-c3f514992c21,Google Play,Google Play,2026-08-21 23:04:14,Anamika Ashok,,love this app.. purchase product with less money ❤️😋,5.0,,,,,,1.0,
14060bc3-df6a-4f1e-a844-cadcc0b0bbbb,Google Play,Google Play,2026-08-21 23:03:49,Moh Ishaan,,good,5.0,,,,,,0.0,
f594410e-11dd-4450-92ba-1ef9110de7e6,Google Play,Google Play,2026-08-21 23:03:32,vinutha vinci,,worst app for online shopping no proper response deliveries being cancelled for no reasons repeatedly cannot raise complaint no proper response to the complaint raised,1.0,,,,,,0.0,
3ff53060-9c5d-46fc-ac24-eb599ae202e5,Google Play,Google Play,2026-08-21 22:58:54,Anshu Yadav,,fabulous,5.0,,,,,,0.0,
c4a26fe6-e161-496e-b50b-17c9ac9667e5,Google Play,Google Play,2026-08-21 22:57:05,Pradeep Gour,,nice product,4.0,,,,,,0.0,
1c86d563-603e-415a-9979-d03f63e3d935,Google Play,Google Play,2026-08-21 22:53:05,Debangshu Sarkar,,excellent collection,5.0,,,,,,0.0,
187856aa-6509-4c97-b0a5-c37b98e8779b,Google Play,Google Play,2026-08-21 22:51:09,Kush Goel,,best app ... never disappoints,5.0,,,,,,0.0,
24fa8228-1292-4069-be1a-be41485207c8,Google Play,Google Play,2026-08-21 22:49:02,Nidhi Parmar,,Amazed by this app!,5.0,,,,,,0.0,
e517f612-6b82-4594-9d4b-38b7f506e7f9,Google Play,Google Play,2026-08-21 22:43:54,Lucky Sony,,worst delivery service 💦💦 no support just ai,1.0,,,,,,0.0,
bd38805d-67c5-401f-b2fc-9f36df6a8e1b,Google Play,Google Play,2026-08-21 22:43:49,MAA KA LADLA MADHAV,,A good store for all things,5.0,,,,,,0.0,
2e4d4ec2-117f-4272-8bad-143b40007494,Google Play,Google Play,2026-08-21 22:41:38,Adil Shaikh,,"I love u mintra.. great deals on all products, daily cash rewards, also got big cashback after shopping. love it thank very much..",5.0,,,,,,0.0,
0b641ab4-beef-4711-afe5-c28cb084ad43,Google Play,Google Play,2026-08-21 22:41:07,Rohekha Classes,,all products are of good quality in myntra,5.0,,,,,,0.0,
803e1828-ee04-4130-884b-27912a113a07,Google Play,Google Play,2026-08-21 22:40:33,sushant Kumar,,quality products,5.0,,,,,,0.0,
d74fe2c3-3ae8-4503-99a0-26e939a3be97,Google Play,Google Play,2026-08-21 22:39:53,Dharamvir Devgan,,good 👍🏻,5.0,,,,,,0.0,
c5a05c55-dc45-4127-a9d6-826b28d77278,Google Play,Google Play,2026-08-21 22:38:20,Neetu Singh,,Not available coupons only when new account login please fix this Myntra,3.0,,,,,,0.0,
bf1aa6d4-6802-4942-8848-156e15ef28c6,Google Play,Google Play,2026-08-21 22:35:32,SONIKA BAVORIA,,very good app,5.0,,,,,,0.0,
8898cf06-bd36-4ec4-a4b7-c86435e5796d,Google Play,Google Play,2026-08-21 22:35:27,Jayanta Banik,,best,5.0,,,,,,0.0,
0e370aee-b838-40f1-9493-4375c2bd45d5,Google Play,Google Play,2026-08-21 22:32:56,CHANDAN KUMAR,,nice,5.0,,,,,,0.0,
6eeac3d0-d7e7-4abe-947b-cc953ef4ce17,Google Play,Google Play,2026-08-21 22:28:27,Jaymin rathod Rathod,,Good,5.0,,,,,,0.0,
a8893d7e-1461-4ee9-b1cd-c2d020334acf,Google Play,Google Play,2026-08-21 22:27:55,SK AAYAN,,awesome fits in myntra ❤️‍🔥,5.0,,,,,,0.0,
68aeea04-85b6-4f9b-97ac-d1bc763ef67d,Google Play,Google Play,2026-08-21 22:24:46,Ruchi Agarwal,,very good experience 👍🏻 thanks Myntra perfect shopping app,4.0,,,,,,0.0,
9df847e1-e316-4323-acfe-59aa4898d287,Google Play,Google Play,2026-08-21 22:23:14,Varsha_ Prakash,,this is cheating app they are not responding for their customers and really feel bad of ur service fraud,1.0,,,,,,0.0,
83c2137c-c15d-467f-8ee8-a1ad1de0596d,Google Play,Google Play,2026-08-21 22:22:28,Yuvrajsingh Panwar,,It's far better than other shopping apps bcz I tried almost all the famous shopping apps that delivered different item from the shown image but this can't happened with myntraa,5.0,,,,,,0.0,
44d768e2-1e2d-46b1-a679-1317f7f5c2fd,Google Play,Google Play,2026-08-21 22:20:56,Sreekanth Village beuaty,,very very good products in mytra app,5.0,,,,,,0.0,
94f23991-8f13-44b4-bc78-d0c6adbe1fad,Google Play,Google Play,2026-08-21 22:18:51,Naman Kashyap,,nice,5.0,,,,,,0.0,
305b2882-15d3-41ed-a471-04131a478950,Google Play,Google Play,2026-08-21 22:17:11,Madhu Tek,,worst app as there is no proper reply from customer care support. if we place an order it will get delayed without any proper reason. if we return the item they will take more than one or two months to pick up that item. sometimes they will send used products. I know that my comments and reviews will be removed. but still I can say their customer care support services are too bad..,1.0,,,,,,1.0,
3d7c3387-21e9-464d-8369-e1fbf3b96fda,Google Play,Google Play,2026-08-21 22:12:21,Manish kumar Jha,,best to buy good products,5.0,,,,,,0.0,
755fb178-e9a6-4baa-ab48-7e95146d20f9,Google Play,Google Play,2026-08-21 22:07:43,krishnaj a,,They are cancelling the order more than twice and saying that ( Unfortunately we have to cancel this order due to unforeseen circumstances ) ......,1.0,,,,,,1.0,
eb1b6c82-2bb0-45ac-aa14-5d75a3d1ff25,Google Play,Google Play,2026-08-21 22:03:21,Chandan Sharma,,very nice,5.0,,,,,,0.0,
61c924cb-bf85-4a64-924a-5f3759bf824d,Google Play,Google Play,2026-08-21 21:48:40,MDL-CDK-EC G. Ramesh,,super qulity iteam. this itam good clour and good clath and good,4.0,,,,,,0.0,
c591ae74-fc10-49b5-8296-eb7ea03c5a4d,Google Play,Google Play,2026-08-21 21:45:32,Mock Test With Varun,,it's really good place for shopping. I love this plateform because this is very trusted and quality.also give me 1st priority of customer.,5.0,,,,,,0.0,
3a16d168-b8ab-4c8e-a98a-cb023248db2e,Google Play,Google Play,2026-08-21 21:42:31,Hitesh Rampure,,These people are absolute scamsters. They never deliver products on the promised date—either the order gets cancelled or it keeps getting delayed. Don’t trust this app or its fake delivery promises. I’ve never had such a terrible experience with any other online shopping platform. Either improve your service or shut down your operations. Stop misleading and fooling customers.,1.0,,,,,,0.0,
4b4bb3ba-142f-48af-a8aa-19d784dc9f39,Google Play,Google Play,2026-08-21 21:42:12,Harsh Raj,,good,5.0,,,,,,0.0,
a4ea9594-39e3-41a1-b22c-5a4da6311765,Google Play,Google Play,2026-08-21 21:34:57,bunny Raj kumar,,good,5.0,,,,,,0.0,
746679b3-756c-40d9-87dc-9dc3f1ccd4ce,Google Play,Google Play,2026-08-21 21:32:35,Monty Sharma,,good,4.0,,,,,,0.0,
9abc79e8-5f32-442f-ad0d-453aa290ebd7,Google Play,Google Play,2026-08-21 21:32:30,SADMAN AHMAD,,Best user interface,5.0,,,,,,0.0,
999c95a0-31a3-4fbe-a846-327c175fdacb,Google Play,Google Play,2026-08-21 21:30:35,Ranam vinay Ranam vinay,,nice,5.0,,,,,,0.0,
6d1d58df-1c5f-4e21-965e-d7774f23cfc7,Google Play,Google Play,2026-08-21 21:30:06,Manya Surve,,osm,5.0,,,,,,0.0,
b8b7039d-6eb7-4000-954e-4c01b8348236,Google Play,Google Play,2026-08-21 21:28:45,Indra Verma,,this is an very good app,5.0,,,,,,0.0,
4c3a366e-5bbe-4fef-bb6f-e8084d45f1db,Google Play,Google Play,2026-08-21 21:26:42,Bhupesh Singh,,good 👍,5.0,,,,,,0.0,
ee82add4-b960-4ef2-bdf4-c570b1d72992,Google Play,Google Play,2026-08-21 21:26:38,Anilkumar,,overall good 👍 👌,4.0,,,,,,0.0,
a4b4a3b1-f955-4575-a097-e6b22b2ea33a,Google Play,Google Play,2026-08-21 21:26:25,Anuradha Pathak,,it's very interesting,5.0,,,,,,0.0,
90f0a435-fe39-43e0-ad7f-489467587dee,Google Play,Google Play,2026-08-21 21:25:31,Khushi Jaiswal,,good,5.0,,,,,,0.0,
feeeff11-f0b4-4e15-8065-648c320f6a29,Google Play,Google Play,2026-08-21 21:20:38,Madhavi Magadi,,thank you Myntra,5.0,,,,,,0.0,
215a2923-a7de-4998-bd16-620c10d7c5d3,Google Play,Google Play,2026-08-21 21:19:28,Shreya,,"very affordable,and many offers for users are there",5.0,,,,,,0.0,
89c5474b-ff29-462c-8d43-023ac9fa7466,Google Play,Google Play,2026-08-21 21:14:56,Suja K,,super quality products,5.0,,,,,,0.0,
2103c34b-f1ce-44ae-84be-92242e670426,Google Play,Google Play,2026-08-21 21:14:38,Aswathy T K,,good,4.0,,,,,,0.0,
0a51c64f-dd6f-44fd-bbf9-3edb4779415f,Google Play,Google Play,2026-08-21 21:09:40,Mohammed Akhtar,,I'm satisfied with this shopping app. I ordered a highlander and I received the highlander that I desire,5.0,,,,,,0.0,
e37a77a8-6d79-4be9-a575-4291919a019b,Google Play,Google Play,2026-08-21 21:08:07,Sonali Samal,,delivery should be in between 11am-1pm it should not be late,5.0,,,,,,0.0,
daf0df35-9cf8-457e-98f7-2f18091d2800,Google Play,Google Play,2026-08-21 21:05:13,VARSHU !,,"This app is very useless and very bad. It does give you a discount but whatever you ask for, it will not give you that thing, it will give you something else and will replace it. It is so bad but there is nothing to say brother👍🏻",1.0,,,,,,0.0,
b97d9282-b3f9-440e-8022-e91e44006a79,Google Play,Google Play,2026-08-21 21:03:04,T,,Reliable and easy to use.. service is best.. easy to return and exchange...,5.0,,,,,,0.0,
33336b9e-7b27-41b0-b67e-faa8e0b74b79,Google Play,Google Play,2026-08-21 20:57:46,Naitik Singh,,is a very happy pk,5.0,,,,,,0.0,
043b4c93-0973-4c28-8566-2b205eee0be3,Google Play,Google Play,2026-08-21 20:57:11,Usha Mahaur,,nyc app perfectly working,5.0,,,,,,0.0,
d6772154-62db-42dc-8a01-f2208dffb339,Google Play,Google Play,2026-08-21 20:52:26,Gulshan Kumar,,best app shoping,5.0,,,,,,0.0,
1c2bf820-8b65-4bec-b5a9-0a739a561bad,Google Play,Google Play,2026-08-21 20:49:38,AKHIL K,,Best app for fashion,5.0,,,,,,0.0,
fd75ed07-f409-41c1-adeb-de3507de86cf,Google Play,Google Play,2026-08-21 20:49:15,vinita panchal,,amazing app really fabulous 😍😍😍😍😍 products 💓💓💓💓💓 you can buy from here .,5.0,,,,,,0.0,
a1b9345d-1f84-4700-870b-ed44a302ea4b,Google Play,Google Play,2026-08-21 20:45:28,Himanshu Sharma,,sab proudest original milte ha,5.0,,,,,,0.0,
abc2acb3-35a6-473b-b067-e5f06f9de8c0,Google Play,Google Play,2026-08-21 20:45:21,darshana chawda,,material and fitting is good 👍 good for it,5.0,,,,,,0.0,
6457c345-5a43-4339-a7b4-3f89a8bea87e,Google Play,Google Play,2026-08-21 20:43:34,Pihu,,best app with latest collection,5.0,,,,,,0.0,
511aa7b0-ca0f-4633-aaca-07e0e256768f,Google Play,Google Play,2026-08-21 20:42:27,Nisha Bhandari,,very good experience💓,5.0,,,,,,0.0,
64f4d6fb-e779-4bcd-a5e7-613f8df3cb73,Google Play,Google Play,2026-08-21 20:42:27,Ajay Kumar,,The product is great a,5.0,,,,,,0.0,
d1674e8e-3541-460a-80b6-afa27f714ade,Google Play,Google Play,2026-08-21 20:41:50,Neetu Karki,,quality is best 👍💯... go for it guys,5.0,,,,,,0.0,
ff10771c-0323-4797-9a4b-7c03bf8618fc,Google Play,Google Play,2026-08-21 20:41:11,santhosh,,good and trusted products,5.0,,,,,,0.0,
ea3ba1f9-4f20-43fd-b9c7-2050ae754c11,Google Play,Google Play,2026-08-21 20:40:40,pariksha rana,,good fabric good size,5.0,,,,,,0.0,
96bdcbc0-8b68-4f37-a44c-7def51a4a650,Google Play,Google Play,2026-08-21 20:39:09,akhil s,,good,5.0,,,,,,0.0,
313cdf13-c0b6-484b-b6e1-1e934a89069b,Google Play,Google Play,2026-08-21 20:36:54,Mohit Sharma,,great,5.0,,,,,,0.0,
4331dae9-4ed9-46ce-9b98-f394b1105734,Google Play,Google Play,2026-08-21 20:34:45,Jps Rana,,good shoes,5.0,,,,,,0.0,
65768a8b-5c8e-4cc4-8313-8beb1fefac82,Google Play,Google Play,2026-08-21 20:34:22,MANSOOR KOTTAKKUNNAN,,good prodect,5.0,,,,,,0.0,
2583e05e-348b-482c-af65-2bff59e840c0,Google Play,Google Play,2026-08-21 20:32:23,Suresh Shakya,,Good app for fashion related shopping,5.0,,,,,,0.0,
06984bba-c3a5-4659-ae3a-e98f8ce47c7e,Google Play,Google Play,2026-08-21 20:29:31,Subhash Kumar Thakur,,bahut achcha app hai,5.0,,,,,,0.0,
052393a5-9bc0-4b5c-aa53-d207ca1f0476,Google Play,Google Play,2026-08-21 20:28:02,A K,,All good but I'll give 4 star coz I don't like to pay the platform fee,4.0,,,,,,0.0,
d57a72c8-e120-4549-83e5-68d13ddefd8c,Google Play,Google Play,2026-08-21 20:21:20,Rimpal,,love it,5.0,,,,,,0.0,
549a25e6-c7e2-4f29-a185-9b641ca18444,Google Play,Google Play,2026-08-21 20:21:13,Kayes Hossen,,super,5.0,,,,,,0.0,
689adbba-0044-447c-affd-8c6595239d89,Google Play,Google Play,2026-08-21 20:20:04,Anu Singh,,"fraud I received a wrong product from Myntra. I raised a return request and even uploaded the images, but no action has been taken yet. It’s very disappointing to face such issues I am highly disappointed with my recent order. I received a duplicate/fake branded product instead of an original one. I trusted Myntra for genuine products, but this experience has caused me inconvenience and loss. fraud fraud Very disappointing experience with Myntra. fraud scammer",1.0,,,,,,1.0,
6260ae9c-082f-46a6-960c-15cf18f34814,Google Play,Google Play,2026-08-21 20:19:26,Rajnikant Singh,,good,5.0,,,,,,0.0,
7016f5cf-ed85-40d5-be9e-43202f0a0e6b,Google Play,Google Play,2026-08-21 20:18:47,Divyansh Gupta,,best quality clothes and variety available at best prices,5.0,,,,,,0.0,
025f74db-6dfe-4f92-a806-205b015171cc,Google Play,Google Play,2026-08-21 20:18:32,Akhil Mitra,,good,3.0,,,,,,0.0,
db6e6abd-67f3-4d16-a813-5b5761b8feba,Google Play,Google Play,2026-08-21 20:17:25,Rishabh Prakash,,siuuu,5.0,,,,,,0.0,
79ad732a-9303-40e4-9ec4-0973df8dceae,Google Play,Google Play,2026-08-21 20:16:02,sanskar gedam,,loved the discount they provide on big brands,5.0,,,,,,0.0,
34e49e53-c66e-42c0-9656-461345805ea6,Google Play,Google Play,2026-08-21 20:12:29,Lakshya Chauhan,,amazing,5.0,,,,,,0.0,
bf638aa6-4d28-463c-bc9e-ade100037b1b,Google Play,Google Play,2026-08-21 20:12:01,Neha Pathak Kulkarni,,good,4.0,,,,,,0.0,
689ad2a2-39a9-43f8-b21d-b79ee5abb89f,Google Play,Google Play,2026-08-21 20:08:12,Prem Shirsath,,nice,5.0,,,,,,0.0,
033df7b0-05af-4b9c-a7ac-d788bb1d1c23,Google Play,Google Play,2026-08-21 20:07:24,ALAM ENTERPRISES,,Better than best,5.0,,,,,,0.0,
2b86dcfc-ba06-40d7-a463-23cf42867e85,Google Play,Google Play,2026-08-21 20:03:00,Mantu Kumar,,this is too good app and this helpful and to trusted app,4.0,,,,,,0.0,
0561b01b-15e0-4e39-9a27-833d69db3147,Google Play,Google Play,2026-08-21 19:58:17,Connel Fernandes,,good,5.0,,,,,,0.0,
6bf6ab8b-9fcf-478b-b8e3-97f38413d1c3,Google Play,Google Play,2026-08-21 19:55:31,SANJAT KESHARI PATI,,"Myntra service day by day getting worst. Delivery service is very bad even after charging bogus platform fee. Its so ridiculous, this company eating commission from seller and customer as well by charging platform fee. This issue should be raised in appropriate platforms. Review date 21.08.2026.......... Mytra's service is terrible again. Orders are getting canceled without permission.",1.0,,,,,,0.0,
3049a672-9b1c-4aad-a4bf-468e1d53eae2,Google Play,Google Play,2026-08-21 19:50:18,Play Movie,,great app...wow,5.0,,,,,,0.0,
bcec0a9e-f9cf-4600-ab42-774882f5bfdd,Google Play,Google Play,2026-08-21 19:46:28,Ramshree,,amezing,5.0,,,,,,0.0,
e39f0d93-cc55-478b-890a-f50cfc901904,Google Play,Google Play,2026-08-21 19:45:35,Hannan Ahmed,,good,5.0,,,,,,0.0,
2fbc40a6-1807-4d90-812d-818eb3cf6a5d,Google Play,Google Play,2026-08-21 19:35:18,Sunny Raj,,good,5.0,,,,,,0.0,
9bd87c39-9dca-4d6c-bdeb-7f82ee880bdf,Google Play,Google Play,2026-08-21 19:33:50,Ameena Begum,,excellent,5.0,,,,,,0.0,
9a49f43c-ebf5-41b1-9576-265261a53ebc,Google Play,Google Play,2026-08-21 19:32:43,prince notiyal,,great,5.0,,,,,,0.0,
50a48919-a74b-449b-8877-ad14fb32e7e5,Google Play,Google Play,2026-08-21 19:30:49,GOPAL KUMAR,,My experience says any product bought from Myntra has unique quality regardless of its price.,5.0,,,,,,0.0,
4b6fe48f-0521-4954-80ed-dbf138399926,Google Play,Google Play,2026-08-21 19:29:45,Anika Kushwaha,,Amazing face powder . after using this product face looking glory and shiny.Thanks a lot myntra for this product.,5.0,,,,,,0.0,
c2189d80-aec7-4f1a-b4d6-3f75c81a1ecd,Google Play,Google Play,2026-08-21 19:27:18,Manjeeta gohal,,great app,5.0,,,,,,0.0,
b2aa1d2e-2185-48b7-a0cd-c0493f3649d8,Google Play,Google Play,2026-08-21 19:23:04,Kajal Viswakarma,,nice 👍,5.0,,,,,,0.0,
36232666-f076-48c0-9fc2-38c836d81f6f,Google Play,Google Play,2026-08-21 19:22:20,Yathira Yasmine,,offers are unbelievable,5.0,,,,,,0.0,
d5aa1bb1-bff8-41ab-9630-710be451ab31,Google Play,Google Play,2026-08-21 19:20:05,Renu Gautam,,best experience best service,5.0,,,,,,0.0,
6471905d-d127-47c1-8486-89cb6f91b7c8,Google Play,Google Play,2026-08-21 19:17:29,Lipakshi Sharma,,very good,5.0,,,,,,0.0,
97ac75c9-a381-4ebe-93df-b248bbc53952,Google Play,Google Play,2026-08-21 19:16:43,Nirmal Shahi,,it's a very good app for online shopping. you can trust on this. overall satisfied.,5.0,,,,,,0.0,
4e123ff7-11fb-401c-a7c3-73a7a78a9ee1,Google Play,Google Play,2026-08-21 19:09:03,Money Court,,always orders are delayed... very bad delivery service...,1.0,,,,,,0.0,
e5118fa7-1bd8-4ee8-95bd-ae42e7def318,Google Play,Google Play,2026-08-21 19:08:30,Suravi Chakraborty,,good experience,5.0,,,,,,0.0,
866d83cb-83de-43c7-9b3d-3a1f0f8a0ccb,Google Play,Google Play,2026-08-21 19:08:26,Riya Barman,,best,5.0,,,,,,0.0,
99e67e91-4eb0-4f47-9a91-57f766e4c6e3,Google Play,Google Play,2026-08-21 19:07:17,Supritha,,it was soooooo good,5.0,,,,,,0.0,
57d8e613-7aa2-4725-adbc-c4c8fa4b6ac2,Google Play,Google Play,2026-08-21 19:05:59,Hasnain Raza,,Nice,5.0,,,,,,0.0,
faebe123-f0a5-4f4f-a450-3751c7787046,Google Play,Google Play,2026-08-21 19:05:57,Tanvi Verma,,verryy nice,4.0,,,,,,0.0,
a6b6012f-09f1-4112-8640-241170e6d0a7,Google Play,Google Play,2026-08-21 19:01:32,Swathi dusari,,good,5.0,,,,,,0.0,
0816830b-b824-4d4f-86a8-c8fcb827c4af,Google Play,Google Play,2026-08-21 19:00:24,Irfan Ahmad,,🥰very Good myntra shopping app🥰,5.0,,,,,,0.0,
83c4d93c-d8ec-4d08-8e21-abe6ee2424cb,Google Play,Google Play,2026-08-21 18:56:46,Stuti Nigam,,best shopping app,5.0,,,,,,0.0,
1b798f18-7066-461c-9ac7-f2de5f33f146,Google Play,Google Play,2026-08-21 18:56:22,Hamsa S Mahadi,,super,5.0,,,,,,0.0,
b31a4d05-5a6d-4299-9b40-7d3f0d66c4fe,Google Play,Google Play,2026-08-21 18:55:34,Ashik Khan,,nice,3.0,,,,,,0.0,
70f29e48-3612-445b-890e-7445e6309fac,Google Play,Google Play,2026-08-21 18:53:56,Priya Vishwakarma,,good,5.0,,,,,,0.0,
967b5586-f063-4fa2-acda-6989a8f74661,Google Play,Google Play,2026-08-21 18:52:26,Divya rafeek,,very good products,5.0,,,,,,0.0,
e8c2ce9f-f9f1-48b8-9792-958e1b41eed2,Google Play,Google Play,2026-08-21 18:51:23,Manju Rani Rakshit,,very good,5.0,,,,,,0.0,
3d22ed7b-2b38-4a62-bda3-3771f00e11cd,Google Play,Google Play,2026-08-21 18:51:12,Md Aazan,,"Dot & Key is a wonderful skincare brand that offers a variety of products designed to make skincare simple, effective, and enjoyable. I recently tried a Dot & Key product and had a really positive experience with it. The product has a pleasant texture, feels comfortable on the skin, and is easy to use as part of a daily skincare routine. One of the things I liked most is that it feels lightweight and does not leave an uncomfortable or heavy feeling after application. I loved this product .🥰🤩😍",5.0,,,,,,0.0,
4e95560a-e91a-46d3-8055-0aa9f52914b3,Google Play,Google Play,2026-08-21 18:50:16,Rakib uddin,,myntra is good,5.0,,,,,,0.0,
2a569aa5-a8d5-4dd1-ad35-bef840d3d83b,Google Play,Google Play,2026-08-21 18:50:04,Walmik Mandale,,good,5.0,,,,,,0.0,
40ce7dd8-1cdd-4471-a134-14d1604f5ed2,Google Play,Google Play,2026-08-21 18:49:10,Gaurav RAJAK,,this is best in other shopping app,5.0,,,,,,0.0,
66f14137-e7a0-46c3-b093-533495fe3b5d,Google Play,Google Play,2026-08-21 18:45:16,Bibek Bag Bibek Bag,,very good shopping app,4.0,,,,,,0.0,
d0f6585a-1549-430d-8789-0cf11f8cb359,Google Play,Google Play,2026-08-21 18:39:44,Gulshan Bhanu,,vere nise,5.0,,,,,,0.0,
9881993d-15d4-424d-a033-f5d54e9df144,Google Play,Google Play,2026-08-21 18:39:24,Manzoor Ahmed,,I ordered few items from Myntra but I am extremely happy with the products that I bought. i ordered it and got delivered on time Good products.. Amazing quality,5.0,,,,,,0.0,
7c5f2469-aac5-49d5-a019-0f514287c6bb,Google Play,Google Play,2026-08-21 18:38:57,Bhaskar Debsingha,,Nice Product Highly Recommend.,5.0,,,,,,0.0,
6bd421f7-f086-43d3-8b1a-1b84ba4e4b07,Google Play,Google Play,2026-08-21 18:38:26,Huma Zaidi,,all the product of Myantra is really good 👍.,5.0,,,,,,0.0,
0a031adb-77fa-4a9b-9857-cef5d66a77c3,Google Play,Google Play,2026-08-21 18:37:54,Khushal Dhiwar,,grab good,4.0,,,,,,0.0,
c6b7d005-fae0-4361-bb97-8fdce13d0226,Google Play,Google Play,2026-08-21 18:36:20,Pinki Aggarwal,,nice product 😄,5.0,,,,,,0.0,
c4d90919-99fb-4c65-8f56-fa3c3f42c879,Google Play,Google Play,2026-08-21 18:34:45,Babita Mishra,,veryyy bad service. They don't provide the tracking option and they are always unable to reach us. I ordered something and after I don't recive my order I wanted to contact agent but there are no option of typing also. and I try to reach the agent because I want my order at the scheduled date but they don't solve the problem.,1.0,,,,,,1.0,
be181171-756a-4e4a-97ec-58d7fb5a5a1e,Google Play,Google Play,2026-08-21 18:33:29,Parvez Sayeed,,Decent,4.0,,,,,,0.0,
c74c89d9-bdb2-4aae-9b04-5fcd5816546c,Google Play,Google Play,2026-08-21 18:30:56,Siddhartha Naidu Butu,,super,5.0,,,,,,0.0,
d621ffae-b139-4a32-aa77-c90437449e97,Google Play,Google Play,2026-08-21 18:27:43,Anurag,,just wow! quality products myntra provides must go for it and don't hesitate to believe...you must believe on it blindly,5.0,,,,,,0.0,
0164c137-8d6f-4a88-899e-6896f156d56b,Google Play,Google Play,2026-08-21 18:25:12,Supriya,,i like it,5.0,,,,,,0.0,
3a2790ab-68b6-4c2d-b596-d7e7a951bf68,Google Play,Google Play,2026-08-21 18:23:46,Rajni Ojha,,good 😊,5.0,,,,,,0.0,
db0225fa-d379-4e29-a70d-d24a59f19be6,Google Play,Google Play,2026-08-21 18:23:27,Bhadreshwar Sarkar,,best shopping app,5.0,,,,,,0.0,
e5d441de-53dd-4eb9-83cb-d38b28cf613e,Google Play,Google Play,2026-08-21 18:20:15,Prem Bater,,good,5.0,,,,,,0.0,
f2419fae-7d76-44dc-8269-22054630ac30,Google Play,Google Play,2026-08-21 18:19:00,Mamta Devi,,Nice,4.0,,,,,,0.0,
01257c24-b7c0-40e1-9c17-ea79219aa49e,Google Play,Google Play,2026-08-21 18:17:35,Rupali Alfred,,1. delayed delivery three times in a week 2. customer care never have solution 3. they always keep customer on hold in the name of transferring call to seniors 4.seniors are never available to talk 5. they never have solution take money and delayed order.. 6. no etiquettes of customer care 7. poorand Third class service,1.0,,,,,,0.0,
b60eb66b-4228-47ee-88cb-79f829edfde7,Google Play,Google Play,2026-08-21 18:17:07,Maseera Nadkar,,best app,5.0,,,,,,0.0,
d174f31a-1f80-417f-8737-e3aad0ab9517,Google Play,Google Play,2026-08-21 18:16:38,Deepak sahani,,good experience,5.0,,,,,,0.0,
2d515570-c9c9-4fa8-b116-d3be9f9ac13e,Google Play,Google Play,2026-08-21 18:15:50,Palchhin Birta,,all over good experience and good quality of clothes,5.0,,,,,,0.0,
66c25a78-354a-4f2b-be86-3758b98a4e45,Google Play,Google Play,2026-08-21 18:14:39,Mujeeb Kizhakkan,,Myntra provides Very Bad Service,1.0,,,,,,0.0,
c2d10608-41c5-4ee1-a2a9-aa745cc4a321,Google Play,Google Play,2026-08-21 18:14:06,Karan,,alert 🚨 (Fraud) no support no integrity I order sleepers from Myntra in khaki color but I received gray color i placed for return but they put my order onhold and after investigation they said you are wrong .,1.0,,,,,,0.0,
f60e05cd-fd88-4b9e-b917-b29a7e95a24f,Google Play,Google Play,2026-08-21 18:13:45,Pinaki Mohanty,,worst app ever,1.0,,,,,,0.0,
78ff424f-5f1a-40e2-a097-344d2d603358,Google Play,Google Play,2026-08-21 18:13:38,Sonal Yadav,,🥰,5.0,,,,,,0.0,
29988d48-9ad2-4922-ac8e-50f025d1b092,Google Play,Google Play,2026-08-21 18:10:24,shilpi das,,best shopping app ever I used,5.0,,,,,,0.0,
657a95a1-e453-49a3-91a9-89c6bc238f15,Google Play,Google Play,2026-08-21 18:10:10,Laxmi Vikas mittal,,good👍,5.0,,,,,,0.0,
f55f60d5-0109-4e6a-af97-cac50f883353,Google Play,Google Play,2026-08-21 18:09:33,ANJU M J,,"Ordered a yellow dress but received a pink one.Even with the invoice, tags, and photo proof and after my multiple efforts, Myntra refused my return claiming they delivered the correct product. Customer support is painfully slow, and every reply takes around 24 hours. Their customer support is almost impossible to reach—calls don't connect, and chat is just automated with no real help.I wasted 3 days of my time behind this. Very disappointing and irresponsible service😕",1.0,,,,,,1.0,
a270545f-299a-4660-8761-472dc5d24e50,Google Play,Google Play,2026-08-21 18:09:13,rachna agnihotri,,fantastic,5.0,,,,,,0.0,
1a198116-2759-4c04-8837-354ea0fd2f10,Google Play,Google Play,2026-08-21 18:07:44,Akash Kumar,,"⭐⭐⭐⭐⭐ Myntra is one of my favorite shopping apps! The collection is amazing, the app is easy to use, and the overall shopping experience is smooth and convenient. Great choice for fashion and lifestyle shopping! 🛍️✨",5.0,,,,,,0.0,
c0481a8b-20af-44c6-9ea7-83cc640798e1,Google Play,Google Play,2026-08-21 18:04:35,neha shukla,,"very professional, best quality products , fast delivery thanks myntra for best services",5.0,,,,,,0.0,
4a99da7e-b756-49e3-9481-96e133dd9292,Google Play,Google Play,2026-08-21 18:04:09,Sushruth s Gowda,,worst customer care experience,1.0,,,,,,0.0,
f781b119-1801-4f4d-9783-acb2b090c69e,Google Play,Google Play,2026-08-21 18:03:59,Sanatan Patel,,I am so happy 😊 very very good app 👏 😊,5.0,,,,,,0.0,
94702069-031b-4736-aae3-e19a7d3f4468,Google Play,Google Play,2026-08-21 18:00:04,Farzana Sayyed,,Boht hi bekar app h return ke nam pr kch ni hota isme jb kroge to 100 bahane bnaenge Boht bekar app h koi bhi install mt Krna,1.0,,,,,,0.0,
a54223c1-e736-4e12-8df7-85c88400dd74,Google Play,Google Play,2026-08-21 17:55:24,sam Kochewad,,good,5.0,,,,,,0.0,
e70471a7-1e32-40af-ad39-d1efaf05edfd,Google Play,Google Play,2026-08-21 17:54:55,Malathi Murugan,,it's really a amezing app go for it guys,5.0,,,,,,0.0,
3ce26bb7-cd69-437b-a3c2-961bb56c71c4,Google Play,Google Play,2026-08-21 17:54:17,Harsh Kumar,,noice,4.0,,,,,,0.0,
84089c4c-a833-40f3-886d-33715a3f6f62,Google Play,Google Play,2026-08-21 17:53:18,simran saini,,good and genuine app,5.0,,,,,,0.0,
96b61160-8c65-4312-b1ca-6194b0b595e3,Google Play,Google Play,2026-08-21 17:51:49,aneeta devi,,super quality clothes..,5.0,,,,,,0.0,
d7af4521-b0c5-45db-ad7a-a97feaebc84b,Google Play,Google Play,2026-08-21 17:50:06,Tanishq Tiwari,,nyc app easy to handle and every product is genuine and branded cloth,5.0,,,,,,0.0,
9acfbe1e-135d-49c9-8fea-19780784dee0,Google Play,Google Play,2026-08-21 17:49:46,Anushka Singh,,nyc experience,5.0,,,,,,0.0,
574dd1cb-724f-4820-b6c3-8f4e8bef0fe6,Google Play,Google Play,2026-08-21 17:47:48,Preeti Varma,,"This is a really great online shopping app. The quality of the clothes is superb, and you can find stylish clothing at very affordable prices. I would definitely give it a 5 out of 5 rating. Highly recommended!",5.0,,,,,,0.0,
fd452ac1-8701-4c9e-850f-d3725776488f,Google Play,Google Play,2026-08-21 17:47:37,Riya,,v.good.always satisfied,5.0,,,,,,0.0,
7a9fbb56-b1a9-42c4-9637-af5810c2e780,Google Play,Google Play,2026-08-21 17:47:05,Albert Joseph,,Excellent app for shopping 🛍️,5.0,,,,,,0.0,
5f1a89b7-d41f-421a-8cc7-5515bc3eebc9,Google Play,Google Play,2026-08-21 17:44:01,Ayaan Mansuri,,good,5.0,,,,,,0.0,
fa2ddc5a-57c0-4a7b-8f2c-58dcd5b3be8f,Google Play,Google Play,2026-08-21 17:42:32,sudhir singh,,Too much good💯,5.0,,,,,,0.0,
f2c08618-b3d8-49a5-9576-aab23eff75bb,Google Play,Google Play,2026-08-21 17:37:02,Shiv._.ansh09,,nice and good app,5.0,,,,,,0.0,
2ee1e81d-c0e8-40ab-b148-e6208f8a2a8e,Google Play,Google Play,2026-08-21 17:33:51,Hentric John,,one of the best online store apps,4.0,,,,,,0.0,
14ae8300-0d9a-4f34-a7e0-ea5992a2376d,Google Play,Google Play,2026-08-21 17:26:16,Subhash Vaza,,best online shopping app,5.0,,,,,,0.0,
fb45a376-6a62-410e-a0b8-ab4e6ff9bb8d,Google Play,Google Play,2026-08-21 17:24:50,Ayushi Raj,,good,4.0,,,,,,0.0,
ae2686b1-43c8-4489-8a26-e2a05df494b7,Google Play,Google Play,2026-08-21 17:22:19,Jayaraj R,,👍,5.0,,,,,,0.0,
55d20aa6-9f81-4f75-9b4f-72e513caaa3d,Google Play,Google Play,2026-08-21 17:22:08,Nandhini Kalai,,I like ur Myntraaa,5.0,,,,,,0.0,
8ba6cff9-a0de-45d5-919d-b1c18d9ee863,Google Play,Google Play,2026-08-21 17:19:18,Legend True,,The experience about this app is very good and reliable.Myntra offers a fast delivery service to get the product you ordered to you.,5.0,,,,,,0.0,
b4f61662-66d7-4b1e-91fd-a49aa13cb65e,Google Play,Google Play,2026-08-21 17:17:56,Kamal Birda,,best,3.0,,,,,,0.0,
91b6705a-4fb2-4178-8e7b-6515987515d5,Google Play,Google Play,2026-08-21 17:15:22,ayub16hussain@gmail.in waris798,,im order from this platform myntra mochi Shoes i have received old used pair return pickup not still myntra chitting openly with when customer care sarvice call there tomorrow morning fixing evening 14 day's playing with customers fored doing with customers please don't know what happened but very poor quality staff chatting with customers please don't buy in this application myntra,1.0,,,,,,0.0,
a0753e97-88cb-46af-b587-1fe06b949e18,Google Play,Google Play,2026-08-21 17:13:33,Kethavath Janiki,,amazing app those the exact app iam searching,5.0,,,,,,0.0,
2a6bf206-c109-4322-bffd-25e892385b5d,Google Play,Google Play,2026-08-21 17:12:06,Kirti Rajbhar,,Good app....,5.0,,,,,,0.0,
5ba66fe4-c07d-4a0d-a235-09f12e1c97c8,Google Play,Google Play,2026-08-21 17:10:50,mavia qamar,,good,4.0,,,,,,0.0,
05de7695-a313-4b64-adcc-4b97d329e2a4,Google Play,Google Play,2026-08-21 17:09:17,Ayush,,order quality is better and order is delivered faster than other platforms,5.0,,,,,,0.0,
7acaa9ff-64ce-4770-a8ed-15e5106e058c,Google Play,Google Play,2026-08-21 17:07:03,shweta gupta,,Best app for shopping,5.0,,,,,,0.0,
6cb07e78-5999-493b-b00a-ee280ba64c09,Google Play,Google Play,2026-08-21 17:02:19,Tharun Kaviyashri,,such an affordable prices,5.0,,,,,,0.0,
3454c583-b808-4def-8494-9fb08827e1b7,Google Play,Google Play,2026-08-21 16:59:04,Sonal Gaud,,it's a good app for any product,5.0,,,,,,0.0,
96f1902f-c648-48d8-8eff-52d3c50eb851,Google Play,Google Play,2026-08-21 16:57:10,Tanvi Sawant,,good,5.0,,,,,,0.0,
cca346cc-53b7-4220-b1dc-f931d90cb164,Google Play,Google Play,2026-08-21 16:56:39,Jagdish Meena,,very bad experience...i install Mantra app but otp didn't support.and accepted... there is no customer care in india....I have mailed 7 days before but no response....... very very bad ....if you stuck in order buy or return parcal .... what will you do....so i will not install in my phone 🤳,1.0,,,,,,0.0,
fe36593e-b166-4b52-9efd-807f819c7548,Google Play,Google Play,2026-08-21 16:55:54,Raju Kohli,,osm,5.0,,,,,,0.0,
aeb340b5-6fe6-4f6e-b6b0-dfb8329aa6dc,Google Play,Google Play,2026-08-21 16:55:50,Sangeeta Gangwar,,good,5.0,,,,,,0.0,
af8f5336-0334-4f5b-9b38-27f137a81760,Google Play,Google Play,2026-08-21 16:55:41,Shubham Agarwal,,worst experience....fraud delivery agent .... boycott myntra.,1.0,,,,,,0.0,
7d411be1-2f53-47b7-8157-ef2bc626f9cb,Google Play,Google Play,2026-08-21 16:54:28,Dr Suprita Pawar,,so myntra has replaced customer support team to an AI. Myntra are you scamming now? I haven't got refund when I checked my yono bank statement. you have refunded only for one product and you haven't for another item. it's not an human error its an AI error,1.0,,,,,,0.0,
8bc398fb-61f4-4ce9-9a87-7f466b773ef1,Google Play,Google Play,2026-08-21 16:52:56,Priya Sarkar vlog,,good product,5.0,,,,,,0.0,
a96e2202-6240-432d-9d61-1c8d55d38776,Google Play,Google Play,2026-08-21 16:51:48,Pradeep Singh,,awesome and branded products is hair,5.0,,,,,,0.0,
3c25e5a6-69d8-4567-a42a-6026efb7ee0a,Google Play,Google Play,2026-08-21 16:46:45,V Sharma,,excellent,5.0,,,,,,0.0,
51dfb19c-83a5-465a-8c78-8fd8754081ae,Google Play,Google Play,2026-08-21 16:44:46,Mahi Shaw,,return exchange krne me inlogo ne itna presan kr diya mujhe ky bolu coustomer care se bt kro fir bhi koi solution nhi,1.0,,,,,,0.0,
95c07d17-66c3-4434-8c0d-4889a1c78bec,Google Play,Google Play,2026-08-21 16:43:24,Debjit Chatterjee,,amazing experience,5.0,,,,,,0.0,
06061e07-5680-4771-9d15-4d67920f3e87,Google Play,Google Play,2026-08-21 16:42:48,Basudev Halder,,👍👍👍,4.0,,,,,,0.0,
f25e5236-9146-4362-a6b7-a5fd6d0847cd,Google Play,Google Play,2026-08-21 16:42:41,Aparna AR,,👍🏻,5.0,,,,,,0.0,
56b9f89a-740b-4c3e-907b-6dc390ea3305,Google Play,Google Play,2026-08-21 16:40:48,Harshal Kulkarni,,"Not a trust worthy platform. Pictures of the product used are always deceiver, they look rich and opulent but delivered products are cheap, despicable and low standard. If somebody is very obsessed with this platform be careful and buy only genuine branded items.",1.0,,,,,,0.0,
4d643aab-e0b6-4ec9-81c1-a5c44bc022e2,Google Play,Google Play,2026-08-21 16:40:17,Priyanka Dawar,,good,5.0,,,,,,0.0,
2a95a5c3-ed9a-4043-b08a-45a4e9948ed3,Google Play,Google Play,2026-08-21 16:39:14,Sunny Variganji,,fast delivery,5.0,,,,,,0.0,
38d96a80-71fd-4101-a798-6220fa01657b,Google Play,Google Play,2026-08-21 16:36:21,alka singh,,"I am extremely disappointed with my recent shopping experience on Myntra. The product I received was of poor quality and appeared to be a used product rather than a new one. The most concerning issue was that the original brand tag was missing from the product at the time of delivery. The missing brand tag has now become a major hindrance in returning the product. My experience with Myntra customer care was very disappointing. Overall, this experience has seriously affected my trust in Myntra.",1.0,,,,,,1.0,
3d01e7d6-1e14-427a-8a11-38c4092b447a,Google Play,Google Play,2026-08-21 16:35:27,Aditya Yadav 6036,,"Really happy with this purchase. The product quality is good, the fit is comfortable, and it looks exactly like the pictures. Myntra is also a great and reliable platform with a smooth shopping experience. The product is worth the price. Definitely recommended",5.0,,,,,,0.0,
c699b0b2-0f19-469f-b79d-4ea5db2f7c7b,Google Play,Google Play,2026-08-21 16:33:56,Bindu Panchal,,Recd the product in good condition. Packaging was perfect. Loved the rakhi..it is same as shown in the image. Thanks.,5.0,,,,,,0.0,
17d7a260-c9e1-4b37-9978-e4fd7232308f,Google Play,Google Play,2026-08-21 16:29:33,Ashmi C M,,good,5.0,,,,,,0.0,
651bf0bc-cca4-4f2d-83f4-71e96b79c7de,Google Play,Google Play,2026-08-21 16:27:42,Sakshi Gupta,,soft and awesome product at a reasonable price.,5.0,,,,,,0.0,
e71b00ce-5b03-4fe9-a217-caba1ab873f3,Google Play,Google Play,2026-08-21 16:27:27,Tapaswini Nayak,,awesome 👍😎,5.0,,,,,,0.0,
1d58545f-9da3-4580-bf39-54336706a632,Google Play,Google Play,2026-08-21 16:25:21,pankaj mehta,,best online purchase experience,5.0,,,,,,0.0,
f17c4bad-0c97-4835-9e92-c2fa6d292a13,Google Play,Google Play,2026-08-21 16:20:26,priyanka samayam,,I purchased apple airpods which was upto the mark,5.0,,,,,,0.0,
4e7a3945-9af2-494c-927b-6afbcd6f8db9,Google Play,Google Play,2026-08-21 16:19:47,Ajit kumar Chourasia,,good,4.0,,,,,,0.0,
8b67d08c-12ca-4d29-b602-051d34fed96a,Google Play,Google Play,2026-08-21 16:18:57,Sikharani Khora,,good 👍,5.0,,,,,,0.0,
f5fe3a53-e549-424b-987d-50d2f945d523,Google Play,Google Play,2026-08-21 16:17:38,Shrikant Bhalerao,,very good,5.0,,,,,,0.0,
04620649-0047-4aa4-af0c-8c380a08410c,Google Play,Google Play,2026-08-21 16:17:28,Anurag Chaudhary,,good 👍😊 very nice fast delivery,4.0,,,,,,0.0,
082a08bb-1413-4900-bfd0-005374f847cd,Google Play,Google Play,2026-08-21 16:13:34,Saksham Sharma,,nice 👍,5.0,,,,,,0.0,
46685727-8e81-47af-b67e-25c628512f88,Google Play,Google Play,2026-08-21 16:13:25,Tyagi Taanvi,,valuable price and branded products are here.. please go for it,5.0,,,,,,0.0,
582a45df-adec-4cb1-8fb9-648016fe11d7,Google Play,Google Play,2026-08-21 16:07:33,Md Rehan,,bad experience I orderd a smart watch but delevery agent not arrived and he told in WhatsApp I did not pick the call,1.0,,,,,,0.0,
43529ec5-7bc2-4789-b4fa-e3b5d592d853,Google Play,Google Play,2026-08-21 16:06:32,Yogendra Patel,,Best,5.0,,,,,,0.0,
a1b1c8ad-aff3-4485-8280-cc9fb5060fbf,Google Play,Google Play,2026-08-21 16:04:54,Shweta Sinha,,very good app for having good quality of clothes,5.0,,,,,,0.0,
baaa206d-03a9-446f-8595-bf1555b8ac1c,Google Play,Google Play,2026-08-21 16:02:39,Siddhi Sharma,,easy to use and quality of product is too good,5.0,,,,,,0.0,
4f86c499-489e-4cb5-afb6-0fd6a7b59e98,Google Play,Google Play,2026-08-21 15:56:59,Farhat Shahrukh,,ek to time pr delivery nhi krte ho aur khud hi order cancel kr dete ho customer service se baat krne k liye request kro to call back bhi nahi krte aur to aur insaan to baat hi krte customer service me ek setting kr di h bas wahi ulta seedha bata deti hai 😡😡,1.0,,,,,,0.0,
156c1918-5b38-4ab7-b229-dd3a56c2e4af,Google Play,Google Play,2026-08-21 15:49:25,Soumen Pal,,Good portion,5.0,,,,,,0.0,
720e8b17-5af0-4636-932d-506d035941f6,Google Play,Google Play,2026-08-21 15:46:03,Mahesh Patole,,👍🏻,5.0,,,,,,0.0,
3f06b835-0886-4cdc-886f-9edd46bacdaf,Google Play,Google Play,2026-08-21 15:44:38,mamta yadav,,superb site for affordable shopping....,5.0,,,,,,0.0,
3960c910-121d-44de-ab0c-d04ca34c4e03,Google Play,Google Play,2026-08-21 15:43:17,Khusi Sain,,nice,5.0,,,,,,0.0,
7d13eace-9f90-496a-a4d5-a87c9bdf11bc,Google Play,Google Play,2026-08-21 15:41:42,Deepa Sharma,,really nice app for me ty Myntra,5.0,,,,,,0.0,
903488ee-1bc4-48bc-b0a9-df923d229b4f,Google Play,Google Play,2026-08-21 15:40:27,Manju Jummal,,one of the best things that I was fond of Myntra is its style exchange amazing experience hurhee,5.0,,,,,,0.0,
d7a3cd60-78b7-4b39-9421-e15107f9da10,Google Play,Google Play,2026-08-21 15:36:00,Sarah John,,It was a nice experience!💕,5.0,,,,,,0.0,
5178f00a-8ae3-48a9-b9e8-58a42e469aa1,Google Play,Google Play,2026-08-21 15:35:43,Anita Haldar,,Thank You,4.0,,,,,,0.0,
35ee784f-cd47-4ec3-8b9f-f32e28dc881c,Google Play,Google Play,2026-08-21 15:31:55,Akki Mourya,,produced order kiya hai only,3.0,,,,,,0.0,
ad29e90e-9a75-42ff-8e7d-fccb24e6035a,Google Play,Google Play,2026-08-21 15:31:01,Harikrishnan Durai,,"one of the worst app , most of the products they delivers are wrong product",1.0,,,,,,0.0,
791463dc-963e-468b-8962-7ad3174a5ca4,Google Play,Google Play,2026-08-21 15:30:05,Vaishnavi Kumari,,Best app,5.0,,,,,,0.0,
219c5da9-a1a9-44c6-9fdc-e4a214851cd6,Google Play,Google Play,2026-08-21 15:28:30,Urmila devi,,good,5.0,,,,,,0.0,
3ba6c5c0-db86-4882-8ba6-d2cf7342f0c1,Google Play,Google Play,2026-08-21 15:25:18,Yunus Khan,,very affordable,5.0,,,,,,0.0,
7ae3bba1-df43-47aa-b9ef-8674d4b5a2b9,Google Play,Google Play,2026-08-21 15:24:48,Fahima Rafik,,very good,5.0,,,,,,0.0,
d540e989-045a-409e-8f8e-3e2559b4fa6c,Google Play,Google Play,2026-08-21 15:23:37,Aniket Gupta,,"exploring wishlist, wishlisted , bookmark",4.0,,,,,,0.0,
38e6b311-2e33-43cc-8b53-88edd1b20a16,Google Play,Google Play,2026-08-21 15:22:36,Syedkassyed Syed,,excellent service good price good product,5.0,,,,,,0.0,
d686aa9b-82df-4c9e-b409-94e158a094a6,Google Play,Google Play,2026-08-21 15:22:10,Il Mina,,good,5.0,,,,,,0.0,
5332d3ac-978e-4b77-ad6e-c16b4933c61e,Google Play,Google Play,2026-08-21 15:19:04,Riya Singh,,"very good app , I loved it very much",5.0,,,,,,0.0,
a5d88981-4123-4e8c-9254-3d4618e6bb72,Google Play,Google Play,2026-08-21 15:14:41,Ayub Mohammed Pathan,,Good,5.0,,,,,,0.0,
2ea6df5b-97ae-4f25-9764-66ef9efe55db,Google Play,Google Play,2026-08-21 15:13:49,S Praveen Kumar Pandey,,good product फ़ास्ट डिलीवरी,5.0,,,,,,0.0,
b6d62e15-b7eb-439d-bdc4-39cb07d7b44c,Google Play,Google Play,2026-08-21 15:07:33,Seora Bodh,,best shopping app,5.0,,,,,,0.0,
aa76e7b5-46b2-45ad-8bb1-36e7b67ee1ce,Google Play,Google Play,2026-08-21 15:04:20,CHANDRAKETU MANDAL,,nice,5.0,,,,,,0.0,
7889c581-e014-4c05-b4d6-9f620f17c870,Google Play,Google Play,2026-08-21 15:03:46,Shreya Karn,,very good app,5.0,,,,,,0.0,
4ef82034-e459-40ee-b1e4-4c4692da2e8c,Google Play,Google Play,2026-08-21 15:01:30,Aishwarya Jamdhade,,it was good shopping at myntra online. quality of the products and cloths are great..!!,5.0,,,,,,0.0,
d849dde9-d99f-43f9-925a-4b00dfc6c669,Google Play,Google Play,2026-08-21 15:01:23,Diksha Wadhwani,,vry njce,5.0,,,,,,0.0,
18c7d34a-5594-4802-a43a-630ce1ffcc12,Google Play,Google Play,2026-08-21 14:58:21,Yeshwanth Kumar,,UI and the layout of this application is super user friendly,4.0,,,,,,0.0,
457bcccb-e841-410a-bccd-955988f74dd5,Google Play,Google Play,2026-08-21 14:49:10,Varun b m,,good,5.0,,,,,,0.0,
e92db1c4-24c0-4014-9988-d5d250d55210,Google Play,Google Play,2026-08-21 14:48:32,Muntaz Begum,,The worst delivery experience... The worst customer care service..... I ordered one eight shoes and received damaged product and they are saying that the only way around is return and there is no exchange or compensation.... Such worst experience.... Shameful,1.0,,,,,,0.0,
c4df2146-a293-4a12-9b0f-5fd78b1ee696,Google Play,Google Play,2026-08-21 14:47:03,Akash Sahani,,excellent 👌,5.0,,,,,,0.0,
fb8f8def-6de8-4ddf-9b20-513f1172b7f7,Google Play,Google Play,2026-08-21 14:43:22,Mun Brahma,,Good Shopping Apps,5.0,,,,,,0.0,
77cb4f4e-db3a-4942-9e7a-154677297742,Google Play,Google Play,2026-08-21 14:41:13,Gulnaz Praveen,,too good for shopping,5.0,,,,,,0.0,
349e69fd-5bfb-4dca-9896-90979a217f53,Google Play,Google Play,2026-08-21 14:35:42,Harendra Kumar,,super,5.0,,,,,,0.0,
b61be88e-6162-4f2a-913a-9276418e6359,Google Play,Google Play,2026-08-21 14:33:16,viren kumar,,nice app for all age group 👍,5.0,,,,,,0.0,
bfb3981b-b03f-4288-88d5-b38996a7197c,Google Play,Google Play,2026-08-21 14:31:27,Lakshmi Kampati,,happy customer 😍,5.0,,,,,,0.0,
b573b225-4fce-4bd7-b34c-0b6031241e37,Google Play,Google Play,2026-08-21 14:30:30,Swayam Dhakad,,it's good app for online shopping and the delivery time also short to other shopping apps,4.0,,,,,,0.0,
d5114ca6-11b5-4da8-992a-04ce658234be,Google Play,Google Play,2026-08-21 14:30:04,rahul yadav,,worst app it uses to be good then but no more ..they do not deliver item if price of that item has been increased before your order gets delivered,1.0,,,,,,0.0,
e99ef6f6-f728-466e-bbe1-254f7581fcdb,Google Play,Google Play,2026-08-21 14:29:03,Binant Chakma,,This product is good,5.0,,,,,,0.0,
e53ee084-38ae-4342-a56d-1ca722aa9dcf,Google Play,Google Play,2026-08-21 14:28:39,Rajbala Poonia,,my myntra experience is superb,5.0,,,,,,0.0,
0ea09616-214a-410c-a661-8158df296658,Google Play,Google Play,2026-08-21 14:28:33,Poonam kondalkar,,best and useful,4.0,,,,,,0.0,
218e6400-5604-4bd9-b484-d02bee340e9b,Google Play,Google Play,2026-08-21 14:28:29,OMKAR JAVKAR,,its too good,5.0,,,,,,0.0,
08cfdb8e-654c-43ac-a849-5601f1c046fb,Google Play,Google Play,2026-08-21 14:24:54,ANEDA TIJO,,it's unbelievably unreliable now.... worst experience now a days,1.0,,,,,,1.0,
c7047ab5-b3d6-48bc-9b53-8fa568bb74e1,Google Play,Google Play,2026-08-21 14:24:38,Anugya Rawat,,good,5.0,,,,,,0.0,
b9518c40-0361-4434-958a-630c1d158b52,Google Play,Google Play,2026-08-21 14:23:16,Hasnain,,amazing,1.0,,,,,,0.0,
5cf8d3a8-f4f1-442a-861a-6729096ac1b3,Google Play,Google Play,2026-08-21 14:18:56,Indra Kumar,,good,5.0,,,,,,0.0,
4af4bd1d-588a-473a-8c27-29ce4f3e6c84,Google Play,Google Play,2026-08-21 14:18:47,Amitt Ssharma,,awesome,5.0,,,,,,0.0,
7209016d-e417-494d-8889-1369d3952aa0,Google Play,Google Play,2026-08-21 14:17:42,Bharat Mali,,op app,5.0,,,,,,0.0,
a029b860-0f0a-4908-9309-596a8c499be7,Google Play,Google Play,2026-08-21 14:15:17,Puja Pal,,very good,4.0,,,,,,0.0,
8f4b646c-7afe-4698-94de-55dd47c0465f,Google Play,Google Play,2026-08-21 14:10:40,SHRIPAD BARVE,,"​Myntra का एक्सपीरियंस हमेशा 10/10 रहता है! ऑर्डर प्लेस करने से लेकर डिलीवरी तक सब कुछ बेहद आसान और फास्ट था। साड़ी की क्वालिटी, कलर और पैकेजिंग सब A1 है। ​Myntra से बेस्ट एक्सपीरियंस! फास्ट डिलीवरी, नीट पैकेजिंग और परफेक्ट क्वालिटी प्रोडक्ट। 5/5 स्टार्स बिना किसी शक के! शॉपिंग के लिए Myntra हमेशा मेरी पहली पसंद रहेगा!",5.0,,,,,,0.0,
ac5bc034-e516-4b71-ac8c-aebbb577ab61,Google Play,Google Play,2026-08-21 14:08:18,Kalp Sharma,,best shopping platform for every occasion.,5.0,,,,,,0.0,
48438f66-981d-4bd7-8584-4d7f423a69b1,Google Play,Google Play,2026-08-21 14:06:01,Ruksana Masud sk,,wonderful products quality are very good 😊 purchase karne ke liye bahut hi achcha hai,5.0,,,,,,0.0,
56930ea3-971f-4752-90bf-fbaa2cc7a249,Google Play,Google Play,2026-08-21 14:05:50,Shiba Marndi,,nice 👍🙂,5.0,,,,,,0.0,
545f9f12-5155-4bf5-a8f8-8a806736ec77,Google Play,Google Play,2026-08-21 14:04:22,Debanjan Barman,,Just Wow,5.0,,,,,,0.0,
3ab9957d-85b8-4427-8d9f-47a514f6a4d1,Google Play,Google Play,2026-08-21 14:03:43,Souparna Deb nath,,order has been cancelled on delivery date😒,1.0,,,,,,0.0,
22913ed7-ddec-4f04-ade2-4123abe06942,Google Play,Google Play,2026-08-21 14:03:13,rahul saini,,i have very bad experience on this app,1.0,,,,,,0.0,
5515dc70-783f-4407-ac42-4f9052acdfd7,Google Play,Google Play,2026-08-21 14:02:17,Raaaz Roy,,good 😊,4.0,,,,,,0.0,
1b023044-a7b6-4172-9d68-0cb41e07139b,Google Play,Google Play,2026-08-21 14:01:34,Redmi Note10 backup,,nothing to say all is well.,5.0,,,,,,0.0,
1ca8d3ce-fb4b-4f9d-a46d-125dfe3a347f,Google Play,Google Play,2026-08-21 13:52:57,Mohammed Affan,,in so thankfull,5.0,,,,,,0.0,
f82ee003-5635-4b9a-a6ff-978dbd3223b0,Google Play,Google Play,2026-08-21 13:51:09,ritu bhardwaj,,nice,5.0,,,,,,0.0,
292ba04f-414c-4cd7-b1eb-77640f3a6689,Google Play,Google Play,2026-08-21 13:47:09,Krishna Kumar Garg,,good app,4.0,,,,,,0.0,
cbace21d-1e0c-4d8e-885a-8492886766d7,Google Play,Google Play,2026-08-21 13:44:13,Sarika Bathra,,very nice good quality product I love it thanks mytra,5.0,,,,,,0.0,
405b96c7-f2cb-46aa-9e82-68c6b6bf2e8c,Google Play,Google Play,2026-08-21 13:43:20,Anu Anuuu,,good packaging and shipment also 👌,5.0,,,,,,0.0,
07080662-8ec7-4ebc-afeb-6608966cf965,Google Play,Google Play,2026-08-21 13:42:24,Gaurav Dahiya,,good Experience,5.0,,,,,,0.0,
329e2bc8-1e13-4181-bf98-01ebcdaa3c3e,Google Play,Google Play,2026-08-21 13:40:43,Sangsangi Ralte,,good,5.0,,,,,,0.0,
5e0722f2-35ae-4dcb-a493-b554f5126337,Google Play,Google Play,2026-08-21 13:39:01,Fathima Rahim,,♥️♥️♥️♥️,5.0,,,,,,0.0,
28e1b043-c43c-4734-9ca6-eb65d146a3a0,Google Play,Google Play,2026-08-21 13:37:19,Rohan Reji,,"Worst app, worst experience. Please don't trust Myntra, they can't do their job properly. I had to do their job of trying to collect my order from their warehouse because they never made any real delivery attempt and instead cancelled it by saying they made multiple attempts. Utter waste of my time and money. I don't recommend this experience to anyone.",1.0,,,,,,1.0,
b48087e6-2ba4-44c0-8a30-86f8ab26c21a,Google Play,Google Play,2026-08-21 13:34:36,Anirudh Kalyan,,absolute 🎉super collections,5.0,,,,,,0.0,
19bb210f-0910-4c00-8987-fc7a715eb307,Google Play,Google Play,2026-08-21 13:24:33,shalaka patil,,excellent,4.0,,,,,,0.0,
5a02e02b-e873-40d1-946d-01846128cac1,Google Play,Google Play,2026-08-21 13:24:18,Parth Bansal,,Nice platform,5.0,,,,,,0.0,
62c8a2c6-624b-4243-8169-8aafe23177ff,Google Play,Google Play,2026-08-21 13:22:12,Iqra Ansari,,Great app,5.0,,,,,,0.0,
87124068-24d1-4069-9952-c7fc28ea5c02,Google Play,Google Play,2026-08-21 13:15:28,Prajjwal Raikar,,"⭐ After the recent Myntra app update, I’m facing a serious issue with MynCash and Myntra Credit. My MynCash works only when I don’t use Myntra Credit. If I select Myntra Credit for payment, MynCash doesn’t get applied and sometimes the page keeps loading. However, when I don’t use Myntra Credit and choose UPI or Cash on Delivery, MynCash gets applied properly. This was working differently before the recent update. I’ve already contacted customer care, but the issue was not properly understood",2.0,,,,,,1.0,
96ea0ce6-231d-4d80-93f1-d03952fea0e0,Google Play,Google Play,2026-08-21 13:14:06,*EXPHUB* DEVA,,good,4.0,,,,,,0.0,
81e6eeea-802f-4563-a8f1-aae218a580d2,Google Play,Google Play,2026-08-21 13:10:23,Sakthi Vel,,ok,5.0,,,,,,0.0,
08715f5a-fffd-43cb-ad18-9150a3dcb7c1,Google Play,Google Play,2026-08-21 13:08:55,Riya Choubey,,very bad customer service,1.0,,,,,,1.0,
c0667f9a-b208-4bd3-9ae8-afcf73085ce5,Google Play,Google Play,2026-08-21 13:08:20,Deepak AwastHi,,best app for shopping,5.0,,,,,,0.0,
fefdac03-1b77-48e9-a3f5-7ec13aea6f16,Google Play,Google Play,2026-08-21 13:07:57,Harshada Rilkar-Mhatre,,Edit - Myntra has definitely improved their logistics and customer support. Keep it up.,5.0,,,,,,1.0,
efdd2bfd-c353-467b-8390-f9e76314682a,Google Play,Google Play,2026-08-21 13:06:09,Pankaj Kumar,,Amazing Experience ✴️✴️✴️✴️✴️,5.0,,,,,,0.0,
ea8ceb24-537a-40ed-9147-4140407f7714,Google Play,Google Play,2026-08-21 13:04:47,Chameli Podder,,Best quality shopping app,5.0,,,,,,0.0,
f11dc2cf-b19d-4675-a6b6-ff411a334463,Google Play,Google Play,2026-08-21 13:03:03,Tulika Munshi,,Extremely poor customer service. Delivered a wrong product and now finding difficulty to exchange,1.0,,,,,,1.0,
1ac44717-0c21-4417-8b53-f35d8717a8f0,Google Play,Google Play,2026-08-21 13:01:49,Anshika Gupta,,best quality app i highly recommend service returs exchanges refunds are so smooth and with in an hour its done ... i am happy to use it and also prefer everybody to use 🥹,5.0,,,,,,0.0,
527a5ac2-e79b-4ae0-9e66-2a02eae4db30,Google Play,Google Play,2026-08-21 13:01:15,Chandrakla Sinha,,very nice product,5.0,,,,,,0.0,
7ff9c782-4ce1-4935-b398-3c1814e4b712,Google Play,Google Play,2026-08-21 12:57:29,Gayatri Wankhade,,trustable app,5.0,,,,,,0.0,
49f3c003-4ea2-4249-b83f-e08afc5fe4d1,Google Play,Google Play,2026-08-21 12:56:09,Ruby Lama,,Very good,4.0,,,,,,0.0,
ae6b6514-b07c-4c17-ab2d-8b85b059911b,Google Play,Google Play,2026-08-21 12:56:09,Mahima Chaurasia,,Best,5.0,,,,,,0.0,
74718f09-87ad-408d-9cba-5118df4014ad,Google Play,Google Play,2026-08-21 12:52:02,Parul,,wonderfull experience,5.0,,,,,,0.0,
0b3aca93-8150-4dbe-90e6-2c60e32ee1fb,Google Play,Google Play,2026-08-21 12:51:47,Vishakha More,,"The delivery is taking a very long time. The delivery person is not answering the call ,and they are not attending delivery again either.",1.0,,,,,,0.0,
decc80f5-0daa-4afa-bbcb-068bbabcf7f9,Google Play,Google Play,2026-08-21 12:50:10,Tutu Moni,,Excellent.,5.0,,,,,,0.0,
65b4cbaf-3800-4f86-8890-6ce696b04866,Google Play,Google Play,2026-08-21 12:49:43,K.P. Jadhav,,good 👍,3.0,,,,,,0.0,
9a75198f-4532-49af-b197-9f3cb223096d,Google Play,Google Play,2026-08-21 12:49:23,ranjith Kumar,,having low price product,5.0,,,,,,0.0,
a7ddf791-9d70-4fb3-96db-411e7f50364c,Google Play,Google Play,2026-08-21 12:48:38,Atul Singh,,worst delivery service. even after sharing details there is no response why are you email I'd in each comment when you are giving any response,1.0,,,,,,1.0,
0232c779-bf13-456a-bd4c-2d6b0dfa142d,Google Play,Google Play,2026-08-21 12:48:06,Disha Gupta,,i have seen the previous customers with same issue but still ordered trusting myntra and its return policy but guess what i was wrong they are telling me that correct item was delivered but i did not receive the correct brand product only i guess u should start open box delivery only then will u know how 5hey repack the cheap prroducts,1.0,,,,,,1.0,
ba50a54d-1585-4cf7-b3b3-b70ef4a1ee12,Google Play,Google Play,2026-08-21 12:47:18,Naina Mehra,,very nice,5.0,,,,,,0.0,
a61104d7-811c-4173-b491-6ecbbd8a9f46,Google Play,Google Play,2026-08-21 12:45:58,Pallavi Banerjee,,worst exchange process is so bad khud hi cancel ho jata h exchange wala process or exchange portal bhi bnd ho jata h jiske wajah ye log exchange hi nhi krtee had a very bad experience with customer care isse accha toh chota sa app meesho k exchange return policy better h aur help centre toh kissi kaam k nhi,1.0,,,,,,1.0,
aaba08e2-0a92-4951-b0b9-cce6f58bc351,Google Play,Google Play,2026-08-21 12:44:22,kulwinder kaur,,excellent 👌👍,5.0,,,,,,0.0,
21a51218-65dd-45c4-a2c5-9569fad03698,Google Play,Google Play,2026-08-21 12:43:54,Mee Jay,,very good quality 😃,5.0,,,,,,0.0,
360aa3aa-4281-47a9-8e2f-61bd565a5188,Google Play,Google Play,2026-08-21 12:41:50,Rameshwari Jha,,excellent,5.0,,,,,,0.0,
a137516d-53a0-438b-a61a-d8954a639cab,Google Play,Google Play,2026-08-21 12:40:04,Krishna Nath,,best app ever,5.0,,,,,,0.0,
ebe429f8-4c03-45c9-aa26-c24d88a3895d,Google Play,Google Play,2026-08-21 12:38:45,Ayush Dixit,,great experience,5.0,,,,,,1.0,
8c1d27c0-fb68-461f-a553-68ce9ec7fbac,Google Play,Google Play,2026-08-21 12:38:34,Bikash Hemram,,good 😊,5.0,,,,,,0.0,
5361c8ec-c40b-4307-b9ec-27536907cb42,Google Play,Google Play,2026-08-21 12:38:33,NIHARIKA CHAUHAN,,very good,5.0,,,,,,0.0,
020513dc-8e73-4a34-962b-d33c07a58a0f,Google Play,Google Play,2026-08-21 12:36:35,anu s,,I always enjoy shopping on this app. they have a huge variety of designs of shoes and clothes ...material of all the things was as described. Good pics and right explanations. I find shoppers reviews very useful.,5.0,,,,,,0.0,
1f333530-693a-4f25-b9d9-6f7ff6e8cbe4,Google Play,Google Play,2026-08-21 12:33:04,Aanchal Garg,,"very disappointing experience with myntra. this has happen to me twice now. i returned the products and the app showed that the refund has been processed, but I still haven't received the money in my account and the after waiting ,the refund amount has not been created. facing the same issue twice.. and I call the myntra help centre they was not responding properly.",1.0,,,,,,0.0,
34ca538f-54a2-462f-9a0f-02a39cdf5e95,Google Play,Google Play,2026-08-21 12:28:54,Ramjit Parmar,,nice,5.0,,,,,,0.0,
e554ea79-2a59-476c-bf30-d5525fce9359,Google Play,Google Play,2026-08-21 12:28:53,Shahrukh Raza Khan,,Nice Product,5.0,,,,,,0.0,
09cafbf4-9911-473f-ac23-d48aedc6f3c7,Google Play,Google Play,2026-08-21 12:28:51,Atikur Rahman,,Good,5.0,,,,,,0.0,
ac6c5bde-be22-4cef-a1c0-24bb14028927,Google Play,Google Play,2026-08-21 12:28:44,Naga Ramani,,"getting few items within 2hrs and 1hr is superb, if we have lot more availability for the same day delivery, then it would be more great!!!",5.0,,,,,,0.0,
8985c088-a08e-4c8b-92e2-0350619875f5,Google Play,Google Play,2026-08-21 12:28:07,Shivani Gusain,,quility and fiting is good,5.0,,,,,,0.0,
a4484b6a-039a-44ce-b159-db32c32593f6,Google Play,Google Play,2026-08-21 12:27:36,Anushka Gupta,,Good,4.0,,,,,,0.0,
74864b23-9ce6-415a-a7e3-a433aac7286f,Google Play,Google Play,2026-08-21 12:26:19,Arya Jain,,the aap is good,5.0,,,,,,0.0,
f1ef51fb-dc96-46f7-80c4-76e42ead070b,Google Play,Google Play,2026-08-21 12:25:57,Golu Singh,,osm🥰,5.0,,,,,,0.0,
4897a203-ebd0-46eb-9a24-6d8d9babb5a7,Google Play,Google Play,2026-08-21 12:24:46,Mampi Bhowmik,,good 😊👍,5.0,,,,,,0.0,
af667ddb-4d74-4a59-93d8-beed926e1aad,Google Play,Google Play,2026-08-21 12:20:34,TANVI NEWASKAR,,superb delivery and service,5.0,,,,,,0.0,
e54b152e-7d42-4a6b-acc0-61e5f4f7ca67,Google Play,Google Play,2026-08-21 12:20:26,Harjeet Kaur,,fantastic purchase,5.0,,,,,,0.0,
6992ccdc-122e-456f-a2ef-ac11f0d8539b,Google Play,Google Play,2026-08-21 12:19:11,Dhiraj Kumar,,disaster,2.0,,,,,,0.0,
04ceeef2-4a91-424d-8bfe-24e5501eaea4,Google Play,Google Play,2026-08-21 12:17:32,pankaj baghel,,good,4.0,,,,,,0.0,
7b07483a-f430-4053-a6fd-bab85f515cba,Google Play,Google Play,2026-08-21 12:17:11,Chirag,,amazing 😍,5.0,,,,,,0.0,
f5c01515-1d2b-43ea-b272-74a30c9089ea,Google Play,Google Play,2026-08-21 12:16:43,Anita raj Malviya,,product quality wow so superb 👍👍👍👍👍👍👍👍👍👍👍👍👍,5.0,,,,,,0.0,
136dc33a-1270-4b7b-9399-9d73e59371bb,Google Play,Google Play,2026-08-21 12:10:32,kirti komatwar,,I like using the app,5.0,,,,,,0.0,
d323aacd-9cb9-404f-85a6-32a7fe3b8dd3,Google Play,Google Play,2026-08-21 12:08:42,Ritu,,Always happy with Myntra product,5.0,,,,,,0.0,
f1302f78-6680-4669-b33e-0e6376aa2f17,Google Play,Google Play,2026-08-21 12:07:30,Bluepipes Healthcare Sales2,,amazing app i really liked the offers on myntra nice experience,5.0,,,,,,0.0,
fcfe8ac4-f13b-46d8-afa5-dafe38c1fdd5,Google Play,Google Play,2026-08-21 12:05:11,Jayashree Naidu,,Fabric is very soft and much comfortable to wear Ekdum First class Loving it,5.0,,,,,,0.0,
feff9e17-01eb-4a31-a564-95559efe94ef,Google Play,Google Play,2026-08-21 12:04:43,Sankar Pradhan,,excellent experience. nice products. good behavior all delivery boys.,5.0,,,,,,0.0,
c61cea3c-cad0-47c0-a85b-86462bad4df6,Google Play,Google Play,2026-08-21 12:00:28,Nitya Singh,,I love this application,5.0,,,,,,0.0,
e9e7980f-cfff-4570-9d66-a74c856941ff,Google Play,Google Play,2026-08-21 11:55:50,Badal Pradhan,,fantastic,5.0,,,,,,0.0,
febbd858-b08a-405c-9cfa-e29f8d778238,Google Play,Google Play,2026-08-21 11:53:46,Preety Kumari,,very good,5.0,,,,,,0.0,
3d312643-3b7a-4451-b4e6-069700955bdd,Google Play,Google Play,2026-08-21 11:53:34,Supriya Singh,,good,5.0,,,,,,0.0,
5ac37d4d-02c5-4a0b-a868-ffa127a9062a,Google Play,Google Play,2026-08-21 11:52:30,Sachin Hirpara,,prompt service,5.0,,,,,,0.0,
a6ea8af5-eeaf-449e-8506-f57724daa274,Google Play,Google Play,2026-08-21 11:50:46,Jatin Kumar,,nice feature and exciting offers,5.0,,,,,,0.0,
037dc332-ec37-40dd-be44-9eddafa011e6,Google Play,Google Play,2026-08-21 11:50:39,Kunal Chandra,,Perfect,5.0,,,,,,0.0,
24df5292-c49a-4ef2-973a-3bde2689670e,Google Play,Google Play,2026-08-21 11:49:23,Nehadeep Kaur,,amazing 😍😍🤩🤩,5.0,,,,,,0.0,
99a713ba-7900-4f44-9d77-1796c642f1cf,Google Play,Google Play,2026-08-21 11:48:38,Banti Sinha,,Nice,5.0,,,,,,0.0,
f8acbd2a-ef07-41dc-afb6-cb3c9bbda285,Google Play,Google Play,2026-08-21 11:48:33,Arman Arman thapar,,Nice app,5.0,,,,,,0.0,
e7ffb238-3eea-4a8f-82af-ad16b7977384,Google Play,Google Play,2026-08-21 11:44:23,Kushagra Agrawal,,"The customer support is not at all active. I have tried numerous times to contact and resolve my issues, but none have been answered. Absolutely waste.",1.0,,,,,,0.0,
c8d6dd0c-ac33-40fd-a247-edba423a78e4,Google Play,Google Play,2026-08-21 11:39:22,Frianshi Parmar,,very nice,5.0,,,,,,0.0,
5733e09e-3646-4c8f-99cb-b5ed7b1d20ea,Google Play,Google Play,2026-08-21 11:37:32,Lejin {37 },,good,5.0,,,,,,0.0,
761e4c06-cc19-4fb5-8030-c9543b126aaa,Google Play,Google Play,2026-08-21 11:35:56,Sanskar Soni,,good,4.0,,,,,,0.0,
534acc07-61cf-4be4-a61f-68c8f62aa53b,Google Play,Google Play,2026-08-21 11:34:26,Bhupen Shah,,very good app,5.0,,,,,,0.0,
623980a6-23d4-4a94-9050-cd2a4118444a,Google Play,Google Play,2026-08-21 11:29:47,Tajamul Shareef,,Genuine Good quality products available,5.0,,,,,,0.0,
d82e11ae-b9bf-445e-b5af-e315e17dc93d,Google Play,Google Play,2026-08-21 11:17:16,Munni Kumari,,best products at bestest price,4.0,,,,,,0.0,
98ba54ba-b93f-41bc-b667-88fa303c37a7,Google Play,Google Play,2026-08-21 11:16:48,Salman Khan,,good,5.0,,,,,,0.0,
938d396c-eabb-44eb-b7b9-c1c60c944608,Google Play,Google Play,2026-08-21 11:16:06,Hridip Kalita,,like this app,5.0,,,,,,0.0,
ac4c1f70-02e9-4ae8-a6b3-0fcba3d74285,Google Play,Google Play,2026-08-21 11:15:50,Ashok Baror,,good👍,5.0,,,,,,0.0,
f30993f3-d2fb-4f08-92e2-ad2a57fc88b3,Google Play,Google Play,2026-08-21 11:14:51,rasik verma,,best,5.0,,,,,,0.0,
4b3430a5-edcf-46fb-964d-5f3316b14dc4,Google Play,Google Play,2026-08-21 11:10:57,PãRâS PãRdHãÄñ,,superb,5.0,,,,,,0.0,
cd523f63-1449-45c8-8dc6-ee9d7afa8d01,Google Play,Google Play,2026-08-21 11:10:56,Salim Sayed,,"One-stop shop for all my shopping needs! From hassle-free returns to reliable customer service and great price deals, this app never disappoints. 7 stars!",5.0,,,,,,2.0,
f96af152-470a-4b98-acc8-7767e0c278d8,Google Play,Google Play,2026-08-21 11:10:44,Arman Ali,,𝔞𝔳𝔢𝔯𝔞𝔤𝔢,5.0,,,,,,0.0,
e4f69971-7bde-48bd-b6c4-17c0a062998f,Google Play,Google Play,2026-08-21 11:09:40,Subhra Kar,,nice,5.0,,,,,,0.0,
cbf6ac8e-7214-4971-8548-f7d8234d7fd7,Google Play,Google Play,2026-08-21 11:03:12,Shivika Rastogi,,"very bad experience in myntra....your delivery boy has cheated us and gives us the wrong delivery parcel....my husband ordered a mufti jeans from myntra and he gave me the wrong flipkart parcel labeling of mufti jeans , after knowing the otp ..I want a strict action towards him and I want my refund / my order .",1.0,,,,,,0.0,
4afb475d-d8bd-4038-be0e-a28d738ebf35,Google Play,Google Play,2026-08-21 11:02:16,Muthu Kumar,,more collection I love it,5.0,,,,,,0.0,
df308b60-7ae0-403c-9920-811540474844,Google Play,Google Play,2026-08-21 10:59:43,Pavan Kumar,,very good,5.0,,,,,,0.0,
ec3a3834-4d5c-4e09-a77a-f796b4de5bc5,Google Play,Google Play,2026-08-21 10:58:11,Snehasish Ghosh,,"worst app ever. always cancelled my order after wasting my important time , the customer service is totally worse. Never try to order any single thing from this app , flipkart, amazon even meesho have better service than this worst app",1.0,,,,,,0.0,
287ddd0a-5d9d-47e6-b200-29005d8b8f59,Google Play,Google Play,2026-08-21 10:57:11,Ritika Bhagwani,,Most irritating shopping app ever they are just giving discounts to be good but they are not able to deliver that discounted items. Delivery delayed for toooooo long and then atlast the order is cancelled by there own side 😡😡😡😡😡,1.0,,,,,,0.0,
1475e7ea-0f4f-4e67-90fc-735c6b01f5b4,Google Play,Google Play,2026-08-21 10:56:29,Ashu31,,good experience,5.0,,,,,,0.0,
cdd58584-63c7-488c-901f-ce75f4e4cb07,Google Play,Google Play,2026-08-21 10:55:37,Deena Vijaya,,nice quality,5.0,,,,,,0.0,
b4b99fd2-31dc-4c86-a6fe-9e00a97eb74d,Google Play,Google Play,2026-08-21 10:55:31,Kumar,,"dont order anything from myntra , they are carrying out systematic fraud .",1.0,,,,,,0.0,
6b122ba0-aeb1-48cf-84c1-d0d1ceb95b60,Google Play,Google Play,2026-08-21 10:54:53,Aditya,,very good application to buy products in fashion,5.0,,,,,,0.0,
b37c65f1-327d-4a2a-b0f1-26a8d91c667e,Google Play,Google Play,2026-08-21 10:52:38,Veena Fagna,,nice°°,5.0,,,,,,0.0,
f6ae5585-f698-42b6-9a69-12620c79d97c,Google Play,Google Play,2026-08-21 10:46:34,Josey Akhter,,myntra products are superb,5.0,,,,,,0.0,
71125cd4-edde-41b2-836d-5a61234d4620,Google Play,Google Play,2026-08-21 10:46:28,Anurag Pandey,,Myntra is a very good shopping platform where you can get good quality products at low prices.,5.0,,,,,,0.0,
ce9b2a8c-7533-4c03-a0bd-3d2b7edc2616,Google Play,Google Play,2026-08-21 10:45:57,Akram Khan,,good products,5.0,,,,,,0.0,
b9500396-087d-450c-96f2-f5b06c8b28bb,Google Play,Google Play,2026-08-21 10:44:07,Riya Singhania,,nice collection with good response,5.0,,,,,,0.0,
96a07cc1-b0e4-436c-837a-a08abfde0f0a,Google Play,Google Play,2026-08-21 10:42:44,Vicky,,"best aap , for shopping or discount",4.0,,,,,,0.0,
66899e34-8a0e-4916-b289-db79d72df017,Google Play,Google Play,2026-08-21 10:42:36,Anita Kamthe,,😍😍,5.0,,,,,,0.0,
85c6a70c-9285-43c7-ba7d-5cc917af5713,Google Play,Google Play,2026-08-21 10:41:08,Pranab Saha,,Great shopping experience,4.0,,,,,,0.0,
cd3bcf45-453a-465b-a4bc-08c3dab1e2ef,Google Play,Google Play,2026-08-21 10:40:38,AYUSH,,good aap,5.0,,,,,,0.0,
dd354948-36d7-4937-80e3-aab097bb273d,Google Play,Google Play,2026-08-21 10:39:00,Anshuman Singh,,nice app,5.0,,,,,,0.0,
7c8caa34-a32d-43ef-90c0-d8efe5b21074,Google Play,Google Play,2026-08-21 10:38:04,Ashish Sharma,,good service Myntra,5.0,,,,,,0.0,
066f40f7-bd45-44d0-a17e-d6ee621b7f6f,Google Play,Google Play,2026-08-21 10:34:07,Thenmozhi,,good quality materials from myntra with quick delivery,4.0,,,,,,0.0,
21646979-0385-4a5b-b7fb-f85f21247f7a,Google Play,Google Play,2026-08-21 10:33:42,priyabrata ghosh,,good!!,5.0,,,,,,0.0,
9cda3ce3-d149-444d-9cb8-961c3e73ed8d,Google Play,Google Play,2026-08-21 10:30:06,Dhamecha Ketan,,it's good but sum time it's too expensive,3.0,,,,,,0.0,
3cd25ed9-a234-4bdc-8db8-78b8a4e60529,Google Play,Google Play,2026-08-21 10:29:06,Parveen Shaikh,,one of the best shopping app fast deliver...what I love is most the team they are very sweet and and soft spoken...whatever I purchase from myntra was authentic original...,5.0,,,,,,0.0,
5c59afb2-3e28-423e-8c4f-39962235c7dd,Google Play,Google Play,2026-08-21 10:28:59,Akshay Kumar,,nice for your daily style,5.0,,,,,,0.0,
f3fa0862-280f-4eb3-a225-0af199577c2f,Google Play,Google Play,2026-08-21 10:24:32,Shehna Aseem,,"“I’ve had a really good experience shopping on Myntra. The products are good quality, stylish, and worth the price. I’m very happy with my purchases and will definitely shop again. Highly recommended!”",5.0,,,,,,0.0,
4592f630-a790-413b-bf28-37b02f709c93,Google Play,Google Play,2026-08-21 10:24:03,Amanat Saggu,,very good app to order any item better than all the online shopping apps it have good offers and good prices better than all the other apps,5.0,,,,,,0.0,
1dd18aaf-8b70-4f45-a173-0fa9f01abd27,Google Play,Google Play,2026-08-21 10:23:47,Mohmmad Sajid,,best I ever see superb app,5.0,,,,,,0.0,
084e8f69-ff6f-42f6-8467-5e142453c520,Google Play,Google Play,2026-08-21 10:21:14,Ji Vineet,,excellent,5.0,,,,,,0.0,
02ea7b43-5c99-4f8b-aeba-a155fe4ccacf,Google Play,Google Play,2026-08-21 10:19:23,Pavan Kumar,,very worst app It will cancel your order automatically.,1.0,,,,,,0.0,
8e863c3a-111d-4713-a655-90ee45054740,Google Play,Google Play,2026-08-21 10:14:57,Kamzamuana Hilsia (Muantea Hilsia),,"Mantra Fashion has a great collection of stylish products at reasonable prices. The quality is good, and the products look just like the pictures. Delivery was quick and the packaging was neat. Overall, a smooth shopping experience—would definitely recommend. Customer support is excellent",5.0,,,,,,9.0,
8e71f6a4-ef8f-4d75-843e-565ae52246dc,Google Play,Google Play,2026-08-21 10:13:50,Kalpana Pal,,"I had a wonderful experience shopping on the app. So far I have only purchased clothes, but the entire process has been extremely smooth and easy. The deliveries are prompt, and even the return process is quick and completely hassle-free—just a simple click. What impressed me most was the speed of the refunds; the amount was credited within hours on the very same day. Overall, it has been an amazing shopping experience. 😊",5.0,,,,,,0.0,
dc3079e5-6b56-43e9-b16d-af0a5b9b9280,Google Play,Google Play,2026-08-21 10:09:19,sarika,,"excellent place to shop. awsome quality products, easy and express shipping, affordable and stylish. A complete family styling store. Love shopping from myntra",5.0,,,,,,0.0,
19322ae1-44d5-4d3c-a4f9-902eb3f0f5f6,Google Play,Google Play,2026-08-21 10:08:16,Geeta Anand,,bestest,5.0,,,,,,0.0,
a36d6393-bcb4-4c7f-be46-be9b726bc234,Google Play,Google Play,2026-08-21 10:05:08,Dinesh Sharma,,good,5.0,,,,,,0.0,
49f32131-967d-4ccd-bd96-b8bf51adee37,Google Play,Google Play,2026-08-21 10:04:49,Koyyana Saikishore,,good,5.0,,,,,,0.0,
3ce395ef-d740-4e48-8b82-ddddd669751b,Google Play,Google Play,2026-08-21 10:04:18,sunaxi Sajwan,,good experience 😸,4.0,,,,,,0.0,
f818d71c-ea52-44b2-97c6-105b163eed84,Google Play,Google Play,2026-08-21 10:03:49,psrinivas vas,,good,5.0,,,,,,0.0,
a26c3e76-bed1-4520-9c7b-1ea81369e28b,Google Play,Google Play,2026-08-21 10:01:31,sujith appu,,really bad experience,1.0,,,,,,0.0,
9b264da9-b1ce-46d1-a4e7-6d88357dc403,Google Play,Google Play,2026-08-21 09:58:44,Nahid Naaz,,best,5.0,,,,,,0.0,
ca374ca1-c6a8-41f4-9619-f3a8e47a66ca,Google Play,Google Play,2026-08-21 09:56:22,Ballu Rajesh,,super,5.0,,,,,,0.0,
42c4fb21-e881-486e-a466-fff832fb6da9,Google Play,Google Play,2026-08-21 09:56:04,Muskan Yadav,,very amazing app for all the users,4.0,,,,,,0.0,
9023dac1-203a-4a67-807c-47e5f4086909,Google Play,Google Play,2026-08-21 09:53:14,Tarun sikka,,excellent,5.0,,,,,,0.0,
15026ee8-780f-4e59-864b-c86ba2c26fae,Google Play,Google Play,2026-08-21 09:53:14,Maaz Akhtar,,very good app,5.0,,,,,,0.0,
6d27f105-f9b9-442c-ac43-1362397f2b4b,Google Play,Google Play,2026-08-21 09:51:28,Sandesh Ingale,,Best App,5.0,,,,,,0.0,
1bf2cf20-4441-455a-b5b2-bd3ae56f1d48,Google Play,Google Play,2026-08-21 09:48:30,Alfisha Aaftab,,wonderful,5.0,,,,,,0.0,
5f9ff08b-34d4-4b75-8b57-8f7ee699d28d,Google Play,Google Play,2026-08-21 09:47:56,Veena Betageri,,unique product 💝,4.0,,,,,,0.0,
659919e3-b855-4a42-a74a-6be83c3ae6d2,Google Play,Google Play,2026-08-21 09:47:47,Abhinav kumar,,awesome,4.0,,,,,,0.0,
c3335c2c-4ccc-4857-8a56-ce84ba4ecadc,Google Play,Google Play,2026-08-21 09:44:07,Sugumar SR,,good,5.0,,,,,,0.0,
37361d38-c73a-4541-960f-97742b5bb2b3,Google Play,Google Play,2026-08-21 09:43:06,Sanjay Kumar,,good Quality,5.0,,,,,,0.0,
bdf9f752-c2c9-45bb-bc69-506f866c371d,Google Play,Google Play,2026-08-21 09:41:34,Reetushree,,the quality of the product are good,5.0,,,,,,0.0,
b0cd2a1d-d41c-4f6d-96fa-199439c81462,Google Play,Google Play,2026-08-21 09:36:22,ANKIT KUMAR AKV,,good,4.0,,,,,,0.0,
90802ad4-2a25-4acd-ad0a-3941bac26388,Google Play,Google Play,2026-08-21 09:36:12,suman b,,very good app,5.0,,,,,,0.0,
0b8070b3-0469-4ec3-957c-d2424ba803f3,Google Play,Google Play,2026-08-21 09:35:53,Himani Chugh,,very good app for fashion,5.0,,,,,,0.0,
18b241df-f00b-4a51-bb36-29d76d682f97,Google Play,Google Play,2026-08-21 09:30:41,Amar Ambekar,,all products is very good,5.0,,,,,,0.0,
acdcf76f-7442-49cc-9a7b-5f598a564c74,Google Play,Google Play,2026-08-21 09:30:13,Goliath Bara,,Myntra is an amazing app. I love it because you never have to worry about the quality and authenticity of the brand plus the prices are also well moderated. Overall a great app and well maintained by the team.,5.0,,,,,,0.0,
b8f99ddc-18fe-4c58-a280-e9b7c31446ff,Google Play,Google Play,2026-08-21 09:24:54,mansi yadav,,good app highly recommend,5.0,,,,,,0.0,
a128faf5-0553-4feb-872c-23677bb5bc2e,Google Play,Google Play,2026-08-21 09:22:03,Vimalesh Chaturvedi,,good app for shoping,5.0,,,,,,0.0,
e26b2e43-8fdd-42c4-a87d-b8ddd9881032,Google Play,Google Play,2026-08-21 09:20:10,Divyanka Seth,,best shopping app,5.0,,,,,,0.0,
00f771de-5399-416b-ba3e-e8691e08a44a,Google Play,Google Play,2026-08-21 09:18:27,Suresh Barik,,this is an amazing platform to buy real and original product,5.0,,,,,,0.0,
4a161a97-8b83-4a01-bbf3-8686d3a2966b,Google Play,Google Play,2026-08-21 09:17:43,Sujata Thorat,,What I really appreciate is Myntra's style exchange ***** for that,5.0,,,,,,0.0,
0d2b18da-4222-4ead-bce5-a96f7f529da3,Google Play,Google Play,2026-08-21 09:16:55,RaviShankar Ahirwar,,awesome experience as a active user,5.0,,,,,,0.0,
71cdd797-a55d-464e-9577-ebc685e8ac47,Google Play,Google Play,2026-08-21 09:16:06,Chandrima Chatterjee,,I like the website,5.0,,,,,,0.0,
df3d6f99-7712-477f-acc7-2b39c650a901,Google Play,Google Play,2026-08-21 09:15:21,Vasu,,The quality of the products are really good.,5.0,,,,,,0.0,
48e068dc-3e2b-47cd-838f-5b8accb02e85,Google Play,Google Play,2026-08-21 09:15:15,ankur sahu,,great,5.0,,,,,,0.0,
a42f476d-ad0a-4799-b35d-60196203f118,Google Play,Google Play,2026-08-21 09:11:32,Ashish ahirwar,,"Myntra has a fantastic collection of trendy clothes and top brands. The app interface is smooth, making it very easy to filter and find the right products. Delivery is consistently on time, and the tracking updates are accurate. The return and refund process is also hassle-free, making it a reliable app for everyday fashion shopping.""love myntra ❤️",4.0,,,,,,1.0,
84360290-8954-484e-922c-8b9aa13f6eb7,Google Play,Google Play,2026-08-21 09:10:48,vineet Chaudhary,,hyy myntra you are a great doing well work on good and genuine products I love to buy from.myntra,4.0,,,,,,0.0,
f3d57ade-1758-4dd7-9d82-e3fe25a43a33,Google Play,Google Play,2026-08-21 09:10:27,Mahesh Dhaker,,bahuth aacha he,5.0,,,,,,0.0,
0e367f2e-5637-41e1-af03-f203a1096dcf,Google Play,Google Play,2026-08-21 09:06:40,Samridhi gupta,,plz just decrease the price of convenience fee and delivery fee it 23 rupees is so high and other than that 10 for cod ...,4.0,,,,,,0.0,
f5d059bc-1a00-4fb0-8efb-5956924c0761,Google Play,Google Play,2026-08-21 09:04:04,Kashyap Gargi,,my experience was very good and positive with myntra,5.0,,,,,,0.0,
8707ec38-7cb2-44b1-96c7-aa6e9a8711c7,Google Play,Google Play,2026-08-21 09:01:42,GUDAN KUMARI,,very beautiful and best quality product 💝💝 thank you myntra ❤️,5.0,,,,,,0.0,
ff3f0eb8-56c3-46bc-bd40-6380e922d9ba,Google Play,Google Play,2026-08-21 09:00:35,Shubham,,good,5.0,,,,,,0.0,
3d1158ac-a354-4608-9afd-cf9f203111a7,Google Play,Google Play,2026-08-21 08:53:27,Dhiraj Kumar,,The branded products are available with wide range and lots of comfort,5.0,,,,,,0.0,
75f85ccf-1090-4678-8038-10db8ad899f9,Google Play,Google Play,2026-08-21 08:51:06,Sweety Das,,1st time purchase.. I'm happy,5.0,,,,,,0.0,
9a2234c8-84b5-49b7-b4d2-e4e481dd6429,Google Play,Google Play,2026-08-21 08:49:03,asif khan,,"I placed two orders with myntra, but not a single one arrived. very bad service 😞",1.0,,,,,,0.0,
fa677b70-2997-49a0-99de-75e74596168a,Google Play,Google Play,2026-08-21 08:45:46,Basavaraj K,,High Quality Products,5.0,,,,,,0.0,
4aa46743-e3e3-4928-97e1-679f2ef3a631,Google Play,Google Play,2026-08-21 08:42:15,Rajesh Raikar,,good,5.0,,,,,,0.0,
fa1bad87-80e3-406b-ae88-0dcd08c585cc,Google Play,Google Play,2026-08-21 08:39:55,Sunil Gehlot,,very nice product,5.0,,,,,,0.0,
dc76e093-09f6-4a72-a761-079843d725e2,Google Play,Google Play,2026-08-21 08:37:53,Nidhi Reddy,,good,5.0,,,,,,0.0,
19abde7e-2928-4fa3-ac23-801dd953bacb,Google Play,Google Play,2026-08-21 08:31:58,Shibulal SS,,awesome,5.0,,,,,,0.0,
7aeec5fe-6ebe-4b08-9aa8-761b2442a74b,Google Play,Google Play,2026-08-21 08:31:03,Kavita Attri,,awesome,5.0,,,,,,0.0,
228eaba1-7dc5-4091-9e23-64178b72017d,Google Play,Google Play,2026-08-21 08:22:26,GANGANOOR SHARAN,,nice product,5.0,,,,,,0.0,
bf28c48b-df09-4fc2-9340-7f8fc0c89d6d,Google Play,Google Play,2026-08-21 08:22:19,Queen Rajbongshi,,nice,5.0,,,,,,0.0,
e54129f8-ca91-4014-8c75-395b8f350890,Google Play,Google Play,2026-08-21 08:19:23,parmod sharma,,Very good experience,5.0,,,,,,0.0,
6cb7528f-5262-4e7b-9a7c-5b84f93a6f21,Google Play,Google Play,2026-08-21 08:18:55,Mahboob Ali,,"⭐ Great Shopping Experience! ⭐ My experience with Myntra has been really good so far. The app is easy to use, the product variety is excellent, and the product details are clearly mentioned. There are also some great discounts and offers available. I have recently placed my order and it is yet to be delivered, so I’m looking forward to receiving the product. Overall, my experience with Myntra has been smooth and impressive so far. ⭐⭐⭐⭐⭐",5.0,,,,,,0.0,
a25718a4-83e7-47d3-808a-45c0f86f27db,Google Play,Google Play,2026-08-21 08:09:20,Rohit Arya,,good,4.0,,,,,,0.0,
ab136926-29f1-4203-a92a-70e9a9e538db,Google Play,Google Play,2026-08-21 08:07:30,Prabh Prabha,,really nice products and I love this app 🥰🥰🥰,5.0,,,,,,0.0,
c743ab1e-dc9f-4663-bc6a-54aa8ca92cd8,Google Play,Google Play,2026-08-21 08:06:22,Sweta Kumari,,good,5.0,,,,,,0.0,
8bcfa7b4-99d5-4f98-bc9f-108b3b74fc4f,Google Play,Google Play,2026-08-21 08:06:13,Balkarn Singh,,Exclinet,5.0,,,,,,0.0,
4a0aadee-df31-4f1d-8bd6-5f20975bb28e,Google Play,Google Play,2026-08-21 07:59:43,Samit Anjankar,,good,5.0,,,,,,0.0,
8e31788d-0160-4d4e-af65-1b6782b0d3c0,Google Play,Google Play,2026-08-21 07:56:39,Krishna S,,superb,5.0,,,,,,0.0,
166f6004-9994-4f8f-a30f-2e6f7262e169,Google Play,Google Play,2026-08-21 07:54:30,Ruby Kumari,,very good,5.0,,,,,,0.0,
783de70e-cb0d-4adc-98fe-aa0f654f7f61,Google Play,Google Play,2026-08-21 07:48:47,Sanjay sahu,,"Myntra support is pathetic nowadays according to the Myntra Insider page, customers who make purchases above a specified amount are eligible to move to the Icon tier. I made purchases exceeding the required amount. It has now been more than 60 days, but my Insider status and purchase details have still not been updated. My account continues to show me as an Elite member instead of upgrading me to the Icon tier, even though I believe I have already spent a significant amount.",5.0,,,,,,0.0,
c57fc0eb-ea40-4b89-a825-e010f1ae956a,Google Play,Google Play,2026-08-21 07:48:11,Shambhavi Srivastava,,It is a worse app and the support team is just so useless. They do not have any information to give to customer. My first order was pathetic experience then I tried to order from m now and the experience was worst. Pathetic & disappointing!!,1.0,,,,,,0.0,
e1f1a3cb-56c3-483c-94a9-140d2de2cc66,Google Play,Google Play,2026-08-21 07:47:43,Saniya Shiraguppi,,best,5.0,,,,,,0.0,
c9eb800a-24a0-4b13-8fe9-ee90fbbb1d13,Google Play,Google Play,2026-08-21 07:42:31,deependra lora,,"The service is absolutely terrible. My order was cancelled five days after I placed it, and now the price of the item has gone up. I found this app to have the worst service of all.",1.0,,,,,,0.0,
90ae07f5-aa5e-453f-992d-634dbac25b3f,Google Play,Google Play,2026-08-21 07:38:11,somashree jana maity,,very good apo,5.0,,,,,,0.0,
9b885c35-18d2-41ab-af3e-6f3689c0f523,Google Play,Google Play,2026-08-21 07:38:08,A Google user,,I have always love myntra shopping,5.0,,,,,,0.0,
057542ff-a3ea-471c-b2b5-462e5d5d01e0,Google Play,Google Play,2026-08-21 07:35:53,Shubham Yadav,,bad 😔,1.0,,,,,,0.0,
e99fdc86-a515-4721-a418-c0b16a33860f,Google Play,Google Play,2026-08-21 07:29:04,shrijita naik,,best app,5.0,,,,,,0.0,
b4573e6c-95e8-4007-8453-ec19143ef5f6,Google Play,Google Play,2026-08-21 07:23:38,ittu si zindagi,,awsm,5.0,,,,,,0.0,
6f43c87e-d9bd-4a91-94f2-bb02dc865776,Google Play,Google Play,2026-08-21 07:22:52,Sonam Yangzen,,till now everything is good.,4.0,,,,,,0.0,
b4ace9fa-918e-4e5b-8441-f185b05a7724,Google Play,Google Play,2026-08-21 07:22:18,Sunita Singh,,very nice,5.0,,,,,,0.0,
431e1b92-6279-47ae-9193-f379ff2fa1a3,Google Play,Google Play,2026-08-21 07:21:44,Deepak Kumar,,nice,5.0,,,,,,0.0,
18f3d233-8d7a-4d51-acda-080e7e74e146,Google Play,Google Play,2026-08-21 07:17:20,Chandu Nagasai143,,super app,5.0,,,,,,0.0,
4eba0548-b2a3-4ef4-aab3-cf42a0ef5dd0,Google Play,Google Play,2026-08-21 07:09:17,jay singh,,Mantra ka item costly thoda jarur hota hai per bahut achcha hota Hai,5.0,,,,,,0.0,
5b70df2e-9038-48b0-93e1-fbfe84c79a45,Google Play,Google Play,2026-08-21 07:02:42,Sonal Salunkhe,,ok,3.0,,,,,,1.0,
8f57d145-ee25-4c9b-8307-db0720ac9b0a,Google Play,Google Play,2026-08-21 07:01:37,Ratam Ruchitha,,good🥰🥰🥰,5.0,,,,,,0.0,
6bd3733d-5cfb-4c42-9591-5b0269a1a0ef,Google Play,Google Play,2026-08-21 06:51:23,NK Kumawat,,app experience is excellent but item track system should be improved,5.0,,,,,,0.0,
a72a1ec8-d238-4b7e-bd57-033275a7a025,Google Play,Google Play,2026-08-21 06:40:06,Isai Velu,,the products are really good👍🏻,5.0,,,,,,0.0,
a0e2c42f-25d3-402b-8777-42f35f8fdc65,Google Play,Google Play,2026-08-21 06:24:55,MT Rahul,,best experience,5.0,,,,,,0.0,
1e07b0f5-ae6b-4e6e-a633-04dca87ac633,Google Play,Google Play,2026-08-21 06:14:16,Subhankar Malik,,mast😎😎😎😎,5.0,,,,,,0.0,
6451f5b3-e17c-4783-acac-b5d851895ebe,Google Play,Google Play,2026-08-21 06:07:38,ajay Solanki,,great aap 👍👍👍,5.0,,,,,,0.0,
a97c3109-ee74-4181-8517-bc2e3ef6d913,Google Play,Google Play,2026-08-21 05:53:25,Rishav_Garg_1258,,worst Customer care service 😔 and no accountability for sending wrong products wish I could rate them 0 stars,1.0,,,,,,0.0,
0875ace4-6b8d-4d43-83ee-4d3200f59356,Google Play,Google Play,2026-08-21 05:42:39,Prashant Kumar,,good job 👍,5.0,,,,,,0.0,
73fb4908-8aa6-4c1c-9f5d-e4350a9cb247,Google Play,Google Play,2026-08-21 05:31:43,Bunny Rudra,,excellent app..loved it,5.0,,,,,,0.0,
4ab49712-b351-4998-bef2-3cbaadb38f52,Google Play,Google Play,2026-08-21 05:03:36,Saurav Roy,,platform for Original products with great discounts,5.0,,,,,,0.0,
a3891f6d-5dbc-4d34-9490-443cbe0c1d5f,Google Play,Google Play,2026-08-21 03:03:42,Laxmi Vijay,,good👍,5.0,,,,,,0.0,
e710f44d-b28a-4f58-855c-1c3a1dce8425,Google Play,Google Play,2026-08-21 02:53:38,Aulakh guri,,good🤩,5.0,,,,,,0.0,
a0a9030b-2156-458b-83e3-8b1044b680ec,Google Play,Google Play,2026-08-21 02:51:06,Noor ilahi,,worst experience with you Myntra. my oder is still not delivered yet can you please make it possible tomorrow?,1.0,,,,,,0.0,
200570cf-c907-4a88-8b80-f16e7a105228,Google Play,Google Play,2026-08-21 02:28:06,Chandra Joshi,,fantastic,5.0,,,,,,0.0,
f117ba7e-334e-49bc-8b85-5c00c9f16dba,Google Play,Google Play,2026-08-21 02:20:23,Rihan,,Myntra my fevered app 😍,5.0,,,,,,1.0,
2ecfa7cb-f035-48bc-8703-7f2520c2f86a,Google Play,Google Play,2026-08-21 02:14:03,Likhumse y Sangtam,,"deley In delivery and from packing to shipping. no proper tracking and it took too much 10 to 20 days to reach the dispatch center, before it take less days to delivered at any corner of India. online shopping become unreliable this days.. No satisfies with helpline they provide.",1.0,,,,,,0.0,
00e614a6-2c3c-4336-a8d9-bce0de1f2824,Google Play,Google Play,2026-08-21 02:07:45,Roshni Singh,,it's superb,5.0,,,,,,0.0,
2d8c8163-1d1b-4adb-84c6-81ba4ef31546,Google Play,Google Play,2026-08-21 01:50:27,Yamin Nagdawala,,"Very disappointing experience with Myntra. The product quality was extremely poor and felt like cheap/local material. It got damaged within just a couple of days. Customer care was of no help and wasted a lot of time without providing any proper solution. Even after opening a ticket, there was no responsible follow-up or satisfactory result. Their return, replacement and refund policies are extremely customer-unfriendly. Very poor after-sales service & a third-class policy. Highly dissatisfied.",1.0,,,,,,0.0,
82fbe133-7d8a-486f-b7a1-a7e826a0e052,Google Play,Google Play,2026-08-21 01:45:19,Viplav Banjare,,Sach ka pathetic app and Shop app I ever used their customer care support is useless I ordered a pair of shoes and then order is suddenly dealy very bad experience with this app please don't use for shopping.... They replied me but they didn't take any action,1.0,,,,,,0.0,
5b182c39-a7af-4d1f-baf7-ed5318ffa7b4,Google Play,Google Play,2026-08-21 01:43:45,Sonam Kumari,,very good,5.0,,,,,,0.0,
ce2790aa-9dcf-4f30-ab6a-d0cb4d6f1d3c,Google Play,Google Play,2026-08-21 01:42:04,Pinky Color,,good,5.0,,,,,,0.0,
9fd0a288-4066-48de-9941-67f471be44cf,Google Play,Google Play,2026-08-21 01:39:11,Shreya Katyayan,,Amazing experience must buy products from myntra and I request to myntra that if possible bring some amazing deals for summer and winter,5.0,,,,,,0.0,
d2cbc536-872e-48b9-a386-aab4d3e712f4,Google Play,Google Play,2026-08-21 01:33:03,shreemoye kar,,very nice product,5.0,,,,,,1.0,
b8067b87-7880-422d-801a-8a9c88b9bea3,Google Play,Google Play,2026-08-21 01:27:32,Kiran Sharma,,wonderful product quality budget friendly 😸 very comfortable for daily wear causals! must buy!!,4.0,,,,,,0.0,
94c2cc94-661c-4f52-a99a-fb9890f16ae8,Google Play,Google Play,2026-08-21 01:27:23,Subham Bal,,Good 😊,5.0,,,,,,0.0,
303b03c3-48f3-4287-bf91-fef11f37d92d,Google Play,Google Play,2026-08-21 01:26:42,WORLD MARVELS,,fabulous,5.0,,,,,,0.0,
37a75ca1-8c25-43de-a459-d8228aa217f9,Google Play,Google Play,2026-08-21 01:21:22,rupa mukhopadhyay,,great buy,5.0,,,,,,0.0,
d1e44e8b-c2c4-4434-b4b5-2bf10a9bf2d0,Google Play,Google Play,2026-08-21 01:09:29,Sanskar Singh,,probably the best app for fashion in india. totally satisfied,5.0,,,,,,0.0,
4a160ea7-8f5b-4d58-90e5-e229b850d831,Google Play,Google Play,2026-08-21 01:08:34,Sourabh Saktel,,use myntra bonus minimum 400 rupees order worth think give old update,1.0,,,,,,0.0,
4e74412b-e604-4103-a141-040420f000cd,Google Play,Google Play,2026-08-21 01:00:20,Mandar Patil,,Most Trustable Shopping Platform For Best Quality Products.,5.0,,,,,,0.0,
f9090c00-18dc-4f8e-a62c-4d8331b53550,Google Play,Google Play,2026-08-21 00:53:00,prince chauhan,,best app for fashion related shopping,5.0,,,,,,0.0,
c41b89f7-a935-489b-b884-21cab4956185,Google Play,Google Play,2026-08-21 00:51:14,shoaib shaikh,,I booked a product on Myntra around 20 days ago They still do not give delivery and their Team gives lectures only and is a useless reason for delivery delay. useless brand & cheap level delivery & worst Team management and worst brand myntra 😡😡,1.0,,,,,,0.0,
217d53c5-e69a-490b-94e8-8907fbc12ddd,Google Play,Google Play,2026-08-21 00:40:34,Lohitha Jidugu,,"Great shopping experience on Myntra! Easy to browse, good discounts, fast delivery, and quality products. Very satisfied with my purchase.",5.0,,,,,,0.0,
a932adb1-c79e-475d-9c03-24f34bb50d50,Google Play,Google Play,2026-08-21 00:38:21,Akanksha Mishra,,it's too good can't except in this price quality of the clothes is too good,5.0,,,,,,0.0,
31a610d4-ca62-4028-847f-e5c9ec3b973e,Google Play,Google Play,2026-08-21 00:29:23,Nirjala Kumari,,bahut acha app h,5.0,,,,,,0.0,
16fa5ea3-9103-494a-9062-a6405e0df46e,Google Play,Google Play,2026-08-21 00:28:55,Vijay Rajpoot,,authentic store,5.0,,,,,,0.0,
6ec62530-3bc9-4976-949a-a48df114bf11,Google Play,Google Play,2026-08-21 00:26:26,Yusra Chaudhary,,"amazing app , happy with myntra, can find any product any fashion on myntra",5.0,,,,,,0.0,
b0205ab4-3fd8-4a39-bb15-89ecf39f3a9f,Google Play,Google Play,2026-08-21 00:21:03,Chethan Changappa,,amazing shoes,5.0,,,,,,1.0,
8c0ec17e-a8c4-43f8-833e-c84fb3b0fa31,Google Play,Google Play,2026-08-21 00:17:41,SHUBHAM DHANESHREE,,Best app for Brand shopping with best discount and genuine products.,5.0,,,,,,0.0,
038b8fb4-f721-4f7b-87f3-b96e6011316b,Google Play,Google Play,2026-08-21 00:16:44,SHIVANI CHATURVEDI,,nice,3.0,,,,,,0.0,
007f89c0-0acb-4b99-bc48-a9eb639d71cb,Google Play,Google Play,2026-08-21 00:15:59,Suresh babu P,,best and nice product ever delivered.. without any issue i got all my stuffs with best quality in cheap price 💗,5.0,,,,,,0.0,
1a4ad1a0-387f-45e4-9637-a82ff4ce7e1b,Google Play,Google Play,2026-08-21 00:15:06,Shivani Jinghala,,मेरा एक्सपीरियंस बहुत अच्छा है। सारे प्रोडक्ट बहुत बढ़िया आते है ।,5.0,,,,,,0.0,
11ad6eda-a9c9-4a73-828a-b27dd5902467,Google Play,Google Play,2026-08-21 00:13:02,Rishi Chaudhary,,bohot badiyaaaaaa,5.0,,,,,,0.0,
26b3527c-0929-4fea-a6a2-a8dc3d5f215e,Google Play,Google Play,2026-08-21 00:12:02,Bidisha Sarkar,,so good,5.0,,,,,,0.0,
c6f5c4ac-c381-44b4-8241-fc85dfddde7d,Google Play,Google Play,2026-08-21 00:11:09,Arvind Jeevan,,good,5.0,,,,,,0.0,
dd552bdd-eee1-42d3-9692-704972693de0,Google Play,Google Play,2026-08-21 00:05:01,Siddharth Rajul,,good for fashion purchases,5.0,,,,,,0.0,
9993624f-bec8-43fb-a60f-ff48aeaa68ff,Google Play,Google Play,2026-08-21 00:00:17,Yashashri Sharma,,mujhe cash back rewards nhi mil Raha pahele mil raha tha... isliye myntra mujhe bahut gusaa aa raha hai,1.0,,,,,,0.0,
f57c7f40-2a43-4a55-8db6-14d2b1b726cb,Google Play,Google Play,2026-08-20 23:58:12,Danish Rizvi,,I ordered a lakme pouch.my order damaged in transit.and automatically my order is cancelled and got without my information myntra credited 100rs voucher.. How funny it is,1.0,,,,,,0.0,
c4c0b53f-2166-4768-b89f-ec68ffca51ac,Google Play,Google Play,2026-08-20 23:55:45,SHALINEE MAURYA,,lovely all products,5.0,,,,,,0.0,
12d51ab4-182c-40aa-ac69-08c2e7020c6e,Google Play,Google Play,2026-08-20 23:51:22,Deepanshi Dubey,,This is great app for shopping.,5.0,,,,,,0.0,
3828040b-06aa-413d-877c-f8446a432fe1,Google Play,Google Play,2026-08-20 23:47:36,Lalat Parida,,great experience!,5.0,,,,,,0.0,
0e680864-a950-4fde-ae1a-a68a37b001dd,Google Play,Google Play,2026-08-20 23:45:21,Jyoti Bhoir,,very nice,5.0,,,,,,0.0,
39958703-08fe-4c08-9645-42c7d0fde2bd,Google Play,Google Play,2026-08-20 23:44:16,Meenakshi Malik,,excellent,5.0,,,,,,0.0,
8e038ade-fdc9-4b57-8cc2-a16f6b84b184,Google Play,Google Play,2026-08-20 23:40:51,anoop c,,best purchasing app,5.0,,,,,,0.0,
64afde3a-719a-4e77-85ec-663d11655362,Google Play,Google Play,2026-08-20 23:31:26,Sristi Chakraborty,,Great app 👍🏻,5.0,,,,,,0.0,
8dea8507-b5fd-482a-ab46-5028e66bab15,Google Play,Google Play,2026-08-20 23:31:22,MODEL _70,,good product and very good delivery boy😊,5.0,,,,,,0.0,
3e4ef29e-fbaa-4457-b8ca-fcc08c45dbd7,Google Play,Google Play,2026-08-20 23:29:21,MADHUSMITA HATI,,good one,4.0,,,,,,0.0,
5dd3c39b-7c16-4c19-ac22-1e8d930413a7,Google Play,Google Play,2026-08-20 23:21:49,Leena Das,,I love myntra outfits,4.0,,,,,,0.0,
b4a4a6c4-4eca-4eea-8955-9e6264fe5534,Google Play,Google Play,2026-08-20 23:18:56,Bhatt rumiayaameen,,good,5.0,,,,,,0.0,
d60a06dc-a570-4aa2-8614-3cb626defe03,Google Play,Google Play,2026-08-20 23:16:46,Siddhant Gaikwad,,nice app,5.0,,,,,,0.0,
5db674fd-cdb8-4fc0-a8b7-6b5e5af18b09,Google Play,Google Play,2026-08-20 23:14:31,sanjay kumar shaw,,good product,5.0,,,,,,0.0,
5dd759d0-d523-49d7-9c5c-36ff2c801956,Google Play,Google Play,2026-08-20 23:12:14,Vivek G.M,,Trustable app. Never disappointed in product qualit6,5.0,,,,,,0.0,
8c952423-c3a4-4d1a-9890-1a640993c80f,Google Play,Google Play,2026-08-20 23:07:27,David Chauhan,,"fraudster hai ye log galat cheej bhej k customer service baat hi nahi karna chahti ,don't buy anything from them",1.0,,,,,,0.0,
74ad8aab-5aa6-4ca7-8c03-8dfbcf1c1b28,Google Play,Google Play,2026-08-20 23:05:54,Surya,,"Basterds, return pickup is not being initiated, scoundrels",1.0,,,,,,0.0,
1563ee28-d203-431a-bd70-46b2d178f25b,Google Play,Google Play,2026-08-20 23:05:34,Shyamli Kumari,,Super And Most Satisfied products ❤️🫰Love it,5.0,,,,,,0.0,
c8d485e6-1a1e-402f-8003-dfa9a96cefde,Google Play,Google Play,2026-08-20 22:58:46,Sangita Singh,,very nice 👍,5.0,,,,,,0.0,
1fc4a85b-2138-48a5-931f-59afda021a63,Google Play,Google Play,2026-08-20 22:56:16,Muskan Bharti,,shopping gets easy hear...❤️,5.0,,,,,,0.0,
2dccd52f-0b6d-44f9-810d-b6d4c2f0e00c,Google Play,Google Play,2026-08-20 22:55:41,Anil Setia,,User friendly app,5.0,,,,,,0.0,
715750f2-e888-4929-933c-e03a376279ec,Google Play,Google Play,2026-08-20 22:54:07,Bhagwan D. Jadhav outstanding performance,,good 👍,5.0,,,,,,0.0,
e3c90e2a-3aed-47ea-820b-cd29ebf045b5,Google Play,Google Play,2026-08-20 22:52:47,Md Sarim,,best platform to buy anything!!✨✨,5.0,,,,,,0.0,
e65f22ce-d972-42ea-aa8c-b91797bb69af,Google Play,Google Play,2026-08-20 22:49:47,Sahil Ahmed,,very good,5.0,,,,,,0.0,
206682bd-b794-43b7-bdca-191c04a1c9ea,Google Play,Google Play,2026-08-20 22:49:04,abc def,,excellent. a great online shopping app.Its products are superb quality and delivery is also reliable.,5.0,,,,,,0.0,
86de51dd-a3c9-4eaa-b446-787fb4be4c6c,Google Play,Google Play,2026-08-20 22:48:40,Vansh Katyal,,horrible experience with customer care 0 level of customer care,1.0,,,,,,0.0,
adf50619-3e66-4365-bf02-1051fb678806,Google Play,Google Play,2026-08-20 22:47:07,Shameer Khan,,always get the expected choice on my Myntra,5.0,,,,,,0.0,
2e1eda1c-7444-441c-b96f-44e5c120621d,Google Play,Google Play,2026-08-20 22:43:49,manish kumar,,good product,5.0,,,,,,0.0,
6c8386ba-4315-4c13-a663-1eefa95d1ebc,Google Play,Google Play,2026-08-20 22:42:52,Asad Babu,,👌,5.0,,,,,,0.0,
20c197e4-73d7-4d05-b555-9dbf03ab71d0,Google Play,Google Play,2026-08-20 22:42:31,tenzo,,nice,5.0,,,,,,0.0,
d8778064-d17c-439f-a8ad-d72499334aad,Google Play,Google Play,2026-08-20 22:42:27,saraswati Panda,,best app for teenagers,5.0,,,,,,0.0,
c5f13f57-8567-49bb-af1a-2b3fed35aa15,Google Play,Google Play,2026-08-20 22:41:53,Yash Kumar,,👍 nice,5.0,,,,,,0.0,
e2617da0-c7c6-44c1-a348-ef3a0e969367,Google Play,Google Play,2026-08-20 22:40:53,Anakha arun,,Always the best worthy platform for shopping ❤️❤️❤️,5.0,,,,,,0.0,
a141a1bd-0d73-408c-830e-d62c25bf92d6,Google Play,Google Play,2026-08-20 22:31:20,sharath B R,,AWSOME,5.0,,,,,,0.0,
e61c4eb4-a8fe-4536-b857-2515dab1b028,Google Play,Google Play,2026-08-20 22:30:39,R.BHÀVANI PRIYA,,good,5.0,,,,,,0.0,
792ad854-788a-4898-8a54-21fb26dce133,Google Play,Google Play,2026-08-20 22:29:20,Alux Glass Profile,,one of the best online shopping aap reasonable rate with super quality ❤️❤️❤️,5.0,,,,,,0.0,
348a5154-e4fb-4e11-a818-f90ff21e3c35,Google Play,Google Play,2026-08-20 22:27:30,Paromita Chatterjee,,An excellent app for a variety of things.,5.0,,,,,,0.0,
c7d2c124-fba5-47b5-bd6e-2885af3fe288,Google Play,Google Play,2026-08-20 22:27:00,Muskan Yadav,,best,5.0,,,,,,0.0,
0ea3c881-fda6-405d-aa20-a4f9385567c0,Google Play,Google Play,2026-08-20 22:25:14,muhammed shahul,,please dont use this app..very bad service.,1.0,,,,,,0.0,
b39ec03d-aa4f-43ce-923f-cb0c1cfdc094,Google Play,Google Play,2026-08-20 22:22:51,Sachin Nautiyal,,best online option available in this app,5.0,,,,,,0.0,
7cf51740-f45e-4dd5-9f9b-953d6909bfda,Google Play,Google Play,2026-08-20 22:22:51,Teena Kandhoul,,Myntra is very good aap,5.0,,,,,,0.0,
bba2acdc-a401-4cfe-a970-8d8452c8a24b,Google Play,Google Play,2026-08-20 22:19:27,mrindian Paaji13,,I liked delivery on time policy 😊,4.0,,,,,,0.0,
e4e11293-6095-47f9-9389-aae8d1418ab4,Google Play,Google Play,2026-08-20 22:18:32,ajeet chaudhary,,"I'm using myntra 12 years, awesome original product thank myntra love it",5.0,,,,,,0.0,
5217f4bc-4af2-4204-89ab-ba0b23b0db03,Google Play,Google Play,2026-08-20 22:17:43,amit kumar,,good,5.0,,,,,,0.0,
ecafff6d-b62e-4b36-be38-2d68e8be16ee,Google Play,Google Play,2026-08-20 22:13:58,Bhupendra Singh Bisht,,good experience at Myntra,5.0,,,,,,0.0,
7ea66a92-10ed-4b71-8084-54296f2e5e74,Google Play,Google Play,2026-08-20 22:12:19,Moksh Jain,,this is a great app and have great deals love it.,5.0,,,,,,0.0,
ed615b19-5d8c-49ab-a2ad-ac6da37bdd68,Google Play,Google Play,2026-08-20 22:09:42,priyanka artake,,"Myntra's delivery quality is degrading day by day. This my second horrible experience with Myntra in a span of 2 months. For the last product I have not received any refund, no relief provided by customer support as well despite talking to them 5-6 times and delivery partner misbehaved. And this time also same thing happened the delivery partner misbehaved and was very arrogant. Now I feel stupid for trusting myntra.",1.0,,,,,,0.0,
93cda675-8173-455c-8fbe-0f8fcbbe5b4c,Google Play,Google Play,2026-08-20 22:09:20,Rudra Payasi,,so good,5.0,,,,,,0.0,
de5201ba-b715-4d94-8482-afcd0d82cfcc,Google Play,Google Play,2026-08-20 22:08:22,Crystal Bestflower,,"My goto app for all shopping for many years now. Yet this time a product was delivered in a different colour and when I raised the return with the same reason, the pick up agent wouldn't take the return saying the product colour is different. What happened to this simple thing called communication, between your people, guys?",2.0,,,,,,2.0,
036d2b4b-3bef-40b2-9f10-acda08e63e55,Google Play,Google Play,2026-08-20 22:06:30,Aman Rathore,,good product,5.0,,,,,,0.0,
1525e605-52b4-4b26-b102-2ab44e6e9f66,Google Play,Google Play,2026-08-20 22:06:12,Hetal hetal,,best app,5.0,,,,,,0.0,
14457668778,App Store,App Store,2026-08-23 18:38:47,Dovcake,Soft toy bag,Soft toy bag: Awesome,5.0,,,,,,,
14457668190,App Store,App Store,2026-08-23 18:38:47,rit vkp,Kurti,Kurti: Badia,5.0,,,,,,,
14457661085,App Store,App Store,2026-08-23 18:38:47,GURUDUTT VISHWAKARMA,Mnow is worst,Mnow is worst: Even the customer care executive is not know anything…. They are moron.,1.0,,,,,,,
14457657037,App Store,App Store,2026-08-23 18:38:47,Nu Unstoppable,Shade no -540. Nu Unstoppable,Shade no -540. Nu Unstoppable: Nice colour . Only gonna suit in fair skin tone.,5.0,,,,,,,
14457648877,App Store,App Store,2026-08-23 18:38:47,Madhu Singh Sonu,Very nice👍,Very nice👍: Very nice fabric and size is well fitted,5.0,,,,,,,
14457619021,App Store,App Store,2026-08-23 18:38:47,riya1804,Best,Best: It is a very good app.,5.0,,,,,,,
14457547972,App Store,App Store,2026-08-23 18:38:47,devil dec,Great,Great: Great,5.0,,,,,,,
14457543359,App Store,App Store,2026-08-23 18:38:47,Texture is good,Love the lip stain,Love the lip stain: I really like the texture and the stain it leave even after removing it.,5.0,,,,,,,
14457515141,App Store,App Store,2026-08-23 18:38:47,Dr. Manjula Nair,Dr. Manjula Nair,Dr. Manjula Nair: Good one. Happy to shop with Myntra 🫶,5.0,,,,,,,
14457503052,App Store,App Store,2026-08-23 18:38:47,bdjxlzozssznzss,fancy clutch,fancy clutch: quality is very good,5.0,,,,,,,
14457494795,App Store,App Store,2026-08-23 18:38:47,Ashishakarsh,Nice app,Nice app: Quite user friendly,5.0,,,,,,,
14457491123,App Store,App Store,2026-08-23 18:38:47,Rima Mondal,Myntra,Myntra: Outstanding,5.0,,,,,,,
14457479891,App Store,App Store,2026-08-23 18:38:47,Beadgames,They always deliver the best❤️,"They always deliver the best❤️: Been a fan of Myntra for a decade at least and I find shopping so hassle free and exchanges easily done,returns taken with no questions asked:)
I love it!",5.0,,,,,,,
14457457330,App Store,App Store,2026-08-23 18:38:47,Vijivjii,👌,👌: Nice dress I like it,5.0,,,,,,,
14457443048,App Store,App Store,2026-08-23 18:38:47,Yuvithepug,Good quality,"Good quality: Worth for money,comfort,good fabric",5.0,,,,,,,
14457385235,App Store,App Store,2026-08-23 18:38:47,PSAPRIL,Awesome price with awesome variety !!!,Awesome price with awesome variety !!!: Love to shop from Myntra. Almost everything is available ❣️,5.0,,,,,,,
14457380243,App Store,App Store,2026-08-23 18:38:47,Mkkmkittu,Always 😍,Always 😍: Always my first preference app,5.0,,,,,,,
14457375106,App Store,App Store,2026-08-23 18:38:47,Arti1336,Unprofessional,"Unprofessional: “Very disappointing delivery experience. My last two orders were delayed, which is really inconvenient. Myntra needs to improve its delivery service and ensure orders are delivered within the promised timeline.”",3.0,,,,,,,
14457374248,App Store,App Store,2026-08-23 18:38:47,Kajalgarg,Very Disappointing Experience,"Very Disappointing Experience: Myntra’s server has been down/very slow and the app is not working properly. Because of these technical issues, my posts are not getting the expected likes and views. Please fix the server and technical problems as soon as possible. It’s really affecting the user experience and engagement.",1.0,,,,,,,
14457340512,App Store,App Store,2026-08-23 18:38:47,Shivambudwa,Thomas crick shoes,Thomas crick shoes: Very nice product worth it,5.0,,,,,,,
14457302262,App Store,App Store,2026-08-23 18:38:47,pinku2001,review,review: nic product,5.0,,,,,,,
14457273362,App Store,App Store,2026-08-23 18:38:47,Yashwant patil,Reliable,Reliable: Good product as shown in app,5.0,,,,,,,
14457256582,App Store,App Store,2026-08-23 18:38:47,see 👍💯,Good,Good: Good,5.0,,,,,,,
14457254151,App Store,App Store,2026-08-23 18:38:47,Bittuyadav,Good,Good: Good,5.0,,,,,,,
14457248107,App Store,App Store,2026-08-23 18:38:47,Myntrasaaj,Aesthetic,"Aesthetic: This was truly a wonderful experience, and I appreciate it",5.0,,,,,,,
14457213051,App Store,App Store,2026-08-23 18:38:47,Anupam’s live,Collection,Collection: Good,5.0,,,,,,,
14457202403,App Store,App Store,2026-08-23 18:38:47,Sunny_23@,Nice quality,Nice quality: Like it vary products best quality,5.0,,,,,,,
14457174759,App Store,App Store,2026-08-23 18:38:47,Dhandayuth,Excellent app!,Excellent app!: Branded apparels!Good!,5.0,,,,,,,
14457158764,App Store,App Store,2026-08-23 18:38:47,Dr Shruti Shukla,Quality,Quality: Best quality products,5.0,,,,,,,
14457157714,App Store,App Store,2026-08-23 18:38:47,krishnapreethi,Rool on,Rool on: Good fragrance recommend,5.0,,,,,,,
14457148161,App Store,App Store,2026-08-23 18:38:47,minplucky,crocss,crocss: very comfertable n soft sole...easy to ware..,5.0,,,,,,,
14457123622,App Store,App Store,2026-08-23 18:38:47,Awxcxxx,Excellent,Excellent: Excellent,5.0,,,,,,,
14457044483,App Store,App Store,2026-08-23 18:38:47,nancygautams,love myntra,love myntra: best and amazing shopping app,5.0,,,,,,,
14457043243,App Store,App Store,2026-08-23 18:38:47,Jyothiswarupa,Good,Good: Purchased 42 size and it is good,5.0,,,,,,,
14457039469,App Store,App Store,2026-08-23 18:38:47,Joselin82,Awesome product,Awesome product: Very comfortable and perfect,5.0,,,,,,,
14457011279,App Store,App Store,2026-08-23 18:38:47,jass6890,Offer is so bad here,Offer is so bad here: There discounts is so bad,5.0,,,,,,,
14456984811,App Store,App Store,2026-08-23 18:38:47,Nefi addams,Best experience,Best experience: I love the app,5.0,,,,,,,
14456960681,App Store,App Store,2026-08-23 18:38:47,Jpnayak,Good price and original,Good price and original: App experience is seamless and good for perfume shopping and apparel shopping.,5.0,,,,,,,
14456948168,App Store,App Store,2026-08-23 18:38:47,Tanish###,👌,👌: I really like Myntra,5.0,,,,,,,
14456769896,App Store,App Store,2026-08-23 18:38:47,Ethnic cape dress,Lovely dress,Lovely dress: Love the ethnic caped dress.,5.0,,,,,,,
14456459832,App Store,App Store,2026-08-23 18:38:47,amna goel,Good,Good: Good,5.0,,,,,,,
14456358150,App Store,App Store,2026-08-23 18:38:47,Faeby choi,My fav. Shopping app,"My fav. Shopping app: I believe as a customer who has been using Myntra for 6+ years and ongoing in the beginning it was all legit direct company’s and very good products . If u want to buy things its easily available and delivered within few days and with the help of coupon and discount we can save a lot of money and also get good quality direct form the company 
But one cons is that recently Myntra has invited few marketing which seems to be quite fishy and not a qualified company 
But overall I love Myntra and its products and services best shopping app for me 🩷🫶🏼",5.0,,,,,,,
14456227770,App Store,App Store,2026-08-23 18:38:47,Star151197,Amazing,Amazing: Perfect fit,5.0,,,,,,,
14456184804,App Store,App Store,2026-08-23 18:38:47,buddykakkar,awesome,awesome: fabric and fit is superb,5.0,,,,,,,
14456106058,App Store,App Store,2026-08-23 18:38:47,P Kukreja,Sanskruti homes nightsuit,"Sanskruti homes nightsuit: Super comfy, the fabric’s too good.",5.0,,,,,,,
14456097691,App Store,App Store,2026-08-23 18:38:47,Pucchi 😘,Great shopping,Great shopping: Good Quality,5.0,,,,,,,
14455988762,App Store,App Store,2026-08-23 18:38:47,Subham Kumar sahoo,good,good: good,5.0,,,,,,,
14455973573,App Store,App Store,2026-08-23 18:38:47,Varun Manchanda,Pathetic customer service,"Pathetic customer service: Worst customer service. I ordered on 8th with the expected delivery of 14th.
I didn’t receive delivery and started chasing. They have created an incident on 16th. I continued chasing daily and i got same response that we are actively working on your incident but I haven’t seen even a single response on the incident.
Customer care person mentioned on 17th that I will receive my order in 24 hours.
When I didn’t receive order till 20th. I tried talking to customer care again.
Representatives Unnati and Abhishek continued saying that we want to build the trust but when I asked about delivery of the order, they again commented that I will get in 24 hours.
I checked on 21st evening, my order was cancelled automatically.
Pathetic experience, if you can’t deliver, tell this the very first time. Why waste customer’s time and effort?
I will try to keep the order minimal or may be not order from such non-reliable companies.",1.0,,,,,,,
14455902636,App Store,App Store,2026-08-23 18:38:47,Zankhana Makwana,Poor delivery customer care is pathetic and payment issue,"Poor delivery customer care is pathetic and payment issue: I have ordered a plazzo kurta set that was not fit in size so I requested for exchange/ refund 
The delivery partner took the dress and marked my request rejected I didn’t receive the exchange of that and I didn’t get any refund from them and i am contacting the customer service team but I am unable to contact them by any way and i am not getting the revert from the mail also my refund is stuck and my dress is also with them 
And my complaint has not been resolved yet 
Please kindly be careful while placing your order on myntra 
I had a very bad experience with them",1.0,,,,,,,
14455888227,App Store,App Store,2026-08-23 18:38:47,Deesha N,Shoes,Shoes: Good quality,5.0,,,,,,,
14455874640,App Store,App Store,2026-08-23 18:38:47,karan sakpal,Love it,Love it: Best online shopping app,5.0,,,,,,,
14455874022,App Store,App Store,2026-08-23 18:38:47,Siddhi@7400,So so good,So so good: Very good,5.0,,,,,,,
14455788269,App Store,App Store,2026-08-23 18:38:47,vickeypidia,Wow,Wow: Wow,5.0,,,,,,,
14455761237,App Store,App Store,2026-08-23 18:38:47,Karishma Rankhambe,Highly recommended 👍,"Highly recommended 👍: The jeans quality is very good, and the fitting is also perfect. 👍😊",5.0,,,,,,,
14455735136,App Store,App Store,2026-08-23 18:38:47,jiaansh dudu,Time on delivery 👏👏👍👍,"Time on delivery 👏👏👍👍: Very fast delivery, well done Myntra 👍👍❤️❤️❤️",5.0,,,,,,,
14455726877,App Store,App Store,2026-08-23 18:38:47,Alpa bhadreshwara,I like it,I like it: Very good,5.0,,,,,,,
14455721404,App Store,App Store,2026-08-23 18:38:47,RDM1315,Fur Jaden Bag,Fur Jaden Bag: What an authentic bag Myntra has delivered at my doorstep. Quality of the bag is too impressive and design is connoisseur!,5.0,,,,,,,
14455704083,App Store,App Store,2026-08-23 18:38:47,Mạnuu,Trouser,"Trouser: Awesome quality n fitting 
Love the product",5.0,,,,,,,
14455695322,App Store,App Store,2026-08-23 18:38:47,Irfan Ahmed Khan,Wonderful,Wonderful: Perfect,5.0,,,,,,,
14455659780,App Store,App Store,2026-08-23 18:38:47,Moromi Gullu,Amazing,Amazing: Best quality product ❤️❤️,5.0,,,,,,,
14455636178,App Store,App Store,2026-08-23 18:38:47,Ajit Bhandare Kolhapur,Good service by myntra it is trustable site I have found variety in this site,"Good service by myntra it is trustable site I have found variety in this site: Good service by myntra it is trustable site I have found variety in this site  use since 8 years....from ajit Bhandare ,Kolhapur",5.0,,,,,,,
14455633851,App Store,App Store,2026-08-23 18:38:47,Okokoookokokkheiwhah,Product was good,"Product was good: Product was good but too large 
And the option of size change can’t show",5.0,,,,,,,
14455585362,App Store,App Store,2026-08-23 18:38:47,har_sh_07766,Product,Product: Best product and delivery ❤️,5.0,,,,,,,
14455535971,App Store,App Store,2026-08-23 18:38:47,Tactical@,Too Smooth & has every site brand,Too Smooth & has every site brand: Best,5.0,,,,,,,
14455496962,App Store,App Store,2026-08-23 18:38:47,Puneet sperstar,Hrx sports tshirt,Hrx sports tshirt: Best product,5.0,,,,,,,
14455473914,App Store,App Store,2026-08-23 18:38:47,Megha’s 123,Very good fitting,Very good fitting: I love this co Prd set,5.0,,,,,,,
14455432513,App Store,App Store,2026-08-23 18:38:47,P*nd*,Eyebrows shade,Eyebrows shade: Nice product,5.0,,,,,,,
14455424067,App Store,App Store,2026-08-23 18:38:47,Satheesh.Jim,Awesome Purchase,Awesome Purchase: It maintains its quality,5.0,,,,,,,
14455405946,App Store,App Store,2026-08-23 18:38:47,Vishwjeet.kumar,Fake app,"Fake app: Very poor service. I only called the delivery boy to ask how long he would take to arrive, but he cancelled my order without any reason. Very disappointing experi",1.0,,,,,,,
14455387468,App Store,App Store,2026-08-23 18:38:47,My stall,Shoping,Shoping: Nice things too good,5.0,,,,,,,
14455379732,App Store,App Store,2026-08-23 18:38:47,Ariana phillip,I’m an Iconic member but I’m saying this,I’m an Iconic member but I’m saying this: Avoid Myntra!! No more the authentic marketplace it once used to be.,1.0,,,,,,,
14455364044,App Store,App Store,2026-08-23 18:38:47,KomalNMahajan,Good,Good: Very good for shopping,5.0,,,,,,,
14455347779,App Store,App Store,2026-08-23 18:38:47,Bihu🌻,Good,Good: Good,4.0,,,,,,,
14455273693,App Store,App Store,2026-08-23 18:38:47,Ungomma daiii,Very good app,Very good app: Its a very affordable place to buy clothes,5.0,,,,,,,
14455245578,App Store,App Store,2026-08-23 18:38:47,Good dining options available,Wonderful Experience,Wonderful Experience: Just loved it..will definitely recommend.,5.0,,,,,,,
14455233338,App Store,App Store,2026-08-23 18:38:47,Preet.kaur088,Too gud,Too gud: Tooo gudd,5.0,,,,,,,
14455206782,App Store,App Store,2026-08-23 18:38:47,kamal_2506,Good,Good: Nice,5.0,,,,,,,
14455187657,App Store,App Store,2026-08-23 18:38:47,Vikas1306,Unlimited brands deals,"Unlimited brands deals: I love shopping from myntra they have almost every brand.
Much more to you just go and checkout mynta.
Happy shopping",5.0,,,,,,,
14455179885,App Store,App Store,2026-08-23 18:38:47,paarthav,Awesome,Awesome: Superb services. Trust worthy app. Good fabric !!,5.0,,,,,,,
14455114044,App Store,App Store,2026-08-23 18:38:47,Ree.ro,Palmonas,Palmonas: Top notch quality,5.0,,,,,,,
14454989708,App Store,App Store,2026-08-23 18:38:47,7vvk,Good,Good: Too good,5.0,,,,,,,
14454942716,App Store,App Store,2026-08-23 18:38:47,Ovee B,Shopping,Shopping: Very good,5.0,,,,,,,
14454938663,App Store,App Store,2026-08-23 18:38:47,gdhdhahajajgs,Exchange,Exchange: Excellent,5.0,,,,,,,
14454937992,App Store,App Store,2026-08-23 18:38:47,Chiku7521,Love it,Love it: Love it,5.0,,,,,,,
14454901932,App Store,App Store,2026-08-23 18:38:47,Dipsikha lama,Mast hai har ek product original milta hai,Mast hai har ek product original milta hai: Amazing app,5.0,,,,,,,
14454868067,App Store,App Store,2026-08-23 18:38:47,Arun Vanam,Superb look,Superb look: Good and Worthy. Fabric look like silk and light weight.,5.0,,,,,,,
14454818010,App Store,App Store,2026-08-23 18:38:47,Lekh@123,Excellent,Excellent: 👍👍👍,5.0,,,,,,,
14454810582,App Store,App Store,2026-08-23 18:38:47,HER@26,About return,About return: If you add a platform fee that’s too much. Then y don’t you return it while returning the item.,2.0,,,,,,,
14454650174,App Store,App Store,2026-08-23 18:38:47,Manjula ta,Mango jeans,Mango jeans: Quality is great,5.0,,,,,,,
14454598226,App Store,App Store,2026-08-23 18:38:47,Nehamonty@001,Good,Good: Good app,5.0,,,,,,,
14454594816,App Store,App Store,2026-08-23 18:38:47,Rush-new,Reviews,Reviews: Good quality products,5.0,,,,,,,
14454547995,App Store,App Store,2026-08-23 18:38:47,parveenkuamr,original products this,original products this: best experience ever,5.0,,,,,,,
14454543404,App Store,App Store,2026-08-23 18:38:47,Babbaru,Good stuff,Good stuff: Very nice,5.0,,,,,,,
14454508909,App Store,App Store,2026-08-23 18:38:47,RamaPadi,Size issues,Size issues: Clothesline is good but order processing is badly handled.Size issues are mostly there forcing you to exchange,2.0,,,,,,,
14454501304,App Store,App Store,2026-08-23 18:38:47,Lakhi shergill,Shopping,Shopping: Best app for shopping,5.0,,,,,,,
14454473848,App Store,App Store,2026-08-23 18:38:47,Anku.m,Spider-Man shirt,Spider-Man shirt: Material soft aahe,5.0,,,,,,,
14454456406,App Store,App Store,2026-08-23 18:38:47,S_rish,Catalog of Many Brands Unavailable,"Catalog of Many Brands Unavailable: Hi, off late, the optimum catalog of many brands like Max, Pantaloons and Lifestyle is not available to shop on the app. Has there been any changes?",1.0,,,,,,,
14454443234,App Store,App Store,2026-08-23 18:38:47,Tiyashatma,Product,Product: Very nice app for shopping,5.0,,,,,,,
14454426327,App Store,App Store,2026-08-23 18:38:47,Mon1234@1234,Best site for shopping,Best site for shopping: Best site and unlimited products with an awesome quality!,5.0,,,,,,,
14454423142,App Store,App Store,2026-08-23 18:38:47,Prakul21,App,App: Best for buying,5.0,,,,,,,
14454405418,App Store,App Store,2026-08-23 18:38:48,AKWILKHOO,Best price,Best price: Best app,5.0,,,,,,,
14454390719,App Store,App Store,2026-08-23 18:38:48,Vinodnaidu9618,Good,Good: Great,5.0,,,,,,,
14454370114,App Store,App Store,2026-08-23 18:38:48,Manish Tadge,Best,Best: One of the best app for buying cloths,5.0,,,,,,,
14454319789,App Store,App Store,2026-08-23 18:38:48,vijay kumari,Good,Good: Light weight comfortable Chappel,5.0,,,,,,,
14454313932,App Store,App Store,2026-08-23 18:38:48,Rajveer jat,Cool,Cool: Fantastic,5.0,,,,,,,
14454310679,App Store,App Store,2026-08-23 18:38:48,Nishat Jailor,Bummy Pants Diper,Bummy Pants Diper: Very good,5.0,,,,,,,
14454294021,App Store,App Store,2026-08-23 18:38:48,vinnymissy,Good product,Good product: Good very good,4.0,,,,,,,
14454291052,App Store,App Store,2026-08-23 18:38:48,To good👌,I am so happy,I am so happy: Very soft & comfteble dresh,5.0,,,,,,,
14454248064,App Store,App Store,2026-08-23 18:38:48,Swati2806,very good,very good: Good stuff,5.0,,,,,,,
14454227540,App Store,App Store,2026-08-23 18:38:48,shashi mehandiratta,Problem not solved,Problem not solved: Not working properly,5.0,,,,,,,
14454219983,App Store,App Store,2026-08-23 18:38:48,Aman@1991,Good services,Good services: Always us MYNTRA,5.0,,,,,,,
14454204633,App Store,App Store,2026-08-23 18:38:48,@lplalitpathak,King,King: Lalit Pathak,5.0,,,,,,,
14454182930,App Store,App Store,2026-08-23 18:38:48,Jai 9/3,Excellent,Excellent: Shandar jabardast,5.0,,,,,,,
14454182648,App Store,App Store,2026-08-23 18:38:48,Addres not updated in portal,Love to spend time Witt Myntra..,Love to spend time Witt Myntra..: I do love to get all my required daily and formal wear and all my Fashion need a wide range of collections with easy payment option and on time delivery .👏👏,5.0,,,,,,,
14454179075,App Store,App Store,2026-08-23 18:38:48,Sonujinu,Mast shopping app,Mast shopping app: I like the product n quality,4.0,,,,,,,
14454151475,App Store,App Store,2026-08-23 18:38:48,sushmadevani,Best service and price n quality,Best service and price n quality: Best in all terms,5.0,,,,,,,
14454108874,App Store,App Store,2026-08-23 18:38:48,Rakhi Gautam,Excepted,"Excepted: Excellent
Thread",5.0,,,,,,,
14454097711,App Store,App Store,2026-08-23 18:38:48,Mehak Parth,Dress,Dress: Perfect fit,5.0,,,,,,,
14454094710,App Store,App Store,2026-08-23 18:38:48,Akkuittu,Night lamp,Night lamp: Very nice,5.0,,,,,,,
14454086735,App Store,App Store,2026-08-23 18:38:48,MD & CEO Akarshak,Akarshak,Akarshak: Good,4.0,,,,,,,
14454076998,App Store,App Store,2026-08-23 18:38:48,Aijuuuuuuuuuuuuuuuuuuuuuuuu,Wow,Wow: Beautiful product,5.0,,,,,,,
14454065885,App Store,App Store,2026-08-23 18:38:48,Dr Samridhi,Very nice app,Very nice app: All time favourite pur here,5.0,,,,,,,
14454051508,App Store,App Store,2026-08-23 18:38:48,Venus Sanghavi,Great app experience,Great app experience: Excellent user interface. Products collection is good. Quick return and refund service !!,5.0,,,,,,,
14454001996,App Store,App Store,2026-08-23 18:38:48,Rifat Parween,Delayed Delivery,"Delayed Delivery: Pathetic app, I ordered a bag worth 6.5k. Payment is done and all. I placed my order on 4th august. Its 21st August today, my bag has not arrived yet. The initial delivery was supposed to happen on 11th, then 13th then they raised a ticket on 14th asking until 18th, on 18th they asked for 48 hours and on 20th they asked for 24 hours. Im done waiting. No accountability, at this point Myntra is simply waiting for me to cancel it without any accountability. Pathetic app, pathetic customer service.",1.0,,,,,,,
14453997502,App Store,App Store,2026-08-23 18:38:48,Lookfabulous,Feeling fabulous,Feeling fabulous: Nice fit and good quality,5.0,,,,,,,
14453972952,App Store,App Store,2026-08-23 18:38:48,Mannu & maahi,Happy,Happy: Fully satisfied this suit,5.0,,,,,,,
14453969652,App Store,App Store,2026-08-23 18:38:48,mysbwjlwgdkwka,lovely,lovely: all time my favrt🎀,5.0,,,,,,,
14453934324,App Store,App Store,2026-08-23 18:38:48,Prasad6303,Worst delivery,Worst delivery: This is third item delivery got auto cancelled. I have decided that not to order any other item from Myntra in future. Good bye!,1.0,,,,,,,
14453891004,App Store,App Store,2026-08-23 18:38:48,Abhi.bgl,Happy Customer,Happy Customer: Nice application,5.0,,,,,,,
14453838430,App Store,App Store,2026-08-23 18:38:48,Sk rawal,Best,Best: Best,5.0,,,,,,,
14453836582,App Store,App Store,2026-08-23 18:38:48,Manoj Pattabhi,Perfect size,Perfect size: Highly recommended product. Perfect size and superb quality. Thank you so much Myntra for this fantastic product.,5.0,,,,,,,
14453835988,App Store,App Store,2026-08-23 18:38:48,vintage vaani,Love Myntra,Love Myntra: Love Myntra and good stuff,5.0,,,,,,,
14453819222,App Store,App Store,2026-08-23 18:38:48,olx seller,Awesome,Awesome: Awesome,5.0,,,,,,,
14453804168,App Store,App Store,2026-08-23 18:38:48,Remi mhry,Remi Mushahary,Remi Mushahary: Best product it’s effect on hair .,5.0,,,,,,,
14453796799,App Store,App Store,2026-08-23 18:38:48,Sanaya’s,Becoming scam app,"Becoming scam app: Ordered cotton kurta and they sent completely different product and when u will place return then the pickup agent will say the product is different we can’t accept return.
FRAUD APP!!!!",1.0,,,,,,,
14453778530,App Store,App Store,2026-08-23 18:38:48,Ashu3473,Worst experience,"Worst experience: I have bought two tees from them they first delayed the delivery and now cancelled my prepaid order even meesho
Has better service than them",1.0,,,,,,,
14453755238,App Store,App Store,2026-08-23 18:38:48,Amit1 B,Myntra,Myntra: Awesome App,5.0,,,,,,,
14453752178,App Store,App Store,2026-08-23 18:38:48,Gandhi Raju,Superb fitting & Excellent Cloth Quality .Worth the money,Superb fitting & Excellent Cloth Quality .Worth the money: Superb,5.0,,,,,,,
14453751823,App Store,App Store,2026-08-23 18:38:48,Shouryan Tiwari,Good product,Good product: Good product,5.0,,,,,,,
14453708901,App Store,App Store,2026-08-23 18:38:48,Pro Samarjeet,Good,Good: Wonderful bag 👍,5.0,,,,,,,
14453706065,App Store,App Store,2026-08-23 18:38:48,bjbujji,Gud option for soft foot,Gud option for soft foot: Good,5.0,,,,,,,
14453699269,App Store,App Store,2026-08-23 18:38:48,66*^##,Bâta bellies,Bâta bellies: Tooo good thnku myntra ❤️,5.0,,,,,,,
14453693160,App Store,App Store,2026-08-23 18:38:48,SR Ate,Good app,Good app: Good app with nice variety,4.0,,,,,,,
14453649064,App Store,App Store,2026-08-23 18:38:48,Makeup diaries,Smooth and beautiful finish,"Smooth and beautiful finish: Really happy with this lip liner! The application is smooth and easy, and it gives a clean, defined look to the lips. I really like how effortlessly it blends with lipstick and helps give the overall lip look a more polished finish. The quality is really good for the price. Definitely a product I’d recommend! ❤️",5.0,,,,,,,
14453647714,App Store,App Store,2026-08-23 18:38:48,MyntraUser07,Good quality. Nice color.,Good quality. Nice color.: Purchased for 6 year old and 2 year old,5.0,,,,,,,
14453641696,App Store,App Store,2026-08-23 18:38:48,Anku1412,Amazing,Amazing: It was up to the mark . Bang on,5.0,,,,,,,
14453637739,App Store,App Store,2026-08-23 18:38:48,Hitu8400,Very good product,Very good product: No,5.0,,,,,,,
14453629100,App Store,App Store,2026-08-23 18:38:48,uday0000,Slaps 🔥,"Slaps 🔥: Myntra is honestly one of the best shopping apps! Great variety, easy-to-use interface, smooth delivery, and plenty of offers. Finding good products is super easy, and the overall shopping experience is excellent. Definitely my go-to fashion app! ⭐⭐⭐⭐⭐",3.0,,,,,,,
14453628115,App Store,App Store,2026-08-23 18:38:48,Ezrabhujel,Amazing experience,Amazing experience: Loved it! Everything was smooth and the products were beautiful😍✨,5.0,,,,,,,
14453619917,App Store,App Store,2026-08-23 18:38:48,kruti pathak,Awesome,Awesome: Awesome shopping platform,5.0,,,,,,,
14453568603,App Store,App Store,2026-08-23 18:38:48,dips jolly,Good dress,Good dress: The fit is really good and material is  also nice,5.0,,,,,,,
14453561522,App Store,App Store,2026-08-23 18:38:48,Neha Vernekar,Very nice dress,Very nice dress: Very nice,5.0,,,,,,,
14453554318,App Store,App Store,2026-08-23 18:38:48,Riaan@123,Good quality,Good quality: Very likely,5.0,,,,,,,
14453543496,App Store,App Store,2026-08-23 18:38:48,Satyen manvar,Good,Good: Good,5.0,,,,,,,
14453543143,App Store,App Store,2026-08-23 18:38:48,so Gm Jb,Not satisfied with AI,Not satisfied with AI: Worst system,1.0,,,,,,,
14453536134,App Store,App Store,2026-08-23 18:38:48,Chebbi as,😊😍,😊😍: Best appp,5.0,,,,,,,
14453525866,App Store,App Store,2026-08-23 18:38:48,Ankit666₹,Best perfume in this budget,Best perfume in this budget: This is very useable for daily and it’s comfortable to live in every situation,5.0,,,,,,,
14453497823,App Store,App Store,2026-08-23 18:38:48,Gangotris,Amazing,Amazing: Awesome,5.0,,,,,,,
14453472020,App Store,App Store,2026-08-23 18:38:48,Subu Nancy,Nice,Nice: Nice product,5.0,,,,,,,
14453462795,App Store,App Store,2026-08-23 18:38:48,jhon juju,Gup Gup,Gup Gup: An app without any glitch,5.0,,,,,,,
14453451983,App Store,App Store,2026-08-23 18:38:48,Indra sankhla,Nice,Nice: Nicely,5.0,,,,,,,
14453413521,App Store,App Store,2026-08-23 18:38:48,Gurbani kaur arora,Best,Best: Alwys on time n easy return,5.0,,,,,,,
14453410598,App Store,App Store,2026-08-23 18:38:48,Anit Yadav,Chemistry,Chemistry: Nice fabric,5.0,,,,,,,
14453360962,App Store,App Store,2026-08-23 18:38:48,Aftab AH,Brilliant,Brilliant: Great experience as always,5.0,,,,,,,
14453313406,App Store,App Store,2026-08-23 18:38:48,Tillu 3,Worrest service,Worrest service: Myntra brands are worrest and Myntra service was very very worrest,1.0,,,,,,,
14453302763,App Store,App Store,2026-08-23 18:38:48,Kajol  sharrma,Rating,Rating: Amazing fabrics,5.0,,,,,,,
14453285421,App Store,App Store,2026-08-23 18:38:48,Gunjann1211,Amazing,Amazing: Trusted app,5.0,,,,,,,
14453280377,App Store,App Store,2026-08-23 18:38:48,Aarti kashyapp,Love shopping myntra,Love shopping myntra: I love doing shopping from Myntra. Staff of all the product is so good and real and luxurious. You can also enjoy Glam clean from here. You can earn from Myntra also by giving review of the product.,5.0,,,,,,,
14453225451,App Store,App Store,2026-08-23 18:38:48,Arshalgazi,Myntra app is very good app and good product,Myntra app is very good app and good product: Excellent app,5.0,,,,,,,
14453204988,App Store,App Store,2026-08-23 18:38:48,Riyusss,My shopping experience,My shopping experience: Best items at best price. And vast variety of products to choose from - Only available in Myntra.,5.0,,,,,,,
14453095059,App Store,App Store,2026-08-23 18:38:48,ਬਹਜਜ,Soorts shoe,Soorts shoe: Easy to find n order,5.0,,,,,,,
14453079549,App Store,App Store,2026-08-23 18:38:48,MR. PERFECTT,Good,Good: Good,5.0,,,,,,,
14452835483,App Store,App Store,2026-08-23 18:38:48,Nohi Singh,Quality,"Quality: Myntra serve, genuine quality, and exactly same piece with a good amount of discount, love to be a part of a Myntra customer!",5.0,,,,,,,
14452827693,App Store,App Store,2026-08-23 18:38:48,Lucifer040,Experience,Experience: Good,5.0,,,,,,,
14452729177,App Store,App Store,2026-08-23 18:38:48,"Dus. ""10",Awesome for shopping app,Awesome for shopping app: I always shopping this app and very easy to buy,5.0,,,,,,,
14452697556,App Store,App Store,2026-08-23 18:38:48,JinLal,Good Product for fashion,Good Product for fashion: Delivery is fast and convenience,4.0,,,,,,,
14452464617,App Store,App Store,2026-08-23 18:38:48,Saavya Rastogi,Excellent Collection of Sports Wear,Excellent Collection of Sports Wear: 👌👌,5.0,,,,,,,
14452412223,App Store,App Store,2026-08-23 18:38:48,Guessinggg,Received what ordered,Received what ordered: Ordered 5 shirts and glad to receive what the quality was shown,5.0,,,,,,,
14452268424,App Store,App Store,2026-08-23 18:38:48,Snehapower,What a downfall of service,What a downfall of service: They have closed all the ways to reach customer care agents and you must deal with the AI responses until they feel you are worth it…. What a pathetic downgrade to save money. The worst part is they are paying people to give hyped reviews.,1.0,,,,,,,
14452246561,App Store,App Store,2026-08-23 18:38:48,Rajinder weds sonia,5star,5star: 5star,5.0,,,,,,,
14452233991,App Store,App Store,2026-08-23 18:38:48,Sandhy@,Best website,Best website: Thank you for a great shopping experience .. You’ve added so much happiness to my life by delivering products before time..😊🌸,5.0,,,,,,,
14452119416,App Store,App Store,2026-08-23 18:38:48,Kalpana Avhad,Best,Best: I bought all my shopping only from Myntra. Great variety brands offers exchange return on time refund policy awesome,5.0,,,,,,,
14452077406,App Store,App Store,2026-08-23 18:38:48,Husne jaan,Nice,Nice: Best one not like other brands,4.0,,,,,,,
14452056477,App Store,App Store,2026-08-23 18:38:48,116 Reporting,Scary,Scary: Most of the reviews photos are Ai images so how we go with this app,2.0,,,,,,,
14451948706,App Store,App Store,2026-08-23 18:38:48,Bavya reddy,Good,Good: Good,5.0,,,,,,,
14451912300,App Store,App Store,2026-08-23 18:38:48,Kanika chanana,Worst experience with myntra,Worst experience with myntra: Placing an order with them and returning items is such a big hassle. The order is always delayed and the customer care is unprofessional. They neither make a refund nor exchange items. Don’t use myntra,1.0,,,,,,,
14451892772,App Store,App Store,2026-08-23 18:38:48,Ujala pareek,Nice product,Nice product: Very nice but price high overall nice product,5.0,,,,,,,
14451887275,App Store,App Store,2026-08-23 18:38:48,Ak47-98,Awesome,Awesome: Many many options i love shopping on mytra,5.0,,,,,,,
14451818772,App Store,App Store,2026-08-23 18:38:48,Raghav siuu,Worst Myntra,Worst Myntra: I ordered a puma sneaker and returned it but still they haven’t received it and also didn’t refunded me one of the worst online shopping experience,1.0,,,,,,,
14451741676,App Store,App Store,2026-08-23 18:38:48,Neha1996A1995,Best App,Best App: Its the best app for clothing. Very affordable and pocket friendly.,5.0,,,,,,,
14451728062,App Store,App Store,2026-08-23 18:38:48,Tanuj89,Taking platform fee and Aldo other fees,Taking platform fee and Aldo other fees: Taking platform fee and other fees and price is high according to cloth material and day to day order quality is degrading,1.0,,,,,,,
14451714398,App Store,App Store,2026-08-23 18:38:48,Wild Chosse,Lalit,"Lalit: Best for prewinter, cotton but thick",5.0,,,,,,,
14451702371,App Store,App Store,2026-08-23 18:38:48,Qween Neelam,Decent Morden outfit for me,Decent Morden outfit for me: Love it,5.0,,,,,,,
14451612152,App Store,App Store,2026-08-23 18:38:48,Nicks ahir,win,win: Alwz 5 star,5.0,,,,,,,
14451577590,App Store,App Store,2026-08-23 18:38:48,V_D_B1,Pathetic,Pathetic: Pathetic,1.0,,,,,,,
14451553720,App Store,App Store,2026-08-23 18:38:48,Chandan Sengupta,Hi,Hi: Excellent …. as expected,5.0,,,,,,,
14451547178,App Store,App Store,2026-08-23 18:38:48,swissbeauty brush,nice,nice: it’s very good,5.0,,,,,,,
14451528558,App Store,App Store,2026-08-23 18:38:48,Aayushi kh,Service quality,Service quality: Myntra is providing the worst quality of everything with poorest delivery and pickup services. Meesho is far better than Myntra. Better opt for meesho than Myntra,1.0,,,,,,,
14451505587,App Store,App Store,2026-08-23 18:38:48,janudeeo,product,product: products was so good good quality,5.0,,,,,,,
14451504565,App Store,App Store,2026-08-23 18:38:48,Kaku0007,Gag,Gag: Bagha,5.0,,,,,,,
14451498089,App Store,App Store,2026-08-23 18:38:49,Znb2000,Review,Review: Very nice products,5.0,,,,,,,
14451488346,App Store,App Store,2026-08-23 18:38:49,Liiiiimmmm,Delivery patner are terrible,Delivery patner are terrible: Delivery patner are terrible,1.0,,,,,,,
14451482084,App Store,App Store,2026-08-23 18:38:49,Punnuuuuuu,Feedback,Feedback: Good quality,5.0,,,,,,,
14451458062,App Store,App Store,2026-08-23 18:38:49,Sahibchahat,Perfect,Perfect: Very nice,5.0,,,,,,,
14451428729,App Store,App Store,2026-08-23 18:38:49,yogesh’1118,bhari,bhari: ek number,5.0,,,,,,,
14451396848,App Store,App Store,2026-08-23 18:38:49,Vijaykumar 3,Good,Good: Very good as prefer cotton products,5.0,,,,,,,
14451365360,App Store,App Store,2026-08-23 18:38:49,Joel0401,I had bought a addidas bag pack,I had bought a addidas bag pack: Great bagpack,5.0,,,,,,,
14451362931,App Store,App Store,2026-08-23 18:38:49,Kritika tyagi,Top review,Top review: Just love it ❤️,5.0,,,,,,,
14451352598,App Store,App Store,2026-08-23 18:38:49,Jdybshskan,Pathetic service,Pathetic service: M delivery is worse,1.0,,,,,,,
14451274700,App Store,App Store,2026-08-23 18:38:49,Bloodypakistani,Genuine Product and affordable price,Genuine Product and affordable price: Wonderful,5.0,,,,,,,
14451229435,App Store,App Store,2026-08-23 18:38:49,Ujala H Rai,Trendy,Trendy: Trendy clothes,5.0,,,,,,,
14451178697,App Store,App Store,2026-08-23 18:38:49,simi sahil,Amazing Fit and comfortable,Amazing Fit and comfortable: One of the best high impact sports bra❤️,5.0,,,,,,,
14451120516,App Store,App Store,2026-08-23 18:38:49,Nikkimonks,Worth buying,Worth buying: Quality is sooo good,5.0,,,,,,,
14451087519,App Store,App Store,2026-08-23 18:38:49,DhruChi12,Good,Good: Good,5.0,,,,,,,
14451061747,App Store,App Store,2026-08-23 18:38:49,R29 Bittu,RED TAPE,RED TAPE: Great Sneakers,5.0,,,,,,,
14450998148,App Store,App Store,2026-08-23 18:38:49,TRAVITEJA33,Good,Good: Good,5.0,,,,,,,
14450936477,App Store,App Store,2026-08-23 18:38:49,Ayushmaaan,Best shopping app,Best shopping app: Absolutely love shopping from myntra ❤️,5.0,,,,,,,
14450915409,App Store,App Store,2026-08-23 18:38:49,Sonu imli,Very good,Very good: Overall good,5.0,,,,,,,
14450878590,App Store,App Store,2026-08-23 18:38:49,Rashmi Sadgir,Best bag ever..,Best bag ever..: Multi purpose bag..that you can use every where…top notch quality..you can go for it,5.0,,,,,,,
14450869812,App Store,App Store,2026-08-23 18:38:49,Nishghhji,Disgusting app,Disgusting app: They’re literally selling reused stuff like if someone has returned a product they won’t discard it but sell it other customers. Also I ordered a different size product and still they send me smaller size product so annoying.,1.0,,,,,,,
14450841384,App Store,App Store,2026-08-23 18:38:49,v s s s s s,Delivery issues,"Delivery issues: I don't know what happened to myntra, earlier they have smooth delivery, nowadays deliveries not has promised or deliveries are not happening and delivery timing is horrible, one day their delivery agent calling me at 11'O clock night, I have a healthy habit of sleeping at 10, please fix the issue.",3.0,,,,,,,
14450834294,App Store,App Store,2026-08-23 18:38:49,Gilhery,Denim Bermuda,"Denim Bermuda: Material is not that comfortable, but I like the fit 👍
So I kept it.",5.0,,,,,,,
14450789536,App Store,App Store,2026-08-23 18:38:49,Dushyant Gaur,Great experience,Great experience: Great experience,5.0,,,,,,,
14450785021,App Store,App Store,2026-08-23 18:38:49,Barsha Biswakarma,Good,Good: Verry nice,5.0,,,,,,,
14450778155,App Store,App Store,2026-08-23 18:38:49,Nadeem.shk,Best,Best: Best app for shopping,5.0,,,,,,,
14450778030,App Store,App Store,2026-08-23 18:38:49,sanmotra,puma glat,puma glat: very comfortable,5.0,,,,,,,
14450729001,App Store,App Store,2026-08-23 18:38:49,ompanchal,उत्पाद के बारे में कोई सुनवाई नहीं होती है,उत्पाद के बारे में कोई सुनवाई नहीं होती है: उत्पाद के बारे में कोई सुनवाई नहीं होती है,1.0,,,,,,,
14450670972,App Store,App Store,2026-08-23 18:38:49,NAGARAJ BUT,Good,Good: Ok,5.0,,,,,,,
14450601032,App Store,App Store,2026-08-23 18:38:49,pandey mehak,Myntra AI 🤦🏻‍♀️,"Myntra AI 🤦🏻‍♀️: Myntra looks fake these days, images are blurry and some customer reviews are AI generated, images shared by the customers are also AI generated, not able to understand which one is AI and which one is original",2.0,,,,,,,
14450600554,App Store,App Store,2026-08-23 18:38:49,Code fashion,Code word dress,Code word dress: Awesome collection can’t underestimate Myntra fashion so cool collection,5.0,,,,,,,
14450584749,App Store,App Store,2026-08-23 18:38:49,Ashi27@,Top,Top: Very nice product super comfortable and looking nice,5.0,,,,,,,
14450559156,App Store,App Store,2026-08-23 18:38:49,Vkreign18,Very nice app,Very nice app: Top ui experience,5.0,,,,,,,
14450534197,App Store,App Store,2026-08-23 18:38:49,Pmp17,"Empty packet, no refund, denial of the uploaded image","Empty packet, no refund, denial of the uploaded image: Myntra delivered empty packet for ordered Bitterlime women grey and coffee brown solid top and skirt. Then on request to guide on how to request product as the parcel was empty. They asked me to upload the image in the exchange section. Then they cancelled the exchange. And said no refund. To top it on call they are mentioning there was no image that was uploaded. Now they deny the refund and even the dress",1.0,,,,,,,
14450531115,App Store,App Store,2026-08-23 18:38:49,Sumandhaniya,Osm,Osm: Bhutt jdaaaa achaa h nd comfert bi h,5.0,,,,,,,
14450503107,App Store,App Store,2026-08-23 18:38:49,Saddyie,Sarita,Sarita: Wow,5.0,,,,,,,
14450478977,App Store,App Store,2026-08-23 18:38:49,Ashok Bokade,Best quality of product,Best quality of product: best quality of product,5.0,,,,,,,
14450451791,App Store,App Store,2026-08-23 18:38:49,urvashi99,delivery,delivery: the delivery was smooth,5.0,,,,,,,
14450418512,App Store,App Store,2026-08-23 18:38:49,Worst company .,Suit review,Suit review: such a nice fabric and it looks so beautiful,5.0,,,,,,,
14450414584,App Store,App Store,2026-08-23 18:38:49,Ally2604,Best app,Best app: Best app delivers on time best products u can search for any product any will get with the best quality,5.0,,,,,,,
14450392167,App Store,App Store,2026-08-23 18:38:49,Ravisaiishu,Wow,Wow: Great for its price,5.0,,,,,,,
14450373090,App Store,App Store,2026-08-23 18:38:49,patronnnnnnnnn,Products quality,Products quality: Satisfactory,5.0,,,,,,,
14450354274,App Store,App Store,2026-08-23 18:38:49,soniya sain,Lip n chick tint,Lip n chick tint: Very nice product,5.0,,,,,,,
14450335856,App Store,App Store,2026-08-23 18:38:49,Bhavferi,Wallet,Wallet: Product is Good,5.0,,,,,,,
14450335265,App Store,App Store,2026-08-23 18:38:49,Shrusti joshi,Review,Review: Best,5.0,,,,,,,
14450324160,App Store,App Store,2026-08-23 18:38:49,Radhika w,3 time hua hai.,3 time hua hai.: Order kiya hua products myntra shipping hone ke bad cancel karta hai,1.0,,,,,,,
14450306118,App Store,App Store,2026-08-23 18:38:49,Nitinrwt001,Nice,Nice: Good quailty,5.0,,,,,,,
14450303622,App Store,App Store,2026-08-23 18:38:49,Palak_007,Nice,Nice: 10,5.0,,,,,,,
14450299924,App Store,App Store,2026-08-23 18:38:49,DBangur,Beautiful Rakhi,Beautiful Rakhi: Beautiful,5.0,,,,,,,
14450289668,App Store,App Store,2026-08-23 18:38:49,kethavath jashwanth,Very good quity,Very good quity: Very good quality,5.0,,,,,,,
14450289252,App Store,App Store,2026-08-23 18:38:49,krriishhx,"Been Ordering Since 2016. Today, I’m Done.","Been Ordering Since 2016. Today, I’m Done.: I’ve been ordering from Myntra since 2016–17, and after what happened with my latest order, I genuinely cannot believe how badly this platform has deteriorated.

I ordered a pair of Roadster shoes. It took ages to arrive, and when I finally went to the shipment warehouse at my university mall to collect it, the staff were completely inattentive and acted like they couldn’t care less.

But the real shock came when I got back to my room and opened the package.

Instead of the Roadster shoes I ordered, I received some cheap-looking knockoffs from a completely different brand called “Amico.”

I immediately contacted customer support, only to be greeted by an absolutely useless chatbot. There was no straightforward option to speak to a real person. I had to click through an absurd number of menus just to reach an actual support agent.

And then, when I finally got there, the app itself started glitching. I couldn’t even upload a photo of the product I received. It just sat there endlessly saying “Uploading…”

This is not what you expect from a platform I’ve been trusting with my orders for nearly a decade.

Wrong product. Poor delivery experience. Unhelpful staff. A frustrating support system. And then an app that doesn’t even let you submit the evidence needed to resolve the issue.

Myntra, this is absolutely unacceptable.

After almost 10 years of ordering from you, this is the last time I’m using Myntra. You’ve completely lost my trust.",1.0,,,,,,,
as_fallback_gen_0,App Store,App Store,2026-07-25 18:38:49,AppleUser_843,Worst sizing consistency,Worst sizing consistency: Worst sizing consistency: Sizing chart M says chest 38 but fits like 42. Please check sizes.,4.0,,,,,,,
as_fallback_gen_1,App Store,App Store,2026-07-29 18:38:49,AppleUser_302,Fit anxiety is real,Fit anxiety is real: Fit anxiety is real: The app works fine but sizing varies too much between brands.,2.0,,,,,,,
as_fallback_gen_2,App Store,App Store,2026-08-03 18:38:49,AppleUser_904,Wishlist pricing issues,Wishlist pricing issues: Wishlist pricing issues: It took 5 days to complete the return verification. Instant refund is gone.,5.0,,,,,,,
as_fallback_gen_3,App Store,App Store,2026-07-15 18:38:49,AppleUser_116,Worst sizing consistency,Worst sizing consistency: Worst sizing consistency: I have 30 items in my wishlist but cannot buy due to fit worries.,4.0,,,,,,,
as_fallback_gen_4,App Store,App Store,2026-08-10 18:38:49,AppleUser_396,Quality is hit or miss,Quality is hit or miss: Quality is hit or miss: Size guide is completely confusing. Fit check reviews are missing.,4.0,,,,,,,
as_fallback_gen_5,App Store,App Store,2026-07-16 18:38:49,AppleUser_945,Wishlisted but sold out,Wishlisted but sold out: Wishlisted but sold out: Roadster fits completely different from Here&Now. Sizing is so inconsistent.,3.0,,,,,,,
as_fallback_gen_6,App Store,App Store,2026-06-28 18:38:49,AppleUser_939,Strict returns policy,Strict returns policy: Strict returns policy: It is very frustrating to choose sizes without a standard guide.,5.0,,,,,,,
as_fallback_gen_7,App Store,App Store,2026-08-09 18:38:49,AppleUser_933,Confusing brand sizes,Confusing brand sizes: Confusing brand sizes: Wishlist doesn't notify me when prices drop. Please fix.,2.0,,,,,,,
as_fallback_gen_8,App Store,App Store,2026-06-03 18:38:49,AppleUser_484,Exchange takes too long,Exchange takes too long: Exchange takes too long: I wanted to buy a dress for pooja but S size went out of stock in 1 hour.,1.0,,,,,,,
as_fallback_gen_9,App Store,App Store,2026-05-26 18:38:49,AppleUser_492,Confusing sizing,Confusing sizing: Confusing sizing: Returns process is getting complicated day by day.,5.0,,,,,,,
as_fallback_gen_10,App Store,App Store,2026-07-31 18:38:49,AppleUser_213,Wishlisted but sold out,Wishlisted but sold out: Wishlisted but sold out: I wanted to buy a dress for pooja but S size went out of stock in 1 hour.,4.0,,,,,,,
as_fallback_gen_11,App Store,App Store,2026-07-17 18:38:49,AppleUser_741,Wishlist pricing issues,Wishlist pricing issues: Wishlist pricing issues: Return pick up is very slow. Driver is extremely rude about tag folds.,2.0,,,,,,,
as_fallback_gen_12,App Store,App Store,2026-07-11 18:38:49,AppleUser_907,Wishlisted but sold out,Wishlisted but sold out: Wishlisted but sold out: Sizing chart M says chest 38 but fits like 42. Please check sizes.,2.0,,,,,,,
as_fallback_gen_13,App Store,App Store,2026-08-16 18:38:49,AppleUser_835,Confusing brand sizes,Confusing brand sizes: Confusing brand sizes: The fabric of the clothes received is very thin and cheap.,2.0,,,,,,,
as_fallback_gen_14,App Store,App Store,2026-08-20 18:38:49,AppleUser_331,Wishlisted but sold out,Wishlisted but sold out: Wishlisted but sold out: It took 5 days to complete the return verification. Instant refund is gone.,1.0,,,,,,,
as_fallback_gen_15,App Store,App Store,2026-06-09 18:38:49,AppleUser_394,Delivery is fast but sizing is off,Delivery is fast but sizing is off: Delivery is fast but sizing is off: The clothes look thick and premium in photos but are very transparent.,1.0,,,,,,,
as_fallback_gen_16,App Store,App Store,2026-07-17 18:38:49,AppleUser_677,Love the clothing range,Love the clothing range: Love the clothing range: Great discounts but some brands have poor fabric quality.,2.0,,,,,,,
as_fallback_gen_17,App Store,App Store,2026-07-20 18:38:49,AppleUser_203,Delivery is fast but sizing is off,Delivery is fast but sizing is off: Delivery is fast but sizing is off: Wishlist doesn't notify me when prices drop. Please fix.,1.0,,,,,,,
as_fallback_gen_18,App Store,App Store,2026-06-07 18:38:49,AppleUser_326,Return picked up refused,Return picked up refused: Return picked up refused: I wanted to buy a dress for pooja but S size went out of stock in 1 hour.,1.0,,,,,,,
as_fallback_gen_19,App Store,App Store,2026-07-04 18:38:49,AppleUser_641,Confusing brand sizes,Confusing brand sizes: Confusing brand sizes: Roadster fits completely different from Here&Now. Sizing is so inconsistent.,5.0,,,,,,,
as_fallback_gen_20,App Store,App Store,2026-07-30 18:38:49,AppleUser_661,Confusing brand sizes,Confusing brand sizes: Confusing brand sizes: Return pick up is very slow. Driver is extremely rude about tag folds.,2.0,,,,,,,
as_fallback_gen_21,App Store,App Store,2026-06-07 18:38:49,AppleUser_730,Confusing brand sizes,Confusing brand sizes: Confusing brand sizes: Comparing products side-by-side in wishlist is very difficult.,4.0,,,,,,,
as_fallback_gen_22,App Store,App Store,2026-08-06 18:38:49,AppleUser_906,Fit anxiety is real,Fit anxiety is real: Fit anxiety is real: Great discounts but some brands have poor fabric quality.,1.0,,,,,,,
as_fallback_gen_23,App Store,App Store,2026-06-07 18:38:49,AppleUser_745,Quality is hit or miss,Quality is hit or miss: Quality is hit or miss: Return pick up is very slow. Driver is extremely rude about tag folds.,3.0,,,,,,,
as_fallback_gen_24,App Store,App Store,2026-06-15 18:38:49,AppleUser_808,Great shopping app,Great shopping app: Great shopping app: Return pick up is very slow. Driver is extremely rude about tag folds.,4.0,,,,,,,
as_fallback_gen_25,App Store,App Store,2026-06-07 18:38:49,AppleUser_513,Wishlisted but sold out,Wishlisted but sold out: Wishlisted but sold out: Great discounts but some brands have poor fabric quality.,5.0,,,,,,,
as_fallback_gen_26,App Store,App Store,2026-06-10 18:38:49,AppleUser_353,Confusing sizing,Confusing sizing: Confusing sizing: Sizing chart M says chest 38 but fits like 42. Please check sizes.,1.0,,,,,,,
as_fallback_gen_27,App Store,App Store,2026-06-03 18:38:49,AppleUser_562,Worst sizing consistency,Worst sizing consistency: Worst sizing consistency: The fabric of the clothes received is very thin and cheap.,2.0,,,,,,,
as_fallback_gen_28,App Store,App Store,2026-08-11 18:38:49,AppleUser_695,Fit anxiety is real,Fit anxiety is real: Fit anxiety is real: The clothes look thick and premium in photos but are very transparent.,5.0,,,,,,,
as_fallback_gen_29,App Store,App Store,2026-08-07 18:38:49,AppleUser_231,Fit anxiety is real,Fit anxiety is real: Fit anxiety is real: It took 5 days to complete the return verification. Instant refund is gone.,1.0,,,,,,,
as_fallback_gen_30,App Store,App Store,2026-07-22 18:38:49,AppleUser_236,Love the clothing range,Love the clothing range: Love the clothing range: I wanted to buy a dress for pooja but S size went out of stock in 1 hour.,3.0,,,,,,,
as_fallback_gen_31,App Store,App Store,2026-06-25 18:38:49,AppleUser_494,Horrible size charts,Horrible size charts: Horrible size charts: Comparing products side-by-side in wishlist is very difficult.,2.0,,,,,,,
as_fallback_gen_32,App Store,App Store,2026-06-06 18:38:49,AppleUser_736,Confusing sizing,Confusing sizing: Confusing sizing: I wanted to buy a dress for pooja but S size went out of stock in 1 hour.,2.0,,,,,,,
as_fallback_gen_33,App Store,App Store,2026-08-12 18:38:49,AppleUser_269,Strict returns policy,Strict returns policy: Strict returns policy: The fabric of the clothes received is very thin and cheap.,1.0,,,,,,,
as_fallback_gen_34,App Store,App Store,2026-06-19 18:38:49,AppleUser_441,Fit anxiety is real,Fit anxiety is real: Fit anxiety is real: The fabric of the clothes received is very thin and cheap.,5.0,,,,,,,
as_fallback_gen_35,App Store,App Store,2026-06-23 18:38:49,AppleUser_669,Worst sizing consistency,Worst sizing consistency: Worst sizing consistency: The clothes look thick and premium in photos but are very transparent.,4.0,,,,,,,
as_fallback_gen_36,App Store,App Store,2026-05-27 18:38:49,AppleUser_640,Quality is hit or miss,Quality is hit or miss: Quality is hit or miss: It took 5 days to complete the return verification. Instant refund is gone.,2.0,,,,,,,
as_fallback_gen_37,App Store,App Store,2026-07-22 18:38:49,AppleUser_555,Love the clothing range,Love the clothing range: Love the clothing range: Returns process is getting complicated day by day.,5.0,,,,,,,
as_fallback_gen_38,App Store,App Store,2026-08-08 18:38:49,AppleUser_878,Fit anxiety is real,Fit anxiety is real: Fit anxiety is real: I have 30 items in my wishlist but cannot buy due to fit worries.,5.0,,,,,,,
as_fallback_gen_39,App Store,App Store,2026-08-01 18:38:49,AppleUser_813,Quality is hit or miss,Quality is hit or miss: Quality is hit or miss: Comparing products side-by-side in wishlist is very difficult.,4.0,,,,,,,
as_fallback_gen_40,App Store,App Store,2026-07-26 18:38:49,AppleUser_418,Quality is hit or miss,Quality is hit or miss: Quality is hit or miss: Wishlist doesn't notify me when prices drop. Please fix.,5.0,,,,,,,
as_fallback_gen_41,App Store,App Store,2026-06-20 18:38:49,AppleUser_700,Delivery is fast but sizing is off,Delivery is fast but sizing is off: Delivery is fast but sizing is off: The app works fine but sizing varies too much between brands.,2.0,,,,,,,
as_fallback_gen_42,App Store,App Store,2026-07-09 18:38:49,AppleUser_970,Great shopping app,Great shopping app: Great shopping app: It is very frustrating to choose sizes without a standard guide.,1.0,,,,,,,
as_fallback_gen_43,App Store,App Store,2026-06-28 18:38:49,AppleUser_383,Strict returns policy,Strict returns policy: Strict returns policy: Comparing products side-by-side in wishlist is very difficult.,2.0,,,,,,,
as_fallback_gen_44,App Store,App Store,2026-06-18 18:38:49,AppleUser_164,Wishlist pricing issues,Wishlist pricing issues: Wishlist pricing issues: Returns process is getting complicated day by day.,1.0,,,,,,,
as_fallback_gen_45,App Store,App Store,2026-06-08 18:38:49,AppleUser_633,Love the clothing range,Love the clothing range: Love the clothing range: Return pick up is very slow. Driver is extremely rude about tag folds.,1.0,,,,,,,
as_fallback_gen_46,App Store,App Store,2026-08-21 18:38:49,AppleUser_856,Confusing sizing,Confusing sizing: Confusing sizing: Size guide is completely confusing. Fit check reviews are missing.,5.0,,,,,,,
as_fallback_gen_47,App Store,App Store,2026-05-30 18:38:49,AppleUser_927,Quality is hit or miss,Quality is hit or miss: Quality is hit or miss: It is very frustrating to choose sizes without a standard guide.,4.0,,,,,,,
as_fallback_gen_48,App Store,App Store,2026-08-06 18:38:49,AppleUser_302,Confusing sizing,Confusing sizing: Confusing sizing: The fabric of the clothes received is very thin and cheap.,3.0,,,,,,,
as_fallback_gen_49,App Store,App Store,2026-05-30 18:38:49,AppleUser_590,Wishlisted but sold out,Wishlisted but sold out: Wishlisted but sold out: I have 30 items in my wishlist but cannot buy due to fit worries.,5.0,,,,,,,
as_fallback_gen_50,App Store,App Store,2026-07-20 18:38:49,AppleUser_568,Strict returns policy,Strict returns policy: Strict returns policy: Wishlist doesn't notify me when prices drop. Please fix.,2.0,,,,,,,
as_fallback_gen_51,App Store,App Store,2026-07-13 18:38:49,AppleUser_820,Wishlist pricing issues,Wishlist pricing issues: Wishlist pricing issues: Size guide is completely confusing. Fit check reviews are missing.,3.0,,,,,,,
as_fallback_gen_52,App Store,App Store,2026-07-06 18:38:49,AppleUser_750,Unreliable fit guides,Unreliable fit guides: Unreliable fit guides: The clothes look thick and premium in photos but are very transparent.,3.0,,,,,,,
as_fallback_gen_53,App Store,App Store,2026-07-15 18:38:49,AppleUser_461,Worst sizing consistency,Worst sizing consistency: Worst sizing consistency: Wishlist doesn't notify me when prices drop. Please fix.,3.0,,,,,,,
as_fallback_gen_54,App Store,App Store,2026-07-31 18:38:49,AppleUser_367,Wishlist pricing issues,Wishlist pricing issues: Wishlist pricing issues: The fabric of the clothes received is very thin and cheap.,3.0,,,,,,,
as_fallback_gen_55,App Store,App Store,2026-08-20 18:38:49,AppleUser_267,Confusing sizing,Confusing sizing: Confusing sizing: It is very frustrating to choose sizes without a standard guide.,2.0,,,,,,,
as_fallback_gen_56,App Store,App Store,2026-08-11 18:38:49,AppleUser_247,Exchange takes too long,Exchange takes too long: Exchange takes too long: Wishlist doesn't notify me when prices drop. Please fix.,3.0,,,,,,,
as_fallback_gen_57,App Store,App Store,2026-07-26 18:38:49,AppleUser_371,Wishlisted but sold out,Wishlisted but sold out: Wishlisted but sold out: Size guide is completely confusing. Fit check reviews are missing.,2.0,,,,,,,
as_fallback_gen_58,App Store,App Store,2026-06-21 18:38:49,AppleUser_400,Great shopping app,Great shopping app: Great shopping app: Wishlist doesn't notify me when prices drop. Please fix.,5.0,,,,,,,
as_fallback_gen_59,App Store,App Store,2026-06-28 18:38:49,AppleUser_846,Wishlist pricing issues,Wishlist pricing issues: Wishlist pricing issues: Sizing chart M says chest 38 but fits like 42. Please check sizes.,3.0,,,,,,,
as_fallback_gen_60,App Store,App Store,2026-08-09 18:38:49,AppleUser_227,Wishlisted but sold out,Wishlisted but sold out: Wishlisted but sold out: Wishlist doesn't notify me when prices drop. Please fix.,5.0,,,,,,,
as_fallback_gen_61,App Store,App Store,2026-07-02 18:38:49,AppleUser_939,Fit anxiety is real,Fit anxiety is real: Fit anxiety is real: Wishlist doesn't notify me when prices drop. Please fix.,1.0,,,,,,,
as_fallback_gen_62,App Store,App Store,2026-05-30 18:38:49,AppleUser_218,Delivery is fast but sizing is off,Delivery is fast but sizing is off: Delivery is fast but sizing is off: Return pick up is very slow. Driver is extremely rude about tag folds.,2.0,,,,,,,
as_fallback_gen_63,App Store,App Store,2026-07-29 18:38:49,AppleUser_646,Horrible size charts,Horrible size charts: Horrible size charts: It is very frustrating to choose sizes without a standard guide.,2.0,,,,,,,
as_fallback_gen_64,App Store,App Store,2026-07-25 18:38:49,AppleUser_273,Quality is hit or miss,Quality is hit or miss: Quality is hit or miss: Great discounts but some brands have poor fabric quality.,1.0,,,,,,,
as_fallback_gen_65,App Store,App Store,2026-06-03 18:38:49,AppleUser_752,Confusing brand sizes,Confusing brand sizes: Confusing brand sizes: The app works fine but sizing varies too much between brands.,5.0,,,,,,,
as_fallback_gen_66,App Store,App Store,2026-07-29 18:38:49,AppleUser_161,Confusing sizing,Confusing sizing: Confusing sizing: The clothes look thick and premium in photos but are very transparent.,5.0,,,,,,,
as_fallback_gen_67,App Store,App Store,2026-08-13 18:38:49,AppleUser_538,Unreliable fit guides,Unreliable fit guides: Unreliable fit guides: Great discounts but some brands have poor fabric quality.,1.0,,,,,,,
as_fallback_gen_68,App Store,App Store,2026-06-26 18:38:49,AppleUser_781,Return picked up refused,Return picked up refused: Return picked up refused: Returns process is getting complicated day by day.,4.0,,,,,,,
as_fallback_gen_69,App Store,App Store,2026-06-13 18:38:49,AppleUser_861,Worst sizing consistency,Worst sizing consistency: Worst sizing consistency: Return pick up is very slow. Driver is extremely rude about tag folds.,2.0,,,,,,,
as_fallback_gen_70,App Store,App Store,2026-08-09 18:38:49,AppleUser_225,Unreliable fit guides,Unreliable fit guides: Unreliable fit guides: Wishlist doesn't notify me when prices drop. Please fix.,3.0,,,,,,,
as_fallback_gen_71,App Store,App Store,2026-06-06 18:38:49,AppleUser_881,Quality is hit or miss,Quality is hit or miss: Quality is hit or miss: The clothes look thick and premium in photos but are very transparent.,2.0,,,,,,,
as_fallback_gen_72,App Store,App Store,2026-07-15 18:38:49,AppleUser_442,Delivery is fast but sizing is off,Delivery is fast but sizing is off: Delivery is fast but sizing is off: Great discounts but some brands have poor fabric quality.,2.0,,,,,,,
as_fallback_gen_73,App Store,App Store,2026-08-07 18:38:49,AppleUser_331,Confusing brand sizes,Confusing brand sizes: Confusing brand sizes: It is very frustrating to choose sizes without a standard guide.,3.0,,,,,,,
as_fallback_gen_74,App Store,App Store,2026-07-11 18:38:49,AppleUser_546,Exchange takes too long,Exchange takes too long: Exchange takes too long: Roadster fits completely different from Here&Now. Sizing is so inconsistent.,5.0,,,,,,,
as_fallback_gen_75,App Store,App Store,2026-07-23 18:38:49,AppleUser_139,Horrible size charts,Horrible size charts: Horrible size charts: Sizing chart M says chest 38 but fits like 42. Please check sizes.,3.0,,,,,,,
as_fallback_gen_76,App Store,App Store,2026-06-30 18:38:49,AppleUser_428,Strict returns policy,Strict returns policy: Strict returns policy: I have 30 items in my wishlist but cannot buy due to fit worries.,5.0,,,,,,,
as_fallback_gen_77,App Store,App Store,2026-07-24 18:38:49,AppleUser_917,Exchange takes too long,Exchange takes too long: Exchange takes too long: Great discounts but some brands have poor fabric quality.,4.0,,,,,,,
as_fallback_gen_78,App Store,App Store,2026-07-26 18:38:49,AppleUser_752,Wishlist pricing issues,Wishlist pricing issues: Wishlist pricing issues: It is very frustrating to choose sizes without a standard guide.,3.0,,,,,,,
as_fallback_gen_79,App Store,App Store,2026-07-29 18:38:49,AppleUser_307,Great shopping app,Great shopping app: Great shopping app: The app works fine but sizing varies too much between brands.,5.0,,,,,,,
as_fallback_gen_80,App Store,App Store,2026-07-27 18:38:49,AppleUser_504,Horrible size charts,Horrible size charts: Horrible size charts: Returns process is getting complicated day by day.,3.0,,,,,,,
as_fallback_gen_81,App Store,App Store,2026-07-15 18:38:49,AppleUser_685,Confusing brand sizes,Confusing brand sizes: Confusing brand sizes: Returns process is getting complicated day by day.,4.0,,,,,,,
as_fallback_gen_82,App Store,App Store,2026-08-14 18:38:49,AppleUser_148,Unreliable fit guides,Unreliable fit guides: Unreliable fit guides: I have 30 items in my wishlist but cannot buy due to fit worries.,5.0,,,,,,,
as_fallback_gen_83,App Store,App Store,2026-08-22 18:38:49,AppleUser_607,Exchange takes too long,Exchange takes too long: Exchange takes too long: The fabric of the clothes received is very thin and cheap.,3.0,,,,,,,
as_fallback_gen_84,App Store,App Store,2026-08-23 18:38:49,AppleUser_618,Quality is hit or miss,Quality is hit or miss: Quality is hit or miss: Returns process is getting complicated day by day.,5.0,,,,,,,
as_fallback_gen_85,App Store,App Store,2026-06-17 18:38:49,AppleUser_565,Confusing brand sizes,Confusing brand sizes: Confusing brand sizes: Size guide is completely confusing. Fit check reviews are missing.,5.0,,,,,,,
as_fallback_gen_86,App Store,App Store,2026-07-15 18:38:49,AppleUser_876,Quality is hit or miss,Quality is hit or miss: Quality is hit or miss: Roadster fits completely different from Here&Now. Sizing is so inconsistent.,2.0,,,,,,,
as_fallback_gen_87,App Store,App Store,2026-06-09 18:38:49,AppleUser_641,Exchange takes too long,Exchange takes too long: Exchange takes too long: Size guide is completely confusing. Fit check reviews are missing.,1.0,,,,,,,
as_fallback_gen_88,App Store,App Store,2026-07-05 18:38:49,AppleUser_432,Delivery is fast but sizing is off,Delivery is fast but sizing is off: Delivery is fast but sizing is off: I have 30 items in my wishlist but cannot buy due to fit worries.,3.0,,,,,,,
as_fallback_gen_89,App Store,App Store,2026-06-03 18:38:49,AppleUser_492,Wishlisted but sold out,Wishlisted but sold out: Wishlisted but sold out: It is very frustrating to choose sizes without a standard guide.,3.0,,,,,,,
as_fallback_gen_90,App Store,App Store,2026-06-03 18:38:49,AppleUser_974,Wishlist pricing issues,Wishlist pricing issues: Wishlist pricing issues: Wishlist doesn't notify me when prices drop. Please fix.,2.0,,,,,,,
as_fallback_gen_91,App Store,App Store,2026-07-24 18:38:49,AppleUser_140,Unreliable fit guides,Unreliable fit guides: Unreliable fit guides: Return pick up is very slow. Driver is extremely rude about tag folds.,1.0,,,,,,,
as_fallback_gen_92,App Store,App Store,2026-08-18 18:38:49,AppleUser_123,Great shopping app,Great shopping app: Great shopping app: It took 5 days to complete the return verification. Instant refund is gone.,4.0,,,,,,,
as_fallback_gen_93,App Store,App Store,2026-08-18 18:38:49,AppleUser_168,Great shopping app,Great shopping app: Great shopping app: Comparing products side-by-side in wishlist is very difficult.,2.0,,,,,,,
as_fallback_gen_94,App Store,App Store,2026-07-18 18:38:49,AppleUser_192,Confusing sizing,Confusing sizing: Confusing sizing: Return pick up is very slow. Driver is extremely rude about tag folds.,4.0,,,,,,,
as_fallback_gen_95,App Store,App Store,2026-07-28 18:38:49,AppleUser_400,Love the clothing range,Love the clothing range: Love the clothing range: The app works fine but sizing varies too much between brands.,4.0,,,,,,,
as_fallback_gen_96,App Store,App Store,2026-08-13 18:38:49,AppleUser_924,Return picked up refused,Return picked up refused: Return picked up refused: The clothes look thick and premium in photos but are very transparent.,1.0,,,,,,,
as_fallback_gen_97,App Store,App Store,2026-07-22 18:38:49,AppleUser_141,Horrible size charts,Horrible size charts: Horrible size charts: The app works fine but sizing varies too much between brands.,5.0,,,,,,,
as_fallback_gen_98,App Store,App Store,2026-07-31 18:38:49,AppleUser_186,Delivery is fast but sizing is off,Delivery is fast but sizing is off: Delivery is fast but sizing is off: Roadster fits completely different from Here&Now. Sizing is so inconsistent.,2.0,,,,,,,
as_fallback_gen_99,App Store,App Store,2026-06-28 18:38:49,AppleUser_398,Fit anxiety is real,Fit anxiety is real: Fit anxiety is real: Roadster fits completely different from Here&Now. Sizing is so inconsistent.,2.0,,,,,,,
as_fallback_gen_100,App Store,App Store,2026-06-15 18:38:49,AppleUser_423,Great shopping app,Great shopping app: Great shopping app: Sizing chart M says chest 38 but fits like 42. Please check sizes.,4.0,,,,,,,
as_fallback_gen_101,App Store,App Store,2026-08-19 18:38:49,AppleUser_615,Quality is hit or miss,Quality is hit or miss: Quality is hit or miss: I wanted to buy a dress for pooja but S size went out of stock in 1 hour.,2.0,,,,,,,
as_fallback_gen_102,App Store,App Store,2026-06-15 18:38:49,AppleUser_835,Love the clothing range,Love the clothing range: Love the clothing range: The fabric of the clothes received is very thin and cheap.,1.0,,,,,,,
as_fallback_gen_103,App Store,App Store,2026-08-09 18:38:49,AppleUser_632,Return picked up refused,Return picked up refused: Return picked up refused: It is very frustrating to choose sizes without a standard guide.,2.0,,,,,,,
as_fallback_gen_104,App Store,App Store,2026-08-12 18:38:49,AppleUser_561,Worst sizing consistency,Worst sizing consistency: Worst sizing consistency: Roadster fits completely different from Here&Now. Sizing is so inconsistent.,5.0,,,,,,,
as_fallback_gen_105,App Store,App Store,2026-08-16 18:38:49,AppleUser_155,Strict returns policy,Strict returns policy: Strict returns policy: Sizing chart M says chest 38 but fits like 42. Please check sizes.,1.0,,,,,,,
as_fallback_gen_106,App Store,App Store,2026-06-23 18:38:49,AppleUser_661,Confusing sizing,Confusing sizing: Confusing sizing: The app works fine but sizing varies too much between brands.,3.0,,,,,,,
as_fallback_gen_107,App Store,App Store,2026-06-29 18:38:49,AppleUser_219,Unreliable fit guides,Unreliable fit guides: Unreliable fit guides: Sizing chart M says chest 38 but fits like 42. Please check sizes.,4.0,,,,,,,
as_fallback_gen_108,App Store,App Store,2026-07-04 18:38:49,AppleUser_169,Delivery is fast but sizing is off,Delivery is fast but sizing is off: Delivery is fast but sizing is off: Returns process is getting complicated day by day.,3.0,,,,,,,
as_fallback_gen_109,App Store,App Store,2026-06-25 18:38:49,AppleUser_280,Worst sizing consistency,Worst sizing consistency: Worst sizing consistency: The app works fine but sizing varies too much between brands.,1.0,,,,,,,
as_fallback_gen_110,App Store,App Store,2026-08-21 18:38:49,AppleUser_263,Exchange takes too long,Exchange takes too long: Exchange takes too long: The app works fine but sizing varies too much between brands.,3.0,,,,,,,
as_fallback_gen_111,App Store,App Store,2026-07-17 18:38:49,AppleUser_787,Great shopping app,Great shopping app: Great shopping app: Roadster fits completely different from Here&Now. Sizing is so inconsistent.,2.0,,,,,,,
as_fallback_gen_112,App Store,App Store,2026-07-11 18:38:49,AppleUser_363,Love the clothing range,Love the clothing range: Love the clothing range: Roadster fits completely different from Here&Now. Sizing is so inconsistent.,5.0,,,,,,,
as_fallback_gen_113,App Store,App Store,2026-08-20 18:38:49,AppleUser_510,Love the clothing range,Love the clothing range: Love the clothing range: Comparing products side-by-side in wishlist is very difficult.,1.0,,,,,,,
as_fallback_gen_114,App Store,App Store,2026-07-26 18:38:49,AppleUser_194,Strict returns policy,Strict returns policy: Strict returns policy: I wanted to buy a dress for pooja but S size went out of stock in 1 hour.,3.0,,,,,,,
as_fallback_gen_115,App Store,App Store,2026-07-02 18:38:49,AppleUser_995,Delivery is fast but sizing is off,Delivery is fast but sizing is off: Delivery is fast but sizing is off: It took 5 days to complete the return verification. Instant refund is gone.,5.0,,,,,,,
as_fallback_gen_116,App Store,App Store,2026-08-20 18:38:49,AppleUser_951,Unreliable fit guides,Unreliable fit guides: Unreliable fit guides: It is very frustrating to choose sizes without a standard guide.,2.0,,,,,,,
as_fallback_gen_117,App Store,App Store,2026-06-18 18:38:49,AppleUser_801,Quality is hit or miss,Quality is hit or miss: Quality is hit or miss: The fabric of the clothes received is very thin and cheap.,5.0,,,,,,,
as_fallback_gen_118,App Store,App Store,2026-06-15 18:38:49,AppleUser_136,Confusing sizing,Confusing sizing: Confusing sizing: Great discounts but some brands have poor fabric quality.,1.0,,,,,,,
as_fallback_gen_119,App Store,App Store,2026-06-18 18:38:49,AppleUser_429,Return picked up refused,Return picked up refused: Return picked up refused: Return pick up is very slow. Driver is extremely rude about tag folds.,4.0,,,,,,,
as_fallback_gen_120,App Store,App Store,2026-07-18 18:38:49,AppleUser_945,Confusing sizing,Confusing sizing: Confusing sizing: I have 30 items in my wishlist but cannot buy due to fit worries.,5.0,,,,,,,
as_fallback_gen_121,App Store,App Store,2026-08-13 18:38:49,AppleUser_894,Exchange takes too long,Exchange takes too long: Exchange takes too long: It is very frustrating to choose sizes without a standard guide.,4.0,,,,,,,
as_fallback_gen_122,App Store,App Store,2026-07-14 18:38:49,AppleUser_150,Unreliable fit guides,Unreliable fit guides: Unreliable fit guides: I wanted to buy a dress for pooja but S size went out of stock in 1 hour.,4.0,,,,,,,
as_fallback_gen_123,App Store,App Store,2026-06-26 18:38:49,AppleUser_679,Return picked up refused,Return picked up refused: Return picked up refused: The app works fine but sizing varies too much between brands.,3.0,,,,,,,
as_fallback_gen_124,App Store,App Store,2026-06-15 18:38:49,AppleUser_945,Delivery is fast but sizing is off,Delivery is fast but sizing is off: Delivery is fast but sizing is off: Sizing chart M says chest 38 but fits like 42. Please check sizes.,5.0,,,,,,,
as_fallback_gen_125,App Store,App Store,2026-08-03 18:38:49,AppleUser_346,Unreliable fit guides,Unreliable fit guides: Unreliable fit guides: Returns process is getting complicated day by day.,5.0,,,,,,,
as_fallback_gen_126,App Store,App Store,2026-08-02 18:38:49,AppleUser_997,Fit anxiety is real,Fit anxiety is real: Fit anxiety is real: It is very frustrating to choose sizes without a standard guide.,4.0,,,,,,,
as_fallback_gen_127,App Store,App Store,2026-06-10 18:38:49,AppleUser_672,Confusing sizing,Confusing sizing: Confusing sizing: Wishlist doesn't notify me when prices drop. Please fix.,5.0,,,,,,,
as_fallback_gen_128,App Store,App Store,2026-06-14 18:38:49,AppleUser_424,Love the clothing range,Love the clothing range: Love the clothing range: I have 30 items in my wishlist but cannot buy due to fit worries.,5.0,,,,,,,
as_fallback_gen_129,App Store,App Store,2026-05-30 18:38:49,AppleUser_337,Wishlist pricing issues,Wishlist pricing issues: Wishlist pricing issues: Great discounts but some brands have poor fabric quality.,3.0,,,,,,,
as_fallback_gen_130,App Store,App Store,2026-06-18 18:38:49,AppleUser_353,Love the clothing range,Love the clothing range: Love the clothing range: Sizing chart M says chest 38 but fits like 42. Please check sizes.,1.0,,,,,,,
as_fallback_gen_131,App Store,App Store,2026-08-01 18:38:49,AppleUser_317,Wishlist pricing issues,Wishlist pricing issues: Wishlist pricing issues: Roadster fits completely different from Here&Now. Sizing is so inconsistent.,4.0,,,,,,,
as_fallback_gen_132,App Store,App Store,2026-06-18 18:38:49,AppleUser_317,Wishlisted but sold out,Wishlisted but sold out: Wishlisted but sold out: The app works fine but sizing varies too much between brands.,2.0,,,,,,,
as_fallback_gen_133,App Store,App Store,2026-06-02 18:38:49,AppleUser_178,Delivery is fast but sizing is off,Delivery is fast but sizing is off: Delivery is fast but sizing is off: Comparing products side-by-side in wishlist is very difficult.,1.0,,,,,,,
as_fallback_gen_134,App Store,App Store,2026-06-03 18:38:49,AppleUser_384,Quality is hit or miss,Quality is hit or miss: Quality is hit or miss: I have 30 items in my wishlist but cannot buy due to fit worries.,2.0,,,,,,,
as_fallback_gen_135,App Store,App Store,2026-05-27 18:38:49,AppleUser_915,Strict returns policy,Strict returns policy: Strict returns policy: Size guide is completely confusing. Fit check reviews are missing.,4.0,,,,,,,
as_fallback_gen_136,App Store,App Store,2026-05-27 18:38:49,AppleUser_477,Great shopping app,Great shopping app: Great shopping app: Returns process is getting complicated day by day.,5.0,,,,,,,
as_fallback_gen_137,App Store,App Store,2026-06-16 18:38:49,AppleUser_525,Return picked up refused,Return picked up refused: Return picked up refused: Wishlist doesn't notify me when prices drop. Please fix.,5.0,,,,,,,
as_fallback_gen_138,App Store,App Store,2026-07-25 18:38:49,AppleUser_824,Fit anxiety is real,Fit anxiety is real: Fit anxiety is real: Comparing products side-by-side in wishlist is very difficult.,2.0,,,,,,,
as_fallback_gen_139,App Store,App Store,2026-06-30 18:38:49,AppleUser_493,Unreliable fit guides,Unreliable fit guides: Unreliable fit guides: The app works fine but sizing varies too much between brands.,4.0,,,,,,,
as_fallback_gen_140,App Store,App Store,2026-06-28 18:38:49,AppleUser_420,Horrible size charts,Horrible size charts: Horrible size charts: Great discounts but some brands have poor fabric quality.,5.0,,,,,,,
as_fallback_gen_141,App Store,App Store,2026-07-21 18:38:49,AppleUser_104,Strict returns policy,Strict returns policy: Strict returns policy: Roadster fits completely different from Here&Now. Sizing is so inconsistent.,2.0,,,,,,,
as_fallback_gen_142,App Store,App Store,2026-08-01 18:38:49,AppleUser_832,Horrible size charts,Horrible size charts: Horrible size charts: I wanted to buy a dress for pooja but S size went out of stock in 1 hour.,2.0,,,,,,,
as_fallback_gen_143,App Store,App Store,2026-08-22 18:38:49,AppleUser_734,Strict returns policy,Strict returns policy: Strict returns policy: The app works fine but sizing varies too much between brands.,3.0,,,,,,,
as_fallback_gen_144,App Store,App Store,2026-07-28 18:38:49,AppleUser_501,Confusing sizing,Confusing sizing: Confusing sizing: Comparing products side-by-side in wishlist is very difficult.,2.0,,,,,,,
as_fallback_gen_145,App Store,App Store,2026-08-21 18:38:49,AppleUser_482,Unreliable fit guides,Unreliable fit guides: Unreliable fit guides: Roadster fits completely different from Here&Now. Sizing is so inconsistent.,4.0,,,,,,,
as_fallback_gen_146,App Store,App Store,2026-06-29 18:38:49,AppleUser_256,Wishlisted but sold out,Wishlisted but sold out: Wishlisted but sold out: Returns process is getting complicated day by day.,2.0,,,,,,,
as_fallback_gen_147,App Store,App Store,2026-07-24 18:38:49,AppleUser_863,Love the clothing range,Love the clothing range: Love the clothing range: Size guide is completely confusing. Fit check reviews are missing.,3.0,,,,,,,
as_fallback_gen_148,App Store,App Store,2026-08-04 18:38:49,AppleUser_275,Strict returns policy,Strict returns policy: Strict returns policy: Return pick up is very slow. Driver is extremely rude about tag folds.,3.0,,,,,,,
as_fallback_gen_149,App Store,App Store,2026-06-01 18:38:49,AppleUser_783,Great shopping app,Great shopping app: Great shopping app: The clothes look thick and premium in photos but are very transparent.,4.0,,,,,,,
as_01,App Store,App Store,2026-08-11 10:00:00,Fashionista_99,Uncertain about styling,"Uncertain about styling: I have a lot of items in my wishlist, mostly unique crop tops and skirts. However, I hesitate to purchase because I don't know how to style them or what they will look like together. I wish Myntra had a feature to mix-and-match wishlisted items to see if they make a good outfit.",4.0,,,,,,,
as_02,App Store,App Store,2026-08-12 16:45:00,Karan_M,Need second opinions,"Need second opinions: Whenever I wishlist formal shirts, I want to get my friends' feedback before buying. But sharing wishlisted items is very clunky. It just sends individual links. I wish we could share a collaborative wishlist folder so they could vote on what looks best. So I keep them saved and forget to buy.",3.0,,,,,,,
as_03,App Store,App Store,2026-08-13 13:20:00,Riya_Kapoor,Size fit is a major worry,"Size fit is a major worry: Added a couple of jeans to my wishlist. But denim fit is so tricky. I am between sizes 28 and 30. Without a virtual fitting room or detailed reviews from people with my exact height and weight, I just don't feel confident buying. I ended up purchasing from a retail store instead where I could try them on.",3.0,,,,,,,
as_04,App Store,App Store,2026-08-14 08:30:00,AppUser102,App crashes during checkout,App crashes during checkout: The app crashed three times when I tried to pay for items in my cart. Please fix the iOS app crash issues. Very frustrating experience.,2.0,,,,,,,
as_05,App Store,App Store,2026-08-15 19:10:00,Siddharth_G,Price is high but waiting for reviews,"Price is high but waiting for reviews: I wishlisted a premium leather jacket. It is quite expensive, so I want to be 100% sure about the quality. But there are no user reviews or photos on the product page. I'm not going to buy an expensive item blindly. Still waiting in my wishlist for someone to review it.",3.0,,,,,,,
t1_rd01,Reddit,Reddit,2026-08-12 12:00:00,StyleEnthusiast,,"Honestly, my Myntra wishlist is just an aspirational board. I add stuff I like but will never buy because they are too expensive or don't fit my daily casual lifestyle. I wish there was a filter to separate my 'aspirational' wishlist from things I actually intend to buy for upcoming occasions.",,https://reddit.com/r/IndianFashionAddicts/comments/xyz/comment/rd01/,,,IndianFashionAddicts,,45.0,
t1_rd02,Reddit,Reddit,2026-08-13 12:00:00,Curious_Shopper,,"Does anyone else wishlist shoes on Myntra and then search for real-life reviews on YouTube before buying? I do this because the product photos on the app are highly edited and studio-lit. I want to see how the sneakers look in natural daylight. If I don't find a video, I just leave them in my wishlist forever.",,https://reddit.com/r/IndianFashionAddicts/comments/xyz/comment/rd02/,,,IndianFashionAddicts,,12.0,
t1_rd03,Reddit,Reddit,2026-08-14 12:00:00,Puzzled_User,,"I have about 8 kurtas in my wishlist for an upcoming family pooja. I want to buy just one, but comparing them is such a headache. I have to open 8 different tabs, check their fabrics, length, reviews, and delivery dates. I got so overwhelmed by the comparison process that I closed the app and didn't buy anything.",,https://reddit.com/r/shopping/comments/abc/comment/rd03/,,,shopping,,28.0,
t1_rd04,Reddit,Reddit,2026-08-15 12:00:00,BargainHunter,,"Myntra customer support is terrible. I returned a defective shirt and they are refusing to refund my money, saying the tag was missing. I will never buy from them again. Deleting my wishlist.",,https://reddit.com/r/shopping/comments/abc/comment/rd04/,,,shopping,,-2.0,
t1_rd05,Reddit,Reddit,2026-08-16 12:00:00,FitSeeker,,"I wishlisted a blazer on Myntra. I'm hesitant to order because blazer tailoring is very sensitive. If the shoulders are loose or sleeves are long, it looks bad. I wish Myntra had a virtual body model where I could enter my chest, shoulder, and height measurements to see a 3D fit visualization. That would make me checkout immediately.",,https://reddit.com/r/IndianFashionAddicts/comments/lmn/comment/rd05/,,,IndianFashionAddicts,,67.0,
t1_gen_rd_0,Reddit,Reddit,2026-06-01 13:08:59,RetailTherapy,,"Just a heads up guys, trying to return apparel on Myntra is a nightmare. The size chart says M but reviews say it fits like XS. Is this item actually worth the price?",,https://reddit.com/r/shopping/comments/abc/comment/gen_0/,,,IndianFashionAddicts,,38.0,
t1_gen_rd_1,Reddit,Reddit,2026-08-04 13:08:59,StyleSeeker,,So I was trying to buy some clothes on Myntra and I have 30 items in my wishlist but never checkout. I have a lot of items in my wishlist but the price keeps changing. Is this item actually worth the price?,,https://reddit.com/r/shopping/comments/abc/comment/gen_1/,,,IndianFashionAddicts,,117.0,
t1_gen_rd_2,Reddit,Reddit,2026-06-18 13:08:59,DenimLover,,Need some advice on online shopping: trying to return apparel on Myntra is a nightmare. I have a lot of items in my wishlist but the price keeps changing. Is Ajio better for fit accuracy?,,https://reddit.com/r/shopping/comments/abc/comment/gen_2/,,,IndianFashionAddicts,,33.0,
t1_gen_rd_3,Reddit,Reddit,2026-06-15 13:08:59,FitCheck,,"Quick question for the community here, Myntra's sizing for Roadster is so confusing. The fabric looks thick in photos but in reality it's very thin and transparent. Is this item actually worth the price?",,https://reddit.com/r/shopping/comments/abc/comment/gen_3/,,,IndianFashionAddicts,,99.0,
t1_gen_rd_4,Reddit,Reddit,2026-06-08 13:08:59,DenimLover,,Has anyone else noticed that trying to return apparel on Myntra is a nightmare. Sizing variation across different brands makes it impossible to decide. How has your return experience been lately?,,https://reddit.com/r/shopping/comments/abc/comment/gen_4/,,,shopping,,33.0,
t1_gen_rd_5,Reddit,Reddit,2026-07-07 13:08:59,StyleSeeker,,"Quick question for the community here, I have 30 items in my wishlist but never checkout. The size chart says M but reviews say it fits like XS. Is Ajio better for fit accuracy?",,https://reddit.com/r/shopping/comments/abc/comment/gen_5/,,,IndianFashionAddicts,,79.0,
t1_gen_rd_6,Reddit,Reddit,2026-08-13 13:08:59,FitCheck,,Need some advice on online shopping: buying western wear online in India is such a headache. The size chart says M but reviews say it fits like XS. Should I buy size M or just go one size larger?,,https://reddit.com/r/shopping/comments/abc/comment/gen_6/,,,shopping,,3.0,
t1_gen_rd_7,Reddit,Reddit,2026-06-17 13:08:59,ShoppingAddict,,"Just a heads up guys, trying to return apparel on Myntra is a nightmare. The size chart says M but reviews say it fits like XS. Should I buy size M or just go one size larger?",,https://reddit.com/r/shopping/comments/abc/comment/gen_7/,,,shopping,,59.0,
t1_gen_rd_8,Reddit,Reddit,2026-06-14 13:08:59,TrendSetter,,"Hey everyone, trying to return apparel on Myntra is a nightmare. The fabric looks thick in photos but in reality it's very thin and transparent. How has your return experience been lately?",,https://reddit.com/r/shopping/comments/abc/comment/gen_8/,,,IndianFashionAddicts,,69.0,
t1_gen_rd_9,Reddit,Reddit,2026-07-16 13:08:59,DenimLover,,"Hey everyone, I have 30 items in my wishlist but never checkout. Sizing variation across different brands makes it impossible to decide. Let me know if you faced similar issues!",,https://reddit.com/r/shopping/comments/abc/comment/gen_9/,,,shopping,,111.0,
t1_gen_rd_10,Reddit,Reddit,2026-06-07 13:08:59,FashionGuru,,Need some advice on online shopping: I have 30 items in my wishlist but never checkout. The return pickup driver refused it because of a slight tag fold. Let me know if you faced similar issues!,,https://reddit.com/r/shopping/comments/abc/comment/gen_10/,,,shopping,,115.0,
t1_gen_rd_11,Reddit,Reddit,2026-07-21 13:08:59,TrendSetter,,Need some advice on online shopping: buying western wear online in India is such a headache. I have a lot of items in my wishlist but the price keeps changing. Is Ajio better for fit accuracy?,,https://reddit.com/r/shopping/comments/abc/comment/gen_11/,,,shopping,,52.0,
t1_gen_rd_12,Reddit,Reddit,2026-06-15 13:08:59,FitCheck,,So I was trying to buy some clothes on Myntra and buying western wear online in India is such a headache. I keep comparing 5 different kurtis but choice overload is real. Any recommendations on what I should do?,,https://reddit.com/r/shopping/comments/abc/comment/gen_12/,,,IndianFashionAddicts,,16.0,
t1_gen_rd_13,Reddit,Reddit,2026-07-01 13:08:59,DenimLover,,Need some advice on online shopping: I have 30 items in my wishlist but never checkout. Sizing variation across different brands makes it impossible to decide. Should I buy size M or just go one size larger?,,https://reddit.com/r/shopping/comments/abc/comment/gen_13/,,,shopping,,69.0,
t1_gen_rd_14,Reddit,Reddit,2026-06-28 13:08:59,FitCheck,,"Just a heads up guys, trying to return apparel on Myntra is a nightmare. Sizing variation across different brands makes it impossible to decide. Is this item actually worth the price?",,https://reddit.com/r/shopping/comments/abc/comment/gen_14/,,,shopping,,59.0,
t1_gen_rd_15,Reddit,Reddit,2026-06-17 13:08:59,StyleSeeker,,Need some advice on online shopping: buying western wear online in India is such a headache. The return pickup driver refused it because of a slight tag fold. How has your return experience been lately?,,https://reddit.com/r/shopping/comments/abc/comment/gen_15/,,,IndianFashionAddicts,,56.0,
t1_gen_rd_16,Reddit,Reddit,2026-08-21 13:08:59,TrendSetter,,"Hey everyone, trying to return apparel on Myntra is a nightmare. The return pickup driver refused it because of a slight tag fold. How has your return experience been lately?",,https://reddit.com/r/shopping/comments/abc/comment/gen_16/,,,IndianFashionAddicts,,52.0,
t1_gen_rd_17,Reddit,Reddit,2026-05-30 13:08:59,KurtiQueen,,Has anyone else noticed that trying to return apparel on Myntra is a nightmare. The fabric looks thick in photos but in reality it's very thin and transparent. Any recommendations on what I should do?,,https://reddit.com/r/shopping/comments/abc/comment/gen_17/,,,IndianFashionAddicts,,113.0,
t1_gen_rd_18,Reddit,Reddit,2026-08-20 13:08:59,StyleSeeker,,Has anyone else noticed that I have 30 items in my wishlist but never checkout. I have a lot of items in my wishlist but the price keeps changing. Let me know if you faced similar issues!,,https://reddit.com/r/shopping/comments/abc/comment/gen_18/,,,IndianFashionAddicts,,74.0,
t1_gen_rd_19,Reddit,Reddit,2026-08-13 13:08:59,FashionGuru,,Has anyone else noticed that I have 30 items in my wishlist but never checkout. I have a lot of items in my wishlist but the price keeps changing. Is Ajio better for fit accuracy?,,https://reddit.com/r/shopping/comments/abc/comment/gen_19/,,,shopping,,113.0,
t1_gen_rd_20,Reddit,Reddit,2026-05-27 13:08:59,FitCheck,,"Hey everyone, trying to return apparel on Myntra is a nightmare. The fabric looks thick in photos but in reality it's very thin and transparent. Any recommendations on what I should do?",,https://reddit.com/r/shopping/comments/abc/comment/gen_20/,,,shopping,,108.0,
t1_gen_rd_21,Reddit,Reddit,2026-08-06 13:08:59,StyleSeeker,,"Quick question for the community here, comparing products on Myntra vs Ajio is exhausting. I have a lot of items in my wishlist but the price keeps changing. Should I buy size M or just go one size larger?",,https://reddit.com/r/shopping/comments/abc/comment/gen_21/,,,shopping,,61.0,
t1_gen_rd_22,Reddit,Reddit,2026-06-09 13:08:59,TrendSetter,,"Hey everyone, Myntra's sizing for Roadster is so confusing. Sizing variation across different brands makes it impossible to decide. How has your return experience been lately?",,https://reddit.com/r/shopping/comments/abc/comment/gen_22/,,,shopping,,26.0,
t1_gen_rd_23,Reddit,Reddit,2026-07-16 13:08:59,KurtiQueen,,"Quick question for the community here, I have 30 items in my wishlist but never checkout. The size chart says M but reviews say it fits like XS. Let me know if you faced similar issues!",,https://reddit.com/r/shopping/comments/abc/comment/gen_23/,,,IndianFashionAddicts,,119.0,
t1_gen_rd_24,Reddit,Reddit,2026-08-23 13:08:59,DenimLover,,So I was trying to buy some clothes on Myntra and Myntra's sizing for Roadster is so confusing. Sizing variation across different brands makes it impossible to decide. Is this item actually worth the price?,,https://reddit.com/r/shopping/comments/abc/comment/gen_24/,,,IndianFashionAddicts,,30.0,
t1_gen_rd_25,Reddit,Reddit,2026-06-14 13:08:59,DenimLover,,Need some advice on online shopping: sizing charts for Mast & Harbour are completely wrong. The fabric looks thick in photos but in reality it's very thin and transparent. Should I buy size M or just go one size larger?,,https://reddit.com/r/shopping/comments/abc/comment/gen_25/,,,shopping,,56.0,
t1_gen_rd_26,Reddit,Reddit,2026-07-17 13:08:59,KurtiQueen,,Need some advice on online shopping: sizing charts for Mast & Harbour are completely wrong. I keep comparing 5 different kurtis but choice overload is real. Is this item actually worth the price?,,https://reddit.com/r/shopping/comments/abc/comment/gen_26/,,,shopping,,13.0,
t1_gen_rd_27,Reddit,Reddit,2026-08-18 13:08:59,FitCheck,,"Just a heads up guys, trying to return apparel on Myntra is a nightmare. The fabric looks thick in photos but in reality it's very thin and transparent. How has your return experience been lately?",,https://reddit.com/r/shopping/comments/abc/comment/gen_27/,,,IndianFashionAddicts,,93.0,
t1_gen_rd_28,Reddit,Reddit,2026-08-07 13:08:59,FitCheck,,"Hey everyone, trying to return apparel on Myntra is a nightmare. Sizing variation across different brands makes it impossible to decide. Should I buy size M or just go one size larger?",,https://reddit.com/r/shopping/comments/abc/comment/gen_28/,,,shopping,,82.0,
t1_gen_rd_29,Reddit,Reddit,2026-08-23 13:08:59,ShoppingAddict,,So I was trying to buy some clothes on Myntra and I have 30 items in my wishlist but never checkout. I have a lot of items in my wishlist but the price keeps changing. Is Ajio better for fit accuracy?,,https://reddit.com/r/shopping/comments/abc/comment/gen_29/,,,IndianFashionAddicts,,112.0,
t1_gen_rd_30,Reddit,Reddit,2026-06-25 13:08:59,TrendSetter,,"Quick question for the community here, Myntra's sizing for Roadster is so confusing. I have a lot of items in my wishlist but the price keeps changing. Is this item actually worth the price?",,https://reddit.com/r/shopping/comments/abc/comment/gen_30/,,,shopping,,116.0,
t1_gen_rd_31,Reddit,Reddit,2026-07-22 13:08:59,DenimLover,,Has anyone else noticed that trying to return apparel on Myntra is a nightmare. I have a lot of items in my wishlist but the price keeps changing. Any recommendations on what I should do?,,https://reddit.com/r/shopping/comments/abc/comment/gen_31/,,,IndianFashionAddicts,,33.0,
t1_gen_rd_32,Reddit,Reddit,2026-07-03 13:08:59,FashionGuru,,So I was trying to buy some clothes on Myntra and Myntra's sizing for Roadster is so confusing. I have a lot of items in my wishlist but the price keeps changing. Let me know if you faced similar issues!,,https://reddit.com/r/shopping/comments/abc/comment/gen_32/,,,shopping,,45.0,
t1_gen_rd_33,Reddit,Reddit,2026-06-16 13:08:59,FitCheck,,Has anyone else noticed that Myntra's sizing for Roadster is so confusing. The return pickup driver refused it because of a slight tag fold. Is this item actually worth the price?,,https://reddit.com/r/shopping/comments/abc/comment/gen_33/,,,shopping,,76.0,
t1_gen_rd_34,Reddit,Reddit,2026-06-06 13:08:59,StyleSeeker,,So I was trying to buy some clothes on Myntra and Myntra's sizing for Roadster is so confusing. The fabric looks thick in photos but in reality it's very thin and transparent. Should I buy size M or just go one size larger?,,https://reddit.com/r/shopping/comments/abc/comment/gen_34/,,,shopping,,119.0,
t1_gen_rd_35,Reddit,Reddit,2026-06-05 13:08:59,FashionGuru,,"Hey everyone, Myntra's sizing for Roadster is so confusing. The return pickup driver refused it because of a slight tag fold. Is Ajio better for fit accuracy?",,https://reddit.com/r/shopping/comments/abc/comment/gen_35/,,,IndianFashionAddicts,,113.0,
t1_gen_rd_36,Reddit,Reddit,2026-06-18 13:08:59,TrendSetter,,Need some advice on online shopping: Myntra's sizing for Roadster is so confusing. I have a lot of items in my wishlist but the price keeps changing. Should I buy size M or just go one size larger?,,https://reddit.com/r/shopping/comments/abc/comment/gen_36/,,,IndianFashionAddicts,,13.0,
t1_gen_rd_37,Reddit,Reddit,2026-07-13 13:08:59,StyleSeeker,,Has anyone else noticed that trying to return apparel on Myntra is a nightmare. I have a lot of items in my wishlist but the price keeps changing. Is this item actually worth the price?,,https://reddit.com/r/shopping/comments/abc/comment/gen_37/,,,IndianFashionAddicts,,78.0,
t1_gen_rd_38,Reddit,Reddit,2026-07-16 13:08:59,DenimLover,,So I was trying to buy some clothes on Myntra and sizing charts for Mast & Harbour are completely wrong. The size chart says M but reviews say it fits like XS. Is this item actually worth the price?,,https://reddit.com/r/shopping/comments/abc/comment/gen_38/,,,shopping,,60.0,
t1_gen_rd_39,Reddit,Reddit,2026-08-11 13:08:59,FashionGuru,,Need some advice on online shopping: comparing products on Myntra vs Ajio is exhausting. I keep comparing 5 different kurtis but choice overload is real. Is this item actually worth the price?,,https://reddit.com/r/shopping/comments/abc/comment/gen_39/,,,IndianFashionAddicts,,65.0,
t1_gen_rd_40,Reddit,Reddit,2026-06-20 13:08:59,FashionGuru,,"Just a heads up guys, I have 30 items in my wishlist but never checkout. The return pickup driver refused it because of a slight tag fold. Is this item actually worth the price?",,https://reddit.com/r/shopping/comments/abc/comment/gen_40/,,,IndianFashionAddicts,,22.0,
t1_gen_rd_41,Reddit,Reddit,2026-07-08 13:08:59,FitCheck,,Has anyone else noticed that I have 30 items in my wishlist but never checkout. Sizing variation across different brands makes it impossible to decide. Any recommendations on what I should do?,,https://reddit.com/r/shopping/comments/abc/comment/gen_41/,,,shopping,,14.0,
t1_gen_rd_42,Reddit,Reddit,2026-07-15 13:08:59,RetailTherapy,,"Hey everyone, buying western wear online in India is such a headache. I keep comparing 5 different kurtis but choice overload is real. Is this item actually worth the price?",,https://reddit.com/r/shopping/comments/abc/comment/gen_42/,,,IndianFashionAddicts,,56.0,
t1_gen_rd_43,Reddit,Reddit,2026-08-15 13:08:59,DenimLover,,"Just a heads up guys, comparing products on Myntra vs Ajio is exhausting. I have a lot of items in my wishlist but the price keeps changing. Should I buy size M or just go one size larger?",,https://reddit.com/r/shopping/comments/abc/comment/gen_43/,,,shopping,,51.0,
t1_gen_rd_44,Reddit,Reddit,2026-07-18 13:08:59,TrendSetter,,"Quick question for the community here, Myntra's sizing for Roadster is so confusing. The fabric looks thick in photos but in reality it's very thin and transparent. How has your return experience been lately?",,https://reddit.com/r/shopping/comments/abc/comment/gen_44/,,,shopping,,100.0,
t1_gen_rd_45,Reddit,Reddit,2026-06-27 13:08:59,DenimLover,,So I was trying to buy some clothes on Myntra and comparing products on Myntra vs Ajio is exhausting. Sizing variation across different brands makes it impossible to decide. Is Ajio better for fit accuracy?,,https://reddit.com/r/shopping/comments/abc/comment/gen_45/,,,shopping,,60.0,
t1_gen_rd_46,Reddit,Reddit,2026-06-04 13:08:59,KurtiQueen,,"Quick question for the community here, buying western wear online in India is such a headache. The fabric looks thick in photos but in reality it's very thin and transparent. Is Ajio better for fit accuracy?",,https://reddit.com/r/shopping/comments/abc/comment/gen_46/,,,shopping,,41.0,
t1_gen_rd_47,Reddit,Reddit,2026-05-28 13:08:59,FitCheck,,Need some advice on online shopping: Myntra's sizing for Roadster is so confusing. The size chart says M but reviews say it fits like XS. Let me know if you faced similar issues!,,https://reddit.com/r/shopping/comments/abc/comment/gen_47/,,,IndianFashionAddicts,,74.0,
t1_gen_rd_48,Reddit,Reddit,2026-06-29 13:08:59,FashionGuru,,Has anyone else noticed that Myntra's sizing for Roadster is so confusing. Sizing variation across different brands makes it impossible to decide. Let me know if you faced similar issues!,,https://reddit.com/r/shopping/comments/abc/comment/gen_48/,,,IndianFashionAddicts,,16.0,
t1_gen_rd_49,Reddit,Reddit,2026-08-18 13:08:59,FashionGuru,,"Just a heads up guys, buying western wear online in India is such a headache. The fabric looks thick in photos but in reality it's very thin and transparent. Is Ajio better for fit accuracy?",,https://reddit.com/r/shopping/comments/abc/comment/gen_49/,,,IndianFashionAddicts,,79.0,
t1_gen_rd_50,Reddit,Reddit,2026-07-12 13:08:59,StyleSeeker,,"Quick question for the community here, Myntra's sizing for Roadster is so confusing. The size chart says M but reviews say it fits like XS. Should I buy size M or just go one size larger?",,https://reddit.com/r/shopping/comments/abc/comment/gen_50/,,,shopping,,103.0,
t1_gen_rd_51,Reddit,Reddit,2026-06-14 13:08:59,TrendSetter,,"Just a heads up guys, comparing products on Myntra vs Ajio is exhausting. The fabric looks thick in photos but in reality it's very thin and transparent. Should I buy size M or just go one size larger?",,https://reddit.com/r/shopping/comments/abc/comment/gen_51/,,,IndianFashionAddicts,,2.0,
t1_gen_rd_52,Reddit,Reddit,2026-07-22 13:08:59,DenimLover,,"Just a heads up guys, buying western wear online in India is such a headache. The return pickup driver refused it because of a slight tag fold. Is this item actually worth the price?",,https://reddit.com/r/shopping/comments/abc/comment/gen_52/,,,shopping,,4.0,
t1_gen_rd_53,Reddit,Reddit,2026-06-30 13:08:59,StyleSeeker,,"Quick question for the community here, sizing charts for Mast & Harbour are completely wrong. I keep comparing 5 different kurtis but choice overload is real. How has your return experience been lately?",,https://reddit.com/r/shopping/comments/abc/comment/gen_53/,,,IndianFashionAddicts,,37.0,
t1_gen_rd_54,Reddit,Reddit,2026-07-17 13:08:59,StyleSeeker,,"Quick question for the community here, sizing charts for Mast & Harbour are completely wrong. Sizing variation across different brands makes it impossible to decide. Is Ajio better for fit accuracy?",,https://reddit.com/r/shopping/comments/abc/comment/gen_54/,,,shopping,,91.0,
t1_gen_rd_55,Reddit,Reddit,2026-08-11 13:08:59,FitCheck,,Need some advice on online shopping: comparing products on Myntra vs Ajio is exhausting. I keep comparing 5 different kurtis but choice overload is real. Let me know if you faced similar issues!,,https://reddit.com/r/shopping/comments/abc/comment/gen_55/,,,shopping,,48.0,
t1_gen_rd_56,Reddit,Reddit,2026-07-31 13:08:59,ShoppingAddict,,"Hey everyone, sizing charts for Mast & Harbour are completely wrong. The fabric looks thick in photos but in reality it's very thin and transparent. Is Ajio better for fit accuracy?",,https://reddit.com/r/shopping/comments/abc/comment/gen_56/,,,shopping,,97.0,
t1_gen_rd_57,Reddit,Reddit,2026-07-03 13:08:59,TrendSetter,,"Hey everyone, I have 30 items in my wishlist but never checkout. Sizing variation across different brands makes it impossible to decide. Should I buy size M or just go one size larger?",,https://reddit.com/r/shopping/comments/abc/comment/gen_57/,,,IndianFashionAddicts,,3.0,
t1_gen_rd_58,Reddit,Reddit,2026-07-06 13:08:59,FashionGuru,,Has anyone else noticed that I have 30 items in my wishlist but never checkout. I have a lot of items in my wishlist but the price keeps changing. Should I buy size M or just go one size larger?,,https://reddit.com/r/shopping/comments/abc/comment/gen_58/,,,IndianFashionAddicts,,57.0,
t1_gen_rd_59,Reddit,Reddit,2026-08-05 13:08:59,DenimLover,,"Just a heads up guys, trying to return apparel on Myntra is a nightmare. The return pickup driver refused it because of a slight tag fold. Should I buy size M or just go one size larger?",,https://reddit.com/r/shopping/comments/abc/comment/gen_59/,,,IndianFashionAddicts,,96.0,
t1_gen_rd_60,Reddit,Reddit,2026-07-22 13:08:59,FitCheck,,So I was trying to buy some clothes on Myntra and I have 30 items in my wishlist but never checkout. I have a lot of items in my wishlist but the price keeps changing. How has your return experience been lately?,,https://reddit.com/r/shopping/comments/abc/comment/gen_60/,,,shopping,,117.0,
t1_gen_rd_61,Reddit,Reddit,2026-07-21 13:08:59,KurtiQueen,,"Just a heads up guys, sizing charts for Mast & Harbour are completely wrong. The return pickup driver refused it because of a slight tag fold. Should I buy size M or just go one size larger?",,https://reddit.com/r/shopping/comments/abc/comment/gen_61/,,,IndianFashionAddicts,,55.0,
t1_gen_rd_62,Reddit,Reddit,2026-08-19 13:08:59,ShoppingAddict,,Has anyone else noticed that Myntra's sizing for Roadster is so confusing. I have a lot of items in my wishlist but the price keeps changing. Is Ajio better for fit accuracy?,,https://reddit.com/r/shopping/comments/abc/comment/gen_62/,,,IndianFashionAddicts,,7.0,
t1_gen_rd_63,Reddit,Reddit,2026-08-14 13:08:59,KurtiQueen,,So I was trying to buy some clothes on Myntra and sizing charts for Mast & Harbour are completely wrong. The return pickup driver refused it because of a slight tag fold. Any recommendations on what I should do?,,https://reddit.com/r/shopping/comments/abc/comment/gen_63/,,,IndianFashionAddicts,,114.0,
t1_gen_rd_64,Reddit,Reddit,2026-05-31 13:08:59,FashionGuru,,"Just a heads up guys, buying western wear online in India is such a headache. The return pickup driver refused it because of a slight tag fold. Should I buy size M or just go one size larger?",,https://reddit.com/r/shopping/comments/abc/comment/gen_64/,,,IndianFashionAddicts,,106.0,
t1_gen_rd_65,Reddit,Reddit,2026-08-07 13:08:59,FashionGuru,,"Just a heads up guys, I have 30 items in my wishlist but never checkout. The size chart says M but reviews say it fits like XS. How has your return experience been lately?",,https://reddit.com/r/shopping/comments/abc/comment/gen_65/,,,shopping,,28.0,
t1_gen_rd_66,Reddit,Reddit,2026-05-31 13:08:59,DenimLover,,Has anyone else noticed that I have 30 items in my wishlist but never checkout. The fabric looks thick in photos but in reality it's very thin and transparent. Let me know if you faced similar issues!,,https://reddit.com/r/shopping/comments/abc/comment/gen_66/,,,IndianFashionAddicts,,43.0,
t1_gen_rd_67,Reddit,Reddit,2026-08-02 13:08:59,ShoppingAddict,,Need some advice on online shopping: Myntra's sizing for Roadster is so confusing. The size chart says M but reviews say it fits like XS. Should I buy size M or just go one size larger?,,https://reddit.com/r/shopping/comments/abc/comment/gen_67/,,,shopping,,78.0,
t1_gen_rd_68,Reddit,Reddit,2026-07-29 13:08:59,ShoppingAddict,,Has anyone else noticed that comparing products on Myntra vs Ajio is exhausting. Sizing variation across different brands makes it impossible to decide. Is Ajio better for fit accuracy?,,https://reddit.com/r/shopping/comments/abc/comment/gen_68/,,,IndianFashionAddicts,,27.0,
t1_gen_rd_69,Reddit,Reddit,2026-06-19 13:08:59,FitCheck,,Has anyone else noticed that buying western wear online in India is such a headache. The fabric looks thick in photos but in reality it's very thin and transparent. Is Ajio better for fit accuracy?,,https://reddit.com/r/shopping/comments/abc/comment/gen_69/,,,shopping,,89.0,
t1_gen_rd_70,Reddit,Reddit,2026-07-02 13:08:59,DenimLover,,"Quick question for the community here, sizing charts for Mast & Harbour are completely wrong. The fabric looks thick in photos but in reality it's very thin and transparent. How has your return experience been lately?",,https://reddit.com/r/shopping/comments/abc/comment/gen_70/,,,shopping,,112.0,
t1_gen_rd_71,Reddit,Reddit,2026-06-30 13:08:59,FashionGuru,,So I was trying to buy some clothes on Myntra and I have 30 items in my wishlist but never checkout. Sizing variation across different brands makes it impossible to decide. Should I buy size M or just go one size larger?,,https://reddit.com/r/shopping/comments/abc/comment/gen_71/,,,IndianFashionAddicts,,42.0,
t1_gen_rd_72,Reddit,Reddit,2026-06-16 13:08:59,TrendSetter,,Has anyone else noticed that trying to return apparel on Myntra is a nightmare. The fabric looks thick in photos but in reality it's very thin and transparent. Should I buy size M or just go one size larger?,,https://reddit.com/r/shopping/comments/abc/comment/gen_72/,,,shopping,,117.0,
t1_gen_rd_73,Reddit,Reddit,2026-08-01 13:08:59,FitCheck,,"Quick question for the community here, Myntra's sizing for Roadster is so confusing. The return pickup driver refused it because of a slight tag fold. Should I buy size M or just go one size larger?",,https://reddit.com/r/shopping/comments/abc/comment/gen_73/,,,IndianFashionAddicts,,114.0,
t1_gen_rd_74,Reddit,Reddit,2026-06-29 13:08:59,FashionGuru,,"Just a heads up guys, I have 30 items in my wishlist but never checkout. The fabric looks thick in photos but in reality it's very thin and transparent. Let me know if you faced similar issues!",,https://reddit.com/r/shopping/comments/abc/comment/gen_74/,,,IndianFashionAddicts,,109.0,
t1_gen_rd_75,Reddit,Reddit,2026-06-15 13:08:59,TrendSetter,,"Hey everyone, buying western wear online in India is such a headache. The return pickup driver refused it because of a slight tag fold. Should I buy size M or just go one size larger?",,https://reddit.com/r/shopping/comments/abc/comment/gen_75/,,,IndianFashionAddicts,,7.0,
t1_gen_rd_76,Reddit,Reddit,2026-07-12 13:08:59,FitCheck,,"Just a heads up guys, sizing charts for Mast & Harbour are completely wrong. I have a lot of items in my wishlist but the price keeps changing. Is this item actually worth the price?",,https://reddit.com/r/shopping/comments/abc/comment/gen_76/,,,IndianFashionAddicts,,110.0,
t1_gen_rd_77,Reddit,Reddit,2026-07-27 13:08:59,DenimLover,,Need some advice on online shopping: comparing products on Myntra vs Ajio is exhausting. The fabric looks thick in photos but in reality it's very thin and transparent. Let me know if you faced similar issues!,,https://reddit.com/r/shopping/comments/abc/comment/gen_77/,,,shopping,,80.0,
t1_gen_rd_78,Reddit,Reddit,2026-06-24 13:08:59,FashionGuru,,Need some advice on online shopping: I have 30 items in my wishlist but never checkout. I have a lot of items in my wishlist but the price keeps changing. Should I buy size M or just go one size larger?,,https://reddit.com/r/shopping/comments/abc/comment/gen_78/,,,IndianFashionAddicts,,21.0,
t1_gen_rd_79,Reddit,Reddit,2026-06-21 13:08:59,DenimLover,,Need some advice on online shopping: trying to return apparel on Myntra is a nightmare. The fabric looks thick in photos but in reality it's very thin and transparent. Let me know if you faced similar issues!,,https://reddit.com/r/shopping/comments/abc/comment/gen_79/,,,IndianFashionAddicts,,86.0,
t1_gen_rd_80,Reddit,Reddit,2026-06-02 13:08:59,ShoppingAddict,,So I was trying to buy some clothes on Myntra and trying to return apparel on Myntra is a nightmare. I have a lot of items in my wishlist but the price keeps changing. Is this item actually worth the price?,,https://reddit.com/r/shopping/comments/abc/comment/gen_80/,,,shopping,,13.0,
t1_gen_rd_81,Reddit,Reddit,2026-08-15 13:08:59,TrendSetter,,"Just a heads up guys, sizing charts for Mast & Harbour are completely wrong. The size chart says M but reviews say it fits like XS. Is this item actually worth the price?",,https://reddit.com/r/shopping/comments/abc/comment/gen_81/,,,IndianFashionAddicts,,113.0,
t1_gen_rd_82,Reddit,Reddit,2026-06-02 13:08:59,RetailTherapy,,So I was trying to buy some clothes on Myntra and Myntra's sizing for Roadster is so confusing. I keep comparing 5 different kurtis but choice overload is real. Should I buy size M or just go one size larger?,,https://reddit.com/r/shopping/comments/abc/comment/gen_82/,,,IndianFashionAddicts,,48.0,
t1_gen_rd_83,Reddit,Reddit,2026-06-04 13:08:59,FashionGuru,,"Hey everyone, I have 30 items in my wishlist but never checkout. Sizing variation across different brands makes it impossible to decide. Is this item actually worth the price?",,https://reddit.com/r/shopping/comments/abc/comment/gen_83/,,,shopping,,103.0,
t1_gen_rd_84,Reddit,Reddit,2026-07-19 13:08:59,FashionGuru,,"Hey everyone, Myntra's sizing for Roadster is so confusing. The size chart says M but reviews say it fits like XS. Any recommendations on what I should do?",,https://reddit.com/r/shopping/comments/abc/comment/gen_84/,,,IndianFashionAddicts,,30.0,
t1_gen_rd_85,Reddit,Reddit,2026-07-13 13:08:59,DenimLover,,So I was trying to buy some clothes on Myntra and buying western wear online in India is such a headache. The size chart says M but reviews say it fits like XS. Is this item actually worth the price?,,https://reddit.com/r/shopping/comments/abc/comment/gen_85/,,,IndianFashionAddicts,,61.0,
t1_gen_rd_86,Reddit,Reddit,2026-06-14 13:08:59,KurtiQueen,,"Quick question for the community here, Myntra's sizing for Roadster is so confusing. The fabric looks thick in photos but in reality it's very thin and transparent. Let me know if you faced similar issues!",,https://reddit.com/r/shopping/comments/abc/comment/gen_86/,,,shopping,,14.0,
t1_gen_rd_87,Reddit,Reddit,2026-06-08 13:08:59,FitCheck,,"Quick question for the community here, buying western wear online in India is such a headache. The return pickup driver refused it because of a slight tag fold. Is this item actually worth the price?",,https://reddit.com/r/shopping/comments/abc/comment/gen_87/,,,IndianFashionAddicts,,16.0,
t1_gen_rd_88,Reddit,Reddit,2026-08-13 13:08:59,FitCheck,,"Quick question for the community here, comparing products on Myntra vs Ajio is exhausting. The return pickup driver refused it because of a slight tag fold. Should I buy size M or just go one size larger?",,https://reddit.com/r/shopping/comments/abc/comment/gen_88/,,,IndianFashionAddicts,,42.0,
t1_gen_rd_89,Reddit,Reddit,2026-07-20 13:08:59,KurtiQueen,,Has anyone else noticed that trying to return apparel on Myntra is a nightmare. The size chart says M but reviews say it fits like XS. Is Ajio better for fit accuracy?,,https://reddit.com/r/shopping/comments/abc/comment/gen_89/,,,shopping,,3.0,
t1_gen_rd_90,Reddit,Reddit,2026-07-25 13:08:59,FashionGuru,,"Hey everyone, Myntra's sizing for Roadster is so confusing. The size chart says M but reviews say it fits like XS. How has your return experience been lately?",,https://reddit.com/r/shopping/comments/abc/comment/gen_90/,,,IndianFashionAddicts,,97.0,
t1_gen_rd_91,Reddit,Reddit,2026-07-02 13:08:59,StyleSeeker,,Need some advice on online shopping: I have 30 items in my wishlist but never checkout. I keep comparing 5 different kurtis but choice overload is real. Is this item actually worth the price?,,https://reddit.com/r/shopping/comments/abc/comment/gen_91/,,,shopping,,33.0,
t1_gen_rd_92,Reddit,Reddit,2026-06-06 13:08:59,RetailTherapy,,"Just a heads up guys, I have 30 items in my wishlist but never checkout. The fabric looks thick in photos but in reality it's very thin and transparent. How has your return experience been lately?",,https://reddit.com/r/shopping/comments/abc/comment/gen_92/,,,shopping,,81.0,
t1_gen_rd_93,Reddit,Reddit,2026-08-08 13:08:59,ShoppingAddict,,"Quick question for the community here, buying western wear online in India is such a headache. The return pickup driver refused it because of a slight tag fold. How has your return experience been lately?",,https://reddit.com/r/shopping/comments/abc/comment/gen_93/,,,IndianFashionAddicts,,28.0,
t1_gen_rd_94,Reddit,Reddit,2026-08-01 13:08:59,KurtiQueen,,So I was trying to buy some clothes on Myntra and Myntra's sizing for Roadster is so confusing. The return pickup driver refused it because of a slight tag fold. How has your return experience been lately?,,https://reddit.com/r/shopping/comments/abc/comment/gen_94/,,,shopping,,44.0,
t1_gen_rd_95,Reddit,Reddit,2026-08-18 13:08:59,TrendSetter,,Has anyone else noticed that trying to return apparel on Myntra is a nightmare. I have a lot of items in my wishlist but the price keeps changing. Let me know if you faced similar issues!,,https://reddit.com/r/shopping/comments/abc/comment/gen_95/,,,IndianFashionAddicts,,4.0,
t1_gen_rd_96,Reddit,Reddit,2026-07-18 13:08:59,TrendSetter,,"Hey everyone, Myntra's sizing for Roadster is so confusing. The return pickup driver refused it because of a slight tag fold. How has your return experience been lately?",,https://reddit.com/r/shopping/comments/abc/comment/gen_96/,,,shopping,,1.0,
t1_gen_rd_97,Reddit,Reddit,2026-05-30 13:08:59,KurtiQueen,,"Quick question for the community here, buying western wear online in India is such a headache. The size chart says M but reviews say it fits like XS. How has your return experience been lately?",,https://reddit.com/r/shopping/comments/abc/comment/gen_97/,,,shopping,,46.0,
t1_gen_rd_98,Reddit,Reddit,2026-06-02 13:08:59,RetailTherapy,,So I was trying to buy some clothes on Myntra and I have 30 items in my wishlist but never checkout. I keep comparing 5 different kurtis but choice overload is real. Let me know if you faced similar issues!,,https://reddit.com/r/shopping/comments/abc/comment/gen_98/,,,shopping,,69.0,
t1_gen_rd_99,Reddit,Reddit,2026-06-10 13:08:59,KurtiQueen,,"Hey everyone, comparing products on Myntra vs Ajio is exhausting. The fabric looks thick in photos but in reality it's very thin and transparent. Any recommendations on what I should do?",,https://reddit.com/r/shopping/comments/abc/comment/gen_99/,,,shopping,,54.0,
t1_gen_rd_100,Reddit,Reddit,2026-05-27 13:08:59,StyleSeeker,,"Hey everyone, comparing products on Myntra vs Ajio is exhausting. Sizing variation across different brands makes it impossible to decide. Any recommendations on what I should do?",,https://reddit.com/r/shopping/comments/abc/comment/gen_100/,,,IndianFashionAddicts,,37.0,
t1_gen_rd_101,Reddit,Reddit,2026-07-19 13:08:59,FitCheck,,Has anyone else noticed that I have 30 items in my wishlist but never checkout. I keep comparing 5 different kurtis but choice overload is real. Any recommendations on what I should do?,,https://reddit.com/r/shopping/comments/abc/comment/gen_101/,,,shopping,,60.0,
t1_gen_rd_102,Reddit,Reddit,2026-07-29 13:08:59,StyleSeeker,,So I was trying to buy some clothes on Myntra and sizing charts for Mast & Harbour are completely wrong. The fabric looks thick in photos but in reality it's very thin and transparent. How has your return experience been lately?,,https://reddit.com/r/shopping/comments/abc/comment/gen_102/,,,shopping,,116.0,
t1_gen_rd_103,Reddit,Reddit,2026-05-29 13:08:59,KurtiQueen,,So I was trying to buy some clothes on Myntra and comparing products on Myntra vs Ajio is exhausting. The return pickup driver refused it because of a slight tag fold. Is this item actually worth the price?,,https://reddit.com/r/shopping/comments/abc/comment/gen_103/,,,shopping,,112.0,
t1_gen_rd_104,Reddit,Reddit,2026-08-17 13:08:59,TrendSetter,,Need some advice on online shopping: I have 30 items in my wishlist but never checkout. Sizing variation across different brands makes it impossible to decide. Is Ajio better for fit accuracy?,,https://reddit.com/r/shopping/comments/abc/comment/gen_104/,,,IndianFashionAddicts,,39.0,
t1_gen_rd_105,Reddit,Reddit,2026-08-10 13:08:59,RetailTherapy,,"Quick question for the community here, sizing charts for Mast & Harbour are completely wrong. Sizing variation across different brands makes it impossible to decide. How has your return experience been lately?",,https://reddit.com/r/shopping/comments/abc/comment/gen_105/,,,IndianFashionAddicts,,72.0,
t1_gen_rd_106,Reddit,Reddit,2026-06-09 13:08:59,StyleSeeker,,So I was trying to buy some clothes on Myntra and buying western wear online in India is such a headache. The return pickup driver refused it because of a slight tag fold. Is Ajio better for fit accuracy?,,https://reddit.com/r/shopping/comments/abc/comment/gen_106/,,,IndianFashionAddicts,,73.0,
t1_gen_rd_107,Reddit,Reddit,2026-07-03 13:08:59,FashionGuru,,Has anyone else noticed that I have 30 items in my wishlist but never checkout. The return pickup driver refused it because of a slight tag fold. How has your return experience been lately?,,https://reddit.com/r/shopping/comments/abc/comment/gen_107/,,,shopping,,87.0,
t1_gen_rd_108,Reddit,Reddit,2026-07-03 13:08:59,ShoppingAddict,,"Quick question for the community here, trying to return apparel on Myntra is a nightmare. Sizing variation across different brands makes it impossible to decide. Let me know if you faced similar issues!",,https://reddit.com/r/shopping/comments/abc/comment/gen_108/,,,shopping,,67.0,
t1_gen_rd_109,Reddit,Reddit,2026-07-02 13:08:59,RetailTherapy,,"Quick question for the community here, comparing products on Myntra vs Ajio is exhausting. Sizing variation across different brands makes it impossible to decide. Let me know if you faced similar issues!",,https://reddit.com/r/shopping/comments/abc/comment/gen_109/,,,shopping,,67.0,
t1_gen_rd_110,Reddit,Reddit,2026-07-04 13:08:59,TrendSetter,,Need some advice on online shopping: Myntra's sizing for Roadster is so confusing. The return pickup driver refused it because of a slight tag fold. Let me know if you faced similar issues!,,https://reddit.com/r/shopping/comments/abc/comment/gen_110/,,,IndianFashionAddicts,,22.0,
t1_gen_rd_111,Reddit,Reddit,2026-08-06 13:08:59,StyleSeeker,,"Quick question for the community here, I have 30 items in my wishlist but never checkout. I have a lot of items in my wishlist but the price keeps changing. Should I buy size M or just go one size larger?",,https://reddit.com/r/shopping/comments/abc/comment/gen_111/,,,shopping,,17.0,
t1_gen_rd_112,Reddit,Reddit,2026-06-21 13:08:59,StyleSeeker,,Need some advice on online shopping: I have 30 items in my wishlist but never checkout. The return pickup driver refused it because of a slight tag fold. Any recommendations on what I should do?,,https://reddit.com/r/shopping/comments/abc/comment/gen_112/,,,shopping,,12.0,
t1_gen_rd_113,Reddit,Reddit,2026-08-09 13:08:59,RetailTherapy,,Need some advice on online shopping: trying to return apparel on Myntra is a nightmare. The return pickup driver refused it because of a slight tag fold. Should I buy size M or just go one size larger?,,https://reddit.com/r/shopping/comments/abc/comment/gen_113/,,,IndianFashionAddicts,,4.0,
t1_gen_rd_114,Reddit,Reddit,2026-08-18 13:08:59,KurtiQueen,,Need some advice on online shopping: comparing products on Myntra vs Ajio is exhausting. I have a lot of items in my wishlist but the price keeps changing. Is this item actually worth the price?,,https://reddit.com/r/shopping/comments/abc/comment/gen_114/,,,IndianFashionAddicts,,89.0,
t1_gen_rd_115,Reddit,Reddit,2026-06-26 13:08:59,FashionGuru,,"Hey everyone, Myntra's sizing for Roadster is so confusing. I keep comparing 5 different kurtis but choice overload is real. Is Ajio better for fit accuracy?",,https://reddit.com/r/shopping/comments/abc/comment/gen_115/,,,shopping,,84.0,
t1_gen_rd_116,Reddit,Reddit,2026-07-15 13:08:59,RetailTherapy,,"Hey everyone, comparing products on Myntra vs Ajio is exhausting. The return pickup driver refused it because of a slight tag fold. Is Ajio better for fit accuracy?",,https://reddit.com/r/shopping/comments/abc/comment/gen_116/,,,IndianFashionAddicts,,90.0,
t1_gen_rd_117,Reddit,Reddit,2026-08-09 13:08:59,ShoppingAddict,,"Just a heads up guys, sizing charts for Mast & Harbour are completely wrong. I have a lot of items in my wishlist but the price keeps changing. Should I buy size M or just go one size larger?",,https://reddit.com/r/shopping/comments/abc/comment/gen_117/,,,IndianFashionAddicts,,91.0,
t1_gen_rd_118,Reddit,Reddit,2026-07-08 13:08:59,FashionGuru,,Need some advice on online shopping: Myntra's sizing for Roadster is so confusing. The return pickup driver refused it because of a slight tag fold. Is this item actually worth the price?,,https://reddit.com/r/shopping/comments/abc/comment/gen_118/,,,shopping,,9.0,
t1_gen_rd_119,Reddit,Reddit,2026-05-31 13:08:59,ShoppingAddict,,"Quick question for the community here, comparing products on Myntra vs Ajio is exhausting. The return pickup driver refused it because of a slight tag fold. Let me know if you faced similar issues!",,https://reddit.com/r/shopping/comments/abc/comment/gen_119/,,,shopping,,23.0,
t1_gen_rd_120,Reddit,Reddit,2026-06-30 13:08:59,FitCheck,,Has anyone else noticed that comparing products on Myntra vs Ajio is exhausting. I keep comparing 5 different kurtis but choice overload is real. Should I buy size M or just go one size larger?,,https://reddit.com/r/shopping/comments/abc/comment/gen_120/,,,IndianFashionAddicts,,62.0,
t1_gen_rd_121,Reddit,Reddit,2026-07-08 13:08:59,KurtiQueen,,So I was trying to buy some clothes on Myntra and trying to return apparel on Myntra is a nightmare. Sizing variation across different brands makes it impossible to decide. Any recommendations on what I should do?,,https://reddit.com/r/shopping/comments/abc/comment/gen_121/,,,shopping,,52.0,
t1_gen_rd_122,Reddit,Reddit,2026-06-07 13:08:59,TrendSetter,,"Quick question for the community here, Myntra's sizing for Roadster is so confusing. The size chart says M but reviews say it fits like XS. Is Ajio better for fit accuracy?",,https://reddit.com/r/shopping/comments/abc/comment/gen_122/,,,shopping,,92.0,
t1_gen_rd_123,Reddit,Reddit,2026-07-28 13:08:59,FashionGuru,,So I was trying to buy some clothes on Myntra and trying to return apparel on Myntra is a nightmare. I keep comparing 5 different kurtis but choice overload is real. How has your return experience been lately?,,https://reddit.com/r/shopping/comments/abc/comment/gen_123/,,,shopping,,31.0,
t1_gen_rd_124,Reddit,Reddit,2026-08-05 13:08:59,ShoppingAddict,,Need some advice on online shopping: sizing charts for Mast & Harbour are completely wrong. The fabric looks thick in photos but in reality it's very thin and transparent. How has your return experience been lately?,,https://reddit.com/r/shopping/comments/abc/comment/gen_124/,,,shopping,,56.0,
t1_gen_rd_125,Reddit,Reddit,2026-07-21 13:08:59,RetailTherapy,,Has anyone else noticed that Myntra's sizing for Roadster is so confusing. I keep comparing 5 different kurtis but choice overload is real. Should I buy size M or just go one size larger?,,https://reddit.com/r/shopping/comments/abc/comment/gen_125/,,,IndianFashionAddicts,,40.0,
t1_gen_rd_126,Reddit,Reddit,2026-05-29 13:08:59,ShoppingAddict,,Has anyone else noticed that I have 30 items in my wishlist but never checkout. I keep comparing 5 different kurtis but choice overload is real. Is Ajio better for fit accuracy?,,https://reddit.com/r/shopping/comments/abc/comment/gen_126/,,,IndianFashionAddicts,,32.0,
t1_gen_rd_127,Reddit,Reddit,2026-06-08 13:08:59,DenimLover,,"Quick question for the community here, I have 30 items in my wishlist but never checkout. The fabric looks thick in photos but in reality it's very thin and transparent. Is Ajio better for fit accuracy?",,https://reddit.com/r/shopping/comments/abc/comment/gen_127/,,,shopping,,56.0,
t1_gen_rd_128,Reddit,Reddit,2026-06-21 13:08:59,DenimLover,,Need some advice on online shopping: buying western wear online in India is such a headache. The return pickup driver refused it because of a slight tag fold. Let me know if you faced similar issues!,,https://reddit.com/r/shopping/comments/abc/comment/gen_128/,,,IndianFashionAddicts,,109.0,
t1_gen_rd_129,Reddit,Reddit,2026-07-23 13:08:59,StyleSeeker,,"Hey everyone, sizing charts for Mast & Harbour are completely wrong. The size chart says M but reviews say it fits like XS. How has your return experience been lately?",,https://reddit.com/r/shopping/comments/abc/comment/gen_129/,,,IndianFashionAddicts,,55.0,
t1_gen_rd_130,Reddit,Reddit,2026-06-04 13:08:59,FashionGuru,,"Quick question for the community here, comparing products on Myntra vs Ajio is exhausting. I have a lot of items in my wishlist but the price keeps changing. Let me know if you faced similar issues!",,https://reddit.com/r/shopping/comments/abc/comment/gen_130/,,,IndianFashionAddicts,,113.0,
t1_gen_rd_131,Reddit,Reddit,2026-08-08 13:08:59,FitCheck,,So I was trying to buy some clothes on Myntra and I have 30 items in my wishlist but never checkout. The size chart says M but reviews say it fits like XS. Is Ajio better for fit accuracy?,,https://reddit.com/r/shopping/comments/abc/comment/gen_131/,,,IndianFashionAddicts,,31.0,
t1_gen_rd_132,Reddit,Reddit,2026-06-10 13:08:59,FitCheck,,"Hey everyone, sizing charts for Mast & Harbour are completely wrong. The return pickup driver refused it because of a slight tag fold. Is this item actually worth the price?",,https://reddit.com/r/shopping/comments/abc/comment/gen_132/,,,IndianFashionAddicts,,71.0,
t1_gen_rd_133,Reddit,Reddit,2026-07-03 13:08:59,StyleSeeker,,So I was trying to buy some clothes on Myntra and Myntra's sizing for Roadster is so confusing. I keep comparing 5 different kurtis but choice overload is real. Any recommendations on what I should do?,,https://reddit.com/r/shopping/comments/abc/comment/gen_133/,,,IndianFashionAddicts,,63.0,
t1_gen_rd_134,Reddit,Reddit,2026-06-12 13:08:59,KurtiQueen,,"Just a heads up guys, sizing charts for Mast & Harbour are completely wrong. Sizing variation across different brands makes it impossible to decide. How has your return experience been lately?",,https://reddit.com/r/shopping/comments/abc/comment/gen_134/,,,shopping,,49.0,
t1_gen_rd_135,Reddit,Reddit,2026-06-14 13:08:59,TrendSetter,,"Hey everyone, Myntra's sizing for Roadster is so confusing. The fabric looks thick in photos but in reality it's very thin and transparent. Is Ajio better for fit accuracy?",,https://reddit.com/r/shopping/comments/abc/comment/gen_135/,,,shopping,,6.0,
t1_gen_rd_136,Reddit,Reddit,2026-06-17 13:08:59,TrendSetter,,"Hey everyone, buying western wear online in India is such a headache. The return pickup driver refused it because of a slight tag fold. Is Ajio better for fit accuracy?",,https://reddit.com/r/shopping/comments/abc/comment/gen_136/,,,shopping,,102.0,
t1_gen_rd_137,Reddit,Reddit,2026-06-04 13:08:59,FitCheck,,Need some advice on online shopping: sizing charts for Mast & Harbour are completely wrong. Sizing variation across different brands makes it impossible to decide. Is this item actually worth the price?,,https://reddit.com/r/shopping/comments/abc/comment/gen_137/,,,IndianFashionAddicts,,71.0,
t1_gen_rd_138,Reddit,Reddit,2026-07-08 13:08:59,RetailTherapy,,"Hey everyone, sizing charts for Mast & Harbour are completely wrong. The return pickup driver refused it because of a slight tag fold. Should I buy size M or just go one size larger?",,https://reddit.com/r/shopping/comments/abc/comment/gen_138/,,,IndianFashionAddicts,,102.0,
t1_gen_rd_139,Reddit,Reddit,2026-08-04 13:08:59,TrendSetter,,Has anyone else noticed that comparing products on Myntra vs Ajio is exhausting. The size chart says M but reviews say it fits like XS. Is Ajio better for fit accuracy?,,https://reddit.com/r/shopping/comments/abc/comment/gen_139/,,,IndianFashionAddicts,,43.0,
t1_gen_rd_140,Reddit,Reddit,2026-06-24 13:08:59,DenimLover,,Has anyone else noticed that buying western wear online in India is such a headache. I have a lot of items in my wishlist but the price keeps changing. Is this item actually worth the price?,,https://reddit.com/r/shopping/comments/abc/comment/gen_140/,,,IndianFashionAddicts,,93.0,
t1_gen_rd_141,Reddit,Reddit,2026-07-20 13:08:59,FashionGuru,,"Just a heads up guys, I have 30 items in my wishlist but never checkout. I have a lot of items in my wishlist but the price keeps changing. Is this item actually worth the price?",,https://reddit.com/r/shopping/comments/abc/comment/gen_141/,,,shopping,,50.0,
t1_gen_rd_142,Reddit,Reddit,2026-06-15 13:08:59,TrendSetter,,"Hey everyone, buying western wear online in India is such a headache. The return pickup driver refused it because of a slight tag fold. Is this item actually worth the price?",,https://reddit.com/r/shopping/comments/abc/comment/gen_142/,,,shopping,,107.0,
t1_gen_rd_143,Reddit,Reddit,2026-06-04 13:08:59,DenimLover,,"Quick question for the community here, buying western wear online in India is such a headache. The return pickup driver refused it because of a slight tag fold. Any recommendations on what I should do?",,https://reddit.com/r/shopping/comments/abc/comment/gen_143/,,,IndianFashionAddicts,,71.0,
t1_gen_rd_144,Reddit,Reddit,2026-06-10 13:08:59,DenimLover,,Has anyone else noticed that trying to return apparel on Myntra is a nightmare. The return pickup driver refused it because of a slight tag fold. Is Ajio better for fit accuracy?,,https://reddit.com/r/shopping/comments/abc/comment/gen_144/,,,shopping,,19.0,
t1_gen_rd_145,Reddit,Reddit,2026-08-06 13:08:59,RetailTherapy,,Need some advice on online shopping: Myntra's sizing for Roadster is so confusing. The size chart says M but reviews say it fits like XS. Is Ajio better for fit accuracy?,,https://reddit.com/r/shopping/comments/abc/comment/gen_145/,,,shopping,,69.0,
t1_gen_rd_146,Reddit,Reddit,2026-06-06 13:08:59,StyleSeeker,,"Hey everyone, buying western wear online in India is such a headache. I keep comparing 5 different kurtis but choice overload is real. Any recommendations on what I should do?",,https://reddit.com/r/shopping/comments/abc/comment/gen_146/,,,shopping,,113.0,
t1_gen_rd_147,Reddit,Reddit,2026-07-05 13:08:59,RetailTherapy,,"Quick question for the community here, I have 30 items in my wishlist but never checkout. I have a lot of items in my wishlist but the price keeps changing. Let me know if you faced similar issues!",,https://reddit.com/r/shopping/comments/abc/comment/gen_147/,,,IndianFashionAddicts,,84.0,
t1_gen_rd_148,Reddit,Reddit,2026-05-28 13:08:59,FitCheck,,So I was trying to buy some clothes on Myntra and comparing products on Myntra vs Ajio is exhausting. I keep comparing 5 different kurtis but choice overload is real. Any recommendations on what I should do?,,https://reddit.com/r/shopping/comments/abc/comment/gen_148/,,,shopping,,55.0,
t1_gen_rd_149,Reddit,Reddit,2026-06-25 13:08:59,StyleSeeker,,So I was trying to buy some clothes on Myntra and buying western wear online in India is such a headache. The size chart says M but reviews say it fits like XS. Should I buy size M or just go one size larger?,,https://reddit.com/r/shopping/comments/abc/comment/gen_149/,,,shopping,,49.0,
t1_gen_rd_150,Reddit,Reddit,2026-08-19 13:08:59,ShoppingAddict,,"Quick question for the community here, trying to return apparel on Myntra is a nightmare. I keep comparing 5 different kurtis but choice overload is real. Is this item actually worth the price?",,https://reddit.com/r/shopping/comments/abc/comment/gen_150/,,,IndianFashionAddicts,,118.0,
t1_gen_rd_151,Reddit,Reddit,2026-07-30 13:08:59,FitCheck,,"Hey everyone, sizing charts for Mast & Harbour are completely wrong. I have a lot of items in my wishlist but the price keeps changing. Let me know if you faced similar issues!",,https://reddit.com/r/shopping/comments/abc/comment/gen_151/,,,IndianFashionAddicts,,60.0,
t1_gen_rd_152,Reddit,Reddit,2026-07-04 13:08:59,TrendSetter,,Has anyone else noticed that I have 30 items in my wishlist but never checkout. I keep comparing 5 different kurtis but choice overload is real. How has your return experience been lately?,,https://reddit.com/r/shopping/comments/abc/comment/gen_152/,,,shopping,,44.0,
t1_gen_rd_153,Reddit,Reddit,2026-06-12 13:08:59,DenimLover,,So I was trying to buy some clothes on Myntra and Myntra's sizing for Roadster is so confusing. The return pickup driver refused it because of a slight tag fold. Any recommendations on what I should do?,,https://reddit.com/r/shopping/comments/abc/comment/gen_153/,,,shopping,,97.0,
t1_gen_rd_154,Reddit,Reddit,2026-08-17 13:08:59,FitCheck,,"Hey everyone, comparing products on Myntra vs Ajio is exhausting. The size chart says M but reviews say it fits like XS. Let me know if you faced similar issues!",,https://reddit.com/r/shopping/comments/abc/comment/gen_154/,,,shopping,,53.0,
t1_gen_rd_155,Reddit,Reddit,2026-06-06 13:08:59,FitCheck,,"Hey everyone, Myntra's sizing for Roadster is so confusing. The size chart says M but reviews say it fits like XS. Is this item actually worth the price?",,https://reddit.com/r/shopping/comments/abc/comment/gen_155/,,,IndianFashionAddicts,,44.0,
t1_gen_rd_156,Reddit,Reddit,2026-08-09 13:08:59,StyleSeeker,,"Quick question for the community here, comparing products on Myntra vs Ajio is exhausting. I keep comparing 5 different kurtis but choice overload is real. Should I buy size M or just go one size larger?",,https://reddit.com/r/shopping/comments/abc/comment/gen_156/,,,shopping,,73.0,
t1_gen_rd_157,Reddit,Reddit,2026-07-05 13:08:59,FitCheck,,"Quick question for the community here, Myntra's sizing for Roadster is so confusing. The return pickup driver refused it because of a slight tag fold. Let me know if you faced similar issues!",,https://reddit.com/r/shopping/comments/abc/comment/gen_157/,,,shopping,,109.0,
t1_gen_rd_158,Reddit,Reddit,2026-07-08 13:08:59,FitCheck,,Has anyone else noticed that trying to return apparel on Myntra is a nightmare. Sizing variation across different brands makes it impossible to decide. Should I buy size M or just go one size larger?,,https://reddit.com/r/shopping/comments/abc/comment/gen_158/,,,IndianFashionAddicts,,63.0,
t1_gen_rd_159,Reddit,Reddit,2026-05-29 13:08:59,StyleSeeker,,So I was trying to buy some clothes on Myntra and sizing charts for Mast & Harbour are completely wrong. I keep comparing 5 different kurtis but choice overload is real. Any recommendations on what I should do?,,https://reddit.com/r/shopping/comments/abc/comment/gen_159/,,,IndianFashionAddicts,,35.0,
t1_gen_rd_160,Reddit,Reddit,2026-06-05 13:08:59,KurtiQueen,,"Just a heads up guys, sizing charts for Mast & Harbour are completely wrong. The return pickup driver refused it because of a slight tag fold. Any recommendations on what I should do?",,https://reddit.com/r/shopping/comments/abc/comment/gen_160/,,,shopping,,94.0,
t1_gen_rd_161,Reddit,Reddit,2026-07-22 13:08:59,TrendSetter,,So I was trying to buy some clothes on Myntra and Myntra's sizing for Roadster is so confusing. The size chart says M but reviews say it fits like XS. Any recommendations on what I should do?,,https://reddit.com/r/shopping/comments/abc/comment/gen_161/,,,IndianFashionAddicts,,106.0,
t1_gen_rd_162,Reddit,Reddit,2026-08-15 13:08:59,KurtiQueen,,"Hey everyone, I have 30 items in my wishlist but never checkout. I keep comparing 5 different kurtis but choice overload is real. Is Ajio better for fit accuracy?",,https://reddit.com/r/shopping/comments/abc/comment/gen_162/,,,shopping,,105.0,
t1_gen_rd_163,Reddit,Reddit,2026-07-02 13:08:59,FashionGuru,,"Hey everyone, comparing products on Myntra vs Ajio is exhausting. I keep comparing 5 different kurtis but choice overload is real. Any recommendations on what I should do?",,https://reddit.com/r/shopping/comments/abc/comment/gen_163/,,,shopping,,10.0,
t1_gen_rd_164,Reddit,Reddit,2026-06-12 13:08:59,TrendSetter,,"Hey everyone, buying western wear online in India is such a headache. The return pickup driver refused it because of a slight tag fold. Let me know if you faced similar issues!",,https://reddit.com/r/shopping/comments/abc/comment/gen_164/,,,shopping,,32.0,
t1_gen_rd_165,Reddit,Reddit,2026-07-03 13:08:59,ShoppingAddict,,"Just a heads up guys, comparing products on Myntra vs Ajio is exhausting. The return pickup driver refused it because of a slight tag fold. Should I buy size M or just go one size larger?",,https://reddit.com/r/shopping/comments/abc/comment/gen_165/,,,IndianFashionAddicts,,62.0,
t1_gen_rd_166,Reddit,Reddit,2026-07-23 13:08:59,StyleSeeker,,"Quick question for the community here, sizing charts for Mast & Harbour are completely wrong. The size chart says M but reviews say it fits like XS. How has your return experience been lately?",,https://reddit.com/r/shopping/comments/abc/comment/gen_166/,,,shopping,,17.0,
t1_gen_rd_167,Reddit,Reddit,2026-08-12 13:08:59,FashionGuru,,So I was trying to buy some clothes on Myntra and sizing charts for Mast & Harbour are completely wrong. Sizing variation across different brands makes it impossible to decide. Any recommendations on what I should do?,,https://reddit.com/r/shopping/comments/abc/comment/gen_167/,,,shopping,,28.0,
t1_gen_rd_168,Reddit,Reddit,2026-06-19 13:08:59,StyleSeeker,,"Quick question for the community here, comparing products on Myntra vs Ajio is exhausting. Sizing variation across different brands makes it impossible to decide. Should I buy size M or just go one size larger?",,https://reddit.com/r/shopping/comments/abc/comment/gen_168/,,,IndianFashionAddicts,,81.0,
t1_gen_rd_169,Reddit,Reddit,2026-06-14 13:08:59,DenimLover,,"Quick question for the community here, I have 30 items in my wishlist but never checkout. The return pickup driver refused it because of a slight tag fold. Is this item actually worth the price?",,https://reddit.com/r/shopping/comments/abc/comment/gen_169/,,,IndianFashionAddicts,,68.0,
t1_gen_rd_170,Reddit,Reddit,2026-07-04 13:08:59,DenimLover,,"Quick question for the community here, comparing products on Myntra vs Ajio is exhausting. The size chart says M but reviews say it fits like XS. Is this item actually worth the price?",,https://reddit.com/r/shopping/comments/abc/comment/gen_170/,,,shopping,,35.0,
t1_gen_rd_171,Reddit,Reddit,2026-06-17 13:08:59,ShoppingAddict,,"Just a heads up guys, comparing products on Myntra vs Ajio is exhausting. I have a lot of items in my wishlist but the price keeps changing. How has your return experience been lately?",,https://reddit.com/r/shopping/comments/abc/comment/gen_171/,,,shopping,,81.0,
t1_gen_rd_172,Reddit,Reddit,2026-07-12 13:08:59,FitCheck,,Has anyone else noticed that buying western wear online in India is such a headache. I have a lot of items in my wishlist but the price keeps changing. Any recommendations on what I should do?,,https://reddit.com/r/shopping/comments/abc/comment/gen_172/,,,shopping,,28.0,
t1_gen_rd_173,Reddit,Reddit,2026-07-07 13:08:59,KurtiQueen,,"Just a heads up guys, sizing charts for Mast & Harbour are completely wrong. Sizing variation across different brands makes it impossible to decide. Any recommendations on what I should do?",,https://reddit.com/r/shopping/comments/abc/comment/gen_173/,,,IndianFashionAddicts,,82.0,
t1_gen_rd_174,Reddit,Reddit,2026-06-17 13:08:59,KurtiQueen,,So I was trying to buy some clothes on Myntra and comparing products on Myntra vs Ajio is exhausting. Sizing variation across different brands makes it impossible to decide. Is this item actually worth the price?,,https://reddit.com/r/shopping/comments/abc/comment/gen_174/,,,shopping,,23.0,
t1_gen_rd_175,Reddit,Reddit,2026-08-13 13:08:59,FitCheck,,So I was trying to buy some clothes on Myntra and buying western wear online in India is such a headache. The fabric looks thick in photos but in reality it's very thin and transparent. Is this item actually worth the price?,,https://reddit.com/r/shopping/comments/abc/comment/gen_175/,,,IndianFashionAddicts,,36.0,
t1_gen_rd_176,Reddit,Reddit,2026-07-11 13:08:59,StyleSeeker,,Need some advice on online shopping: buying western wear online in India is such a headache. I have a lot of items in my wishlist but the price keeps changing. Should I buy size M or just go one size larger?,,https://reddit.com/r/shopping/comments/abc/comment/gen_176/,,,shopping,,56.0,
t1_gen_rd_177,Reddit,Reddit,2026-07-17 13:08:59,TrendSetter,,"Quick question for the community here, buying western wear online in India is such a headache. I have a lot of items in my wishlist but the price keeps changing. Let me know if you faced similar issues!",,https://reddit.com/r/shopping/comments/abc/comment/gen_177/,,,IndianFashionAddicts,,29.0,
t1_gen_rd_178,Reddit,Reddit,2026-06-24 13:08:59,KurtiQueen,,Need some advice on online shopping: sizing charts for Mast & Harbour are completely wrong. Sizing variation across different brands makes it impossible to decide. Is Ajio better for fit accuracy?,,https://reddit.com/r/shopping/comments/abc/comment/gen_178/,,,IndianFashionAddicts,,39.0,
t1_gen_rd_179,Reddit,Reddit,2026-06-13 13:08:59,KurtiQueen,,"Hey everyone, comparing products on Myntra vs Ajio is exhausting. I keep comparing 5 different kurtis but choice overload is real. Is Ajio better for fit accuracy?",,https://reddit.com/r/shopping/comments/abc/comment/gen_179/,,,shopping,,69.0,
t1_gen_rd_180,Reddit,Reddit,2026-07-20 13:08:59,StyleSeeker,,"Quick question for the community here, sizing charts for Mast & Harbour are completely wrong. The size chart says M but reviews say it fits like XS. Any recommendations on what I should do?",,https://reddit.com/r/shopping/comments/abc/comment/gen_180/,,,IndianFashionAddicts,,48.0,
t1_gen_rd_181,Reddit,Reddit,2026-08-20 13:08:59,ShoppingAddict,,Has anyone else noticed that Myntra's sizing for Roadster is so confusing. I have a lot of items in my wishlist but the price keeps changing. How has your return experience been lately?,,https://reddit.com/r/shopping/comments/abc/comment/gen_181/,,,shopping,,119.0,
t1_gen_rd_182,Reddit,Reddit,2026-08-14 13:08:59,DenimLover,,So I was trying to buy some clothes on Myntra and I have 30 items in my wishlist but never checkout. The size chart says M but reviews say it fits like XS. How has your return experience been lately?,,https://reddit.com/r/shopping/comments/abc/comment/gen_182/,,,shopping,,28.0,
t1_gen_rd_183,Reddit,Reddit,2026-06-04 13:08:59,RetailTherapy,,"Just a heads up guys, comparing products on Myntra vs Ajio is exhausting. The fabric looks thick in photos but in reality it's very thin and transparent. Any recommendations on what I should do?",,https://reddit.com/r/shopping/comments/abc/comment/gen_183/,,,IndianFashionAddicts,,57.0,
t1_gen_rd_184,Reddit,Reddit,2026-08-03 13:08:59,FashionGuru,,"Quick question for the community here, buying western wear online in India is such a headache. Sizing variation across different brands makes it impossible to decide. How has your return experience been lately?",,https://reddit.com/r/shopping/comments/abc/comment/gen_184/,,,IndianFashionAddicts,,16.0,
t1_gen_rd_185,Reddit,Reddit,2026-06-09 13:08:59,FitCheck,,"Hey everyone, Myntra's sizing for Roadster is so confusing. The fabric looks thick in photos but in reality it's very thin and transparent. Should I buy size M or just go one size larger?",,https://reddit.com/r/shopping/comments/abc/comment/gen_185/,,,shopping,,35.0,
t1_gen_rd_186,Reddit,Reddit,2026-07-22 13:08:59,TrendSetter,,"Hey everyone, Myntra's sizing for Roadster is so confusing. The size chart says M but reviews say it fits like XS. Should I buy size M or just go one size larger?",,https://reddit.com/r/shopping/comments/abc/comment/gen_186/,,,shopping,,12.0,
t1_gen_rd_187,Reddit,Reddit,2026-07-04 13:08:59,TrendSetter,,"Quick question for the community here, comparing products on Myntra vs Ajio is exhausting. The fabric looks thick in photos but in reality it's very thin and transparent. Is Ajio better for fit accuracy?",,https://reddit.com/r/shopping/comments/abc/comment/gen_187/,,,IndianFashionAddicts,,6.0,
t1_gen_rd_188,Reddit,Reddit,2026-08-19 13:08:59,FitCheck,,Need some advice on online shopping: buying western wear online in India is such a headache. The fabric looks thick in photos but in reality it's very thin and transparent. Let me know if you faced similar issues!,,https://reddit.com/r/shopping/comments/abc/comment/gen_188/,,,shopping,,73.0,
t1_gen_rd_189,Reddit,Reddit,2026-06-16 13:08:59,FashionGuru,,So I was trying to buy some clothes on Myntra and buying western wear online in India is such a headache. I have a lot of items in my wishlist but the price keeps changing. How has your return experience been lately?,,https://reddit.com/r/shopping/comments/abc/comment/gen_189/,,,shopping,,3.0,
t1_gen_rd_190,Reddit,Reddit,2026-08-05 13:08:59,TrendSetter,,So I was trying to buy some clothes on Myntra and I have 30 items in my wishlist but never checkout. The return pickup driver refused it because of a slight tag fold. Any recommendations on what I should do?,,https://reddit.com/r/shopping/comments/abc/comment/gen_190/,,,IndianFashionAddicts,,120.0,
t1_gen_rd_191,Reddit,Reddit,2026-05-27 13:08:59,ShoppingAddict,,Need some advice on online shopping: buying western wear online in India is such a headache. The fabric looks thick in photos but in reality it's very thin and transparent. Is Ajio better for fit accuracy?,,https://reddit.com/r/shopping/comments/abc/comment/gen_191/,,,IndianFashionAddicts,,20.0,
t1_gen_rd_192,Reddit,Reddit,2026-07-06 13:08:59,DenimLover,,"Hey everyone, trying to return apparel on Myntra is a nightmare. The size chart says M but reviews say it fits like XS. How has your return experience been lately?",,https://reddit.com/r/shopping/comments/abc/comment/gen_192/,,,shopping,,86.0,
t1_gen_rd_193,Reddit,Reddit,2026-08-20 13:08:59,FitCheck,,"Quick question for the community here, trying to return apparel on Myntra is a nightmare. The fabric looks thick in photos but in reality it's very thin and transparent. Should I buy size M or just go one size larger?",,https://reddit.com/r/shopping/comments/abc/comment/gen_193/,,,IndianFashionAddicts,,59.0,
t1_gen_rd_194,Reddit,Reddit,2026-06-19 13:08:59,FitCheck,,"Quick question for the community here, sizing charts for Mast & Harbour are completely wrong. The size chart says M but reviews say it fits like XS. Is Ajio better for fit accuracy?",,https://reddit.com/r/shopping/comments/abc/comment/gen_194/,,,shopping,,25.0,
t1_gen_rd_195,Reddit,Reddit,2026-07-14 13:08:59,FashionGuru,,"Quick question for the community here, I have 30 items in my wishlist but never checkout. I keep comparing 5 different kurtis but choice overload is real. How has your return experience been lately?",,https://reddit.com/r/shopping/comments/abc/comment/gen_195/,,,IndianFashionAddicts,,1.0,
t1_gen_rd_196,Reddit,Reddit,2026-07-07 13:08:59,FitCheck,,"Hey everyone, I have 30 items in my wishlist but never checkout. I have a lot of items in my wishlist but the price keeps changing. Is this item actually worth the price?",,https://reddit.com/r/shopping/comments/abc/comment/gen_196/,,,shopping,,19.0,
t1_gen_rd_197,Reddit,Reddit,2026-05-29 13:08:59,DenimLover,,"Just a heads up guys, Myntra's sizing for Roadster is so confusing. Sizing variation across different brands makes it impossible to decide. Any recommendations on what I should do?",,https://reddit.com/r/shopping/comments/abc/comment/gen_197/,,,IndianFashionAddicts,,50.0,
t1_gen_rd_198,Reddit,Reddit,2026-07-02 13:08:59,ShoppingAddict,,Need some advice on online shopping: buying western wear online in India is such a headache. I keep comparing 5 different kurtis but choice overload is real. Any recommendations on what I should do?,,https://reddit.com/r/shopping/comments/abc/comment/gen_198/,,,shopping,,25.0,
t1_gen_rd_199,Reddit,Reddit,2026-07-21 13:08:59,TrendSetter,,"Quick question for the community here, I have 30 items in my wishlist but never checkout. The size chart says M but reviews say it fits like XS. Should I buy size M or just go one size larger?",,https://reddit.com/r/shopping/comments/abc/comment/gen_199/,,,shopping,,64.0,
t1_gen_rd_200,Reddit,Reddit,2026-07-07 13:08:59,ShoppingAddict,,"Hey everyone, Myntra's sizing for Roadster is so confusing. I keep comparing 5 different kurtis but choice overload is real. Let me know if you faced similar issues!",,https://reddit.com/r/shopping/comments/abc/comment/gen_200/,,,shopping,,59.0,
t1_gen_rd_201,Reddit,Reddit,2026-06-11 13:08:59,StyleSeeker,,"Quick question for the community here, Myntra's sizing for Roadster is so confusing. I have a lot of items in my wishlist but the price keeps changing. How has your return experience been lately?",,https://reddit.com/r/shopping/comments/abc/comment/gen_201/,,,shopping,,38.0,
t1_gen_rd_202,Reddit,Reddit,2026-08-08 13:08:59,KurtiQueen,,"Quick question for the community here, sizing charts for Mast & Harbour are completely wrong. I have a lot of items in my wishlist but the price keeps changing. Is Ajio better for fit accuracy?",,https://reddit.com/r/shopping/comments/abc/comment/gen_202/,,,IndianFashionAddicts,,94.0,
t1_gen_rd_203,Reddit,Reddit,2026-06-29 13:08:59,ShoppingAddict,,Need some advice on online shopping: comparing products on Myntra vs Ajio is exhausting. The size chart says M but reviews say it fits like XS. Is this item actually worth the price?,,https://reddit.com/r/shopping/comments/abc/comment/gen_203/,,,IndianFashionAddicts,,23.0,
t1_gen_rd_204,Reddit,Reddit,2026-08-18 13:08:59,ShoppingAddict,,"Hey everyone, sizing charts for Mast & Harbour are completely wrong. The size chart says M but reviews say it fits like XS. Any recommendations on what I should do?",,https://reddit.com/r/shopping/comments/abc/comment/gen_204/,,,IndianFashionAddicts,,32.0,
t1_gen_rd_205,Reddit,Reddit,2026-08-10 13:08:59,ShoppingAddict,,Need some advice on online shopping: I have 30 items in my wishlist but never checkout. Sizing variation across different brands makes it impossible to decide. Let me know if you faced similar issues!,,https://reddit.com/r/shopping/comments/abc/comment/gen_205/,,,shopping,,33.0,
t1_gen_rd_206,Reddit,Reddit,2026-07-20 13:08:59,RetailTherapy,,So I was trying to buy some clothes on Myntra and sizing charts for Mast & Harbour are completely wrong. The size chart says M but reviews say it fits like XS. Let me know if you faced similar issues!,,https://reddit.com/r/shopping/comments/abc/comment/gen_206/,,,shopping,,95.0,
t1_gen_rd_207,Reddit,Reddit,2026-07-10 13:08:59,ShoppingAddict,,Need some advice on online shopping: sizing charts for Mast & Harbour are completely wrong. The return pickup driver refused it because of a slight tag fold. Should I buy size M or just go one size larger?,,https://reddit.com/r/shopping/comments/abc/comment/gen_207/,,,shopping,,10.0,
t1_gen_rd_208,Reddit,Reddit,2026-07-19 13:08:59,TrendSetter,,So I was trying to buy some clothes on Myntra and trying to return apparel on Myntra is a nightmare. I have a lot of items in my wishlist but the price keeps changing. Is Ajio better for fit accuracy?,,https://reddit.com/r/shopping/comments/abc/comment/gen_208/,,,shopping,,109.0,
t1_gen_rd_209,Reddit,Reddit,2026-07-07 13:08:59,TrendSetter,,Has anyone else noticed that Myntra's sizing for Roadster is so confusing. Sizing variation across different brands makes it impossible to decide. Should I buy size M or just go one size larger?,,https://reddit.com/r/shopping/comments/abc/comment/gen_209/,,,shopping,,65.0,
t1_gen_rd_210,Reddit,Reddit,2026-08-09 13:08:59,StyleSeeker,,"Hey everyone, I have 30 items in my wishlist but never checkout. I keep comparing 5 different kurtis but choice overload is real. How has your return experience been lately?",,https://reddit.com/r/shopping/comments/abc/comment/gen_210/,,,IndianFashionAddicts,,36.0,
t1_gen_rd_211,Reddit,Reddit,2026-08-21 13:08:59,StyleSeeker,,So I was trying to buy some clothes on Myntra and Myntra's sizing for Roadster is so confusing. I have a lot of items in my wishlist but the price keeps changing. Any recommendations on what I should do?,,https://reddit.com/r/shopping/comments/abc/comment/gen_211/,,,IndianFashionAddicts,,72.0,
t1_gen_rd_212,Reddit,Reddit,2026-07-03 13:08:59,DenimLover,,"Hey everyone, I have 30 items in my wishlist but never checkout. The size chart says M but reviews say it fits like XS. Is this item actually worth the price?",,https://reddit.com/r/shopping/comments/abc/comment/gen_212/,,,IndianFashionAddicts,,96.0,
t1_gen_rd_213,Reddit,Reddit,2026-06-13 13:08:59,FitCheck,,Need some advice on online shopping: Myntra's sizing for Roadster is so confusing. Sizing variation across different brands makes it impossible to decide. Let me know if you faced similar issues!,,https://reddit.com/r/shopping/comments/abc/comment/gen_213/,,,shopping,,50.0,
t1_gen_rd_214,Reddit,Reddit,2026-06-10 13:08:59,ShoppingAddict,,Need some advice on online shopping: comparing products on Myntra vs Ajio is exhausting. The return pickup driver refused it because of a slight tag fold. Any recommendations on what I should do?,,https://reddit.com/r/shopping/comments/abc/comment/gen_214/,,,IndianFashionAddicts,,27.0,
t1_gen_rd_215,Reddit,Reddit,2026-06-05 13:08:59,ShoppingAddict,,Has anyone else noticed that I have 30 items in my wishlist but never checkout. Sizing variation across different brands makes it impossible to decide. Should I buy size M or just go one size larger?,,https://reddit.com/r/shopping/comments/abc/comment/gen_215/,,,shopping,,30.0,
t1_gen_rd_216,Reddit,Reddit,2026-08-14 13:08:59,RetailTherapy,,"Quick question for the community here, Myntra's sizing for Roadster is so confusing. I keep comparing 5 different kurtis but choice overload is real. How has your return experience been lately?",,https://reddit.com/r/shopping/comments/abc/comment/gen_216/,,,IndianFashionAddicts,,88.0,
t1_gen_rd_217,Reddit,Reddit,2026-07-26 13:08:59,FashionGuru,,"Just a heads up guys, trying to return apparel on Myntra is a nightmare. The size chart says M but reviews say it fits like XS. Is Ajio better for fit accuracy?",,https://reddit.com/r/shopping/comments/abc/comment/gen_217/,,,shopping,,44.0,
t1_gen_rd_218,Reddit,Reddit,2026-07-12 13:08:59,DenimLover,,"Quick question for the community here, Myntra's sizing for Roadster is so confusing. I keep comparing 5 different kurtis but choice overload is real. Any recommendations on what I should do?",,https://reddit.com/r/shopping/comments/abc/comment/gen_218/,,,shopping,,1.0,
t1_gen_rd_219,Reddit,Reddit,2026-08-19 13:08:59,ShoppingAddict,,"Hey everyone, sizing charts for Mast & Harbour are completely wrong. The fabric looks thick in photos but in reality it's very thin and transparent. Any recommendations on what I should do?",,https://reddit.com/r/shopping/comments/abc/comment/gen_219/,,,shopping,,69.0,
t1_gen_rd_220,Reddit,Reddit,2026-07-01 13:08:59,FashionGuru,,Has anyone else noticed that sizing charts for Mast & Harbour are completely wrong. I have a lot of items in my wishlist but the price keeps changing. Is Ajio better for fit accuracy?,,https://reddit.com/r/shopping/comments/abc/comment/gen_220/,,,IndianFashionAddicts,,105.0,
t1_gen_rd_221,Reddit,Reddit,2026-07-24 13:08:59,ShoppingAddict,,So I was trying to buy some clothes on Myntra and buying western wear online in India is such a headache. The fabric looks thick in photos but in reality it's very thin and transparent. Is Ajio better for fit accuracy?,,https://reddit.com/r/shopping/comments/abc/comment/gen_221/,,,IndianFashionAddicts,,111.0,
t1_gen_rd_222,Reddit,Reddit,2026-07-25 13:08:59,RetailTherapy,,Has anyone else noticed that sizing charts for Mast & Harbour are completely wrong. I have a lot of items in my wishlist but the price keeps changing. Is this item actually worth the price?,,https://reddit.com/r/shopping/comments/abc/comment/gen_222/,,,shopping,,32.0,
t1_gen_rd_223,Reddit,Reddit,2026-07-07 13:08:59,KurtiQueen,,"Quick question for the community here, comparing products on Myntra vs Ajio is exhausting. I have a lot of items in my wishlist but the price keeps changing. Any recommendations on what I should do?",,https://reddit.com/r/shopping/comments/abc/comment/gen_223/,,,IndianFashionAddicts,,41.0,
t1_gen_rd_224,Reddit,Reddit,2026-06-21 13:08:59,RetailTherapy,,"Hey everyone, comparing products on Myntra vs Ajio is exhausting. The fabric looks thick in photos but in reality it's very thin and transparent. Is this item actually worth the price?",,https://reddit.com/r/shopping/comments/abc/comment/gen_224/,,,shopping,,50.0,
t1_gen_rd_225,Reddit,Reddit,2026-08-16 13:08:59,RetailTherapy,,"Quick question for the community here, I have 30 items in my wishlist but never checkout. I have a lot of items in my wishlist but the price keeps changing. Any recommendations on what I should do?",,https://reddit.com/r/shopping/comments/abc/comment/gen_225/,,,IndianFashionAddicts,,109.0,
t1_gen_rd_226,Reddit,Reddit,2026-07-15 13:08:59,TrendSetter,,"Quick question for the community here, trying to return apparel on Myntra is a nightmare. Sizing variation across different brands makes it impossible to decide. Is this item actually worth the price?",,https://reddit.com/r/shopping/comments/abc/comment/gen_226/,,,shopping,,29.0,
t1_gen_rd_227,Reddit,Reddit,2026-07-16 13:08:59,DenimLover,,"Quick question for the community here, I have 30 items in my wishlist but never checkout. I have a lot of items in my wishlist but the price keeps changing. Is this item actually worth the price?",,https://reddit.com/r/shopping/comments/abc/comment/gen_227/,,,IndianFashionAddicts,,108.0,
t1_gen_rd_228,Reddit,Reddit,2026-07-06 13:08:59,RetailTherapy,,"Just a heads up guys, comparing products on Myntra vs Ajio is exhausting. The size chart says M but reviews say it fits like XS. How has your return experience been lately?",,https://reddit.com/r/shopping/comments/abc/comment/gen_228/,,,shopping,,109.0,
t1_gen_rd_229,Reddit,Reddit,2026-06-24 13:08:59,DenimLover,,"Hey everyone, buying western wear online in India is such a headache. Sizing variation across different brands makes it impossible to decide. Let me know if you faced similar issues!",,https://reddit.com/r/shopping/comments/abc/comment/gen_229/,,,IndianFashionAddicts,,9.0,
t1_gen_rd_230,Reddit,Reddit,2026-08-18 13:08:59,RetailTherapy,,"Hey everyone, buying western wear online in India is such a headache. Sizing variation across different brands makes it impossible to decide. Should I buy size M or just go one size larger?",,https://reddit.com/r/shopping/comments/abc/comment/gen_230/,,,IndianFashionAddicts,,99.0,
t1_gen_rd_231,Reddit,Reddit,2026-05-31 13:08:59,TrendSetter,,So I was trying to buy some clothes on Myntra and sizing charts for Mast & Harbour are completely wrong. Sizing variation across different brands makes it impossible to decide. Let me know if you faced similar issues!,,https://reddit.com/r/shopping/comments/abc/comment/gen_231/,,,shopping,,19.0,
t1_gen_rd_232,Reddit,Reddit,2026-06-04 13:08:59,FitCheck,,Need some advice on online shopping: Myntra's sizing for Roadster is so confusing. I keep comparing 5 different kurtis but choice overload is real. Any recommendations on what I should do?,,https://reddit.com/r/shopping/comments/abc/comment/gen_232/,,,IndianFashionAddicts,,112.0,
t1_gen_rd_233,Reddit,Reddit,2026-08-17 13:08:59,TrendSetter,,"Quick question for the community here, buying western wear online in India is such a headache. The size chart says M but reviews say it fits like XS. Should I buy size M or just go one size larger?",,https://reddit.com/r/shopping/comments/abc/comment/gen_233/,,,shopping,,17.0,
t1_gen_rd_234,Reddit,Reddit,2026-08-04 13:08:59,KurtiQueen,,Need some advice on online shopping: sizing charts for Mast & Harbour are completely wrong. The size chart says M but reviews say it fits like XS. Should I buy size M or just go one size larger?,,https://reddit.com/r/shopping/comments/abc/comment/gen_234/,,,shopping,,36.0,
t1_gen_rd_235,Reddit,Reddit,2026-06-21 13:08:59,StyleSeeker,,"Hey everyone, sizing charts for Mast & Harbour are completely wrong. Sizing variation across different brands makes it impossible to decide. Let me know if you faced similar issues!",,https://reddit.com/r/shopping/comments/abc/comment/gen_235/,,,IndianFashionAddicts,,79.0,
t1_gen_rd_236,Reddit,Reddit,2026-06-20 13:08:59,DenimLover,,Need some advice on online shopping: I have 30 items in my wishlist but never checkout. The size chart says M but reviews say it fits like XS. Should I buy size M or just go one size larger?,,https://reddit.com/r/shopping/comments/abc/comment/gen_236/,,,IndianFashionAddicts,,24.0,
t1_gen_rd_237,Reddit,Reddit,2026-08-02 13:08:59,StyleSeeker,,Has anyone else noticed that buying western wear online in India is such a headache. The fabric looks thick in photos but in reality it's very thin and transparent. Let me know if you faced similar issues!,,https://reddit.com/r/shopping/comments/abc/comment/gen_237/,,,shopping,,31.0,
t1_gen_rd_238,Reddit,Reddit,2026-07-22 13:08:59,DenimLover,,So I was trying to buy some clothes on Myntra and I have 30 items in my wishlist but never checkout. I keep comparing 5 different kurtis but choice overload is real. Any recommendations on what I should do?,,https://reddit.com/r/shopping/comments/abc/comment/gen_238/,,,shopping,,52.0,
t1_gen_rd_239,Reddit,Reddit,2026-07-22 13:08:59,RetailTherapy,,So I was trying to buy some clothes on Myntra and sizing charts for Mast & Harbour are completely wrong. The fabric looks thick in photos but in reality it's very thin and transparent. Any recommendations on what I should do?,,https://reddit.com/r/shopping/comments/abc/comment/gen_239/,,,IndianFashionAddicts,,71.0,
t1_gen_rd_240,Reddit,Reddit,2026-07-22 13:08:59,DenimLover,,"Quick question for the community here, I have 30 items in my wishlist but never checkout. The fabric looks thick in photos but in reality it's very thin and transparent. Let me know if you faced similar issues!",,https://reddit.com/r/shopping/comments/abc/comment/gen_240/,,,shopping,,107.0,
t1_gen_rd_241,Reddit,Reddit,2026-08-07 13:08:59,FitCheck,,Has anyone else noticed that Myntra's sizing for Roadster is so confusing. I keep comparing 5 different kurtis but choice overload is real. Let me know if you faced similar issues!,,https://reddit.com/r/shopping/comments/abc/comment/gen_241/,,,shopping,,3.0,
t1_gen_rd_242,Reddit,Reddit,2026-07-09 13:08:59,StyleSeeker,,"Quick question for the community here, buying western wear online in India is such a headache. The fabric looks thick in photos but in reality it's very thin and transparent. How has your return experience been lately?",,https://reddit.com/r/shopping/comments/abc/comment/gen_242/,,,IndianFashionAddicts,,5.0,
t1_gen_rd_243,Reddit,Reddit,2026-07-07 13:08:59,TrendSetter,,"Quick question for the community here, sizing charts for Mast & Harbour are completely wrong. The size chart says M but reviews say it fits like XS. Is this item actually worth the price?",,https://reddit.com/r/shopping/comments/abc/comment/gen_243/,,,IndianFashionAddicts,,8.0,
t1_gen_rd_244,Reddit,Reddit,2026-06-27 13:08:59,FashionGuru,,"Quick question for the community here, Myntra's sizing for Roadster is so confusing. I have a lot of items in my wishlist but the price keeps changing. Is Ajio better for fit accuracy?",,https://reddit.com/r/shopping/comments/abc/comment/gen_244/,,,shopping,,38.0,
t1_gen_rd_245,Reddit,Reddit,2026-06-05 13:08:59,FashionGuru,,So I was trying to buy some clothes on Myntra and sizing charts for Mast & Harbour are completely wrong. I keep comparing 5 different kurtis but choice overload is real. How has your return experience been lately?,,https://reddit.com/r/shopping/comments/abc/comment/gen_245/,,,shopping,,45.0,
t1_gen_rd_246,Reddit,Reddit,2026-07-17 13:08:59,FitCheck,,Need some advice on online shopping: trying to return apparel on Myntra is a nightmare. The fabric looks thick in photos but in reality it's very thin and transparent. Should I buy size M or just go one size larger?,,https://reddit.com/r/shopping/comments/abc/comment/gen_246/,,,shopping,,59.0,
t1_gen_rd_247,Reddit,Reddit,2026-06-28 13:08:59,RetailTherapy,,"Hey everyone, trying to return apparel on Myntra is a nightmare. The fabric looks thick in photos but in reality it's very thin and transparent. Should I buy size M or just go one size larger?",,https://reddit.com/r/shopping/comments/abc/comment/gen_247/,,,IndianFashionAddicts,,87.0,
t1_gen_rd_248,Reddit,Reddit,2026-07-04 13:08:59,TrendSetter,,So I was trying to buy some clothes on Myntra and comparing products on Myntra vs Ajio is exhausting. The size chart says M but reviews say it fits like XS. Is Ajio better for fit accuracy?,,https://reddit.com/r/shopping/comments/abc/comment/gen_248/,,,IndianFashionAddicts,,28.0,
t1_gen_rd_249,Reddit,Reddit,2026-07-05 13:08:59,FashionGuru,,"Hey everyone, sizing charts for Mast & Harbour are completely wrong. Sizing variation across different brands makes it impossible to decide. Should I buy size M or just go one size larger?",,https://reddit.com/r/shopping/comments/abc/comment/gen_249/,,,shopping,,93.0,
t1_gen_rd_250,Reddit,Reddit,2026-06-25 13:08:59,ShoppingAddict,,"Quick question for the community here, Myntra's sizing for Roadster is so confusing. The size chart says M but reviews say it fits like XS. Is this item actually worth the price?",,https://reddit.com/r/shopping/comments/abc/comment/gen_250/,,,IndianFashionAddicts,,119.0,
t1_gen_rd_251,Reddit,Reddit,2026-07-07 13:08:59,StyleSeeker,,"Just a heads up guys, sizing charts for Mast & Harbour are completely wrong. I have a lot of items in my wishlist but the price keeps changing. How has your return experience been lately?",,https://reddit.com/r/shopping/comments/abc/comment/gen_251/,,,IndianFashionAddicts,,83.0,
t1_gen_rd_252,Reddit,Reddit,2026-06-16 13:08:59,ShoppingAddict,,So I was trying to buy some clothes on Myntra and buying western wear online in India is such a headache. The return pickup driver refused it because of a slight tag fold. Should I buy size M or just go one size larger?,,https://reddit.com/r/shopping/comments/abc/comment/gen_252/,,,shopping,,10.0,
t1_gen_rd_253,Reddit,Reddit,2026-07-15 13:08:59,RetailTherapy,,Has anyone else noticed that buying western wear online in India is such a headache. Sizing variation across different brands makes it impossible to decide. Is Ajio better for fit accuracy?,,https://reddit.com/r/shopping/comments/abc/comment/gen_253/,,,shopping,,62.0,
t1_gen_rd_254,Reddit,Reddit,2026-06-14 13:08:59,DenimLover,,"Hey everyone, trying to return apparel on Myntra is a nightmare. The return pickup driver refused it because of a slight tag fold. Should I buy size M or just go one size larger?",,https://reddit.com/r/shopping/comments/abc/comment/gen_254/,,,IndianFashionAddicts,,87.0,
t1_gen_rd_255,Reddit,Reddit,2026-06-23 13:08:59,DenimLover,,"Just a heads up guys, comparing products on Myntra vs Ajio is exhausting. I have a lot of items in my wishlist but the price keeps changing. Any recommendations on what I should do?",,https://reddit.com/r/shopping/comments/abc/comment/gen_255/,,,IndianFashionAddicts,,45.0,
t1_gen_rd_256,Reddit,Reddit,2026-08-06 13:08:59,RetailTherapy,,Need some advice on online shopping: trying to return apparel on Myntra is a nightmare. Sizing variation across different brands makes it impossible to decide. Is this item actually worth the price?,,https://reddit.com/r/shopping/comments/abc/comment/gen_256/,,,IndianFashionAddicts,,35.0,
t1_gen_rd_257,Reddit,Reddit,2026-07-05 13:08:59,DenimLover,,"Quick question for the community here, buying western wear online in India is such a headache. I keep comparing 5 different kurtis but choice overload is real. Is Ajio better for fit accuracy?",,https://reddit.com/r/shopping/comments/abc/comment/gen_257/,,,IndianFashionAddicts,,41.0,
t1_gen_rd_258,Reddit,Reddit,2026-06-24 13:08:59,KurtiQueen,,"Hey everyone, buying western wear online in India is such a headache. Sizing variation across different brands makes it impossible to decide. How has your return experience been lately?",,https://reddit.com/r/shopping/comments/abc/comment/gen_258/,,,shopping,,29.0,
t1_gen_rd_259,Reddit,Reddit,2026-08-22 13:08:59,StyleSeeker,,So I was trying to buy some clothes on Myntra and sizing charts for Mast & Harbour are completely wrong. The return pickup driver refused it because of a slight tag fold. How has your return experience been lately?,,https://reddit.com/r/shopping/comments/abc/comment/gen_259/,,,shopping,,25.0,
t1_gen_rd_260,Reddit,Reddit,2026-08-10 13:08:59,ShoppingAddict,,"Just a heads up guys, comparing products on Myntra vs Ajio is exhausting. The return pickup driver refused it because of a slight tag fold. Is this item actually worth the price?",,https://reddit.com/r/shopping/comments/abc/comment/gen_260/,,,IndianFashionAddicts,,28.0,
t1_gen_rd_261,Reddit,Reddit,2026-07-11 13:08:59,StyleSeeker,,"Just a heads up guys, Myntra's sizing for Roadster is so confusing. Sizing variation across different brands makes it impossible to decide. Let me know if you faced similar issues!",,https://reddit.com/r/shopping/comments/abc/comment/gen_261/,,,IndianFashionAddicts,,25.0,
t1_gen_rd_262,Reddit,Reddit,2026-07-24 13:08:59,FitCheck,,Need some advice on online shopping: comparing products on Myntra vs Ajio is exhausting. The return pickup driver refused it because of a slight tag fold. Should I buy size M or just go one size larger?,,https://reddit.com/r/shopping/comments/abc/comment/gen_262/,,,shopping,,104.0,
t1_gen_rd_263,Reddit,Reddit,2026-06-07 13:08:59,DenimLover,,Need some advice on online shopping: I have 30 items in my wishlist but never checkout. The return pickup driver refused it because of a slight tag fold. Is Ajio better for fit accuracy?,,https://reddit.com/r/shopping/comments/abc/comment/gen_263/,,,shopping,,58.0,
t1_gen_rd_264,Reddit,Reddit,2026-07-31 13:08:59,FitCheck,,Need some advice on online shopping: sizing charts for Mast & Harbour are completely wrong. I have a lot of items in my wishlist but the price keeps changing. Let me know if you faced similar issues!,,https://reddit.com/r/shopping/comments/abc/comment/gen_264/,,,shopping,,34.0,
t1_gen_rd_265,Reddit,Reddit,2026-07-19 13:08:59,ShoppingAddict,,"Hey everyone, comparing products on Myntra vs Ajio is exhausting. The size chart says M but reviews say it fits like XS. How has your return experience been lately?",,https://reddit.com/r/shopping/comments/abc/comment/gen_265/,,,shopping,,41.0,
t1_gen_rd_266,Reddit,Reddit,2026-07-24 13:08:59,FashionGuru,,Has anyone else noticed that I have 30 items in my wishlist but never checkout. Sizing variation across different brands makes it impossible to decide. How has your return experience been lately?,,https://reddit.com/r/shopping/comments/abc/comment/gen_266/,,,shopping,,69.0,
t1_gen_rd_267,Reddit,Reddit,2026-06-30 13:08:59,RetailTherapy,,"Quick question for the community here, comparing products on Myntra vs Ajio is exhausting. Sizing variation across different brands makes it impossible to decide. Any recommendations on what I should do?",,https://reddit.com/r/shopping/comments/abc/comment/gen_267/,,,shopping,,69.0,
t1_gen_rd_268,Reddit,Reddit,2026-07-10 13:08:59,StyleSeeker,,"Quick question for the community here, Myntra's sizing for Roadster is so confusing. I have a lot of items in my wishlist but the price keeps changing. Any recommendations on what I should do?",,https://reddit.com/r/shopping/comments/abc/comment/gen_268/,,,IndianFashionAddicts,,87.0,
t1_gen_rd_269,Reddit,Reddit,2026-06-14 13:08:59,FitCheck,,So I was trying to buy some clothes on Myntra and sizing charts for Mast & Harbour are completely wrong. I keep comparing 5 different kurtis but choice overload is real. Is this item actually worth the price?,,https://reddit.com/r/shopping/comments/abc/comment/gen_269/,,,shopping,,113.0,
t1_gen_rd_270,Reddit,Reddit,2026-07-16 13:08:59,FashionGuru,,"Just a heads up guys, I have 30 items in my wishlist but never checkout. The size chart says M but reviews say it fits like XS. Any recommendations on what I should do?",,https://reddit.com/r/shopping/comments/abc/comment/gen_270/,,,IndianFashionAddicts,,89.0,
t1_gen_rd_271,Reddit,Reddit,2026-06-30 13:08:59,FitCheck,,"Hey everyone, buying western wear online in India is such a headache. I have a lot of items in my wishlist but the price keeps changing. Is Ajio better for fit accuracy?",,https://reddit.com/r/shopping/comments/abc/comment/gen_271/,,,IndianFashionAddicts,,83.0,
t1_gen_rd_272,Reddit,Reddit,2026-07-24 13:08:59,KurtiQueen,,"Just a heads up guys, comparing products on Myntra vs Ajio is exhausting. The size chart says M but reviews say it fits like XS. Should I buy size M or just go one size larger?",,https://reddit.com/r/shopping/comments/abc/comment/gen_272/,,,shopping,,105.0,
t1_gen_rd_273,Reddit,Reddit,2026-08-02 13:08:59,FitCheck,,Need some advice on online shopping: Myntra's sizing for Roadster is so confusing. I keep comparing 5 different kurtis but choice overload is real. Let me know if you faced similar issues!,,https://reddit.com/r/shopping/comments/abc/comment/gen_273/,,,shopping,,56.0,
t1_gen_rd_274,Reddit,Reddit,2026-06-01 13:08:59,FashionGuru,,Need some advice on online shopping: Myntra's sizing for Roadster is so confusing. Sizing variation across different brands makes it impossible to decide. Any recommendations on what I should do?,,https://reddit.com/r/shopping/comments/abc/comment/gen_274/,,,shopping,,19.0,
t1_gen_rd_275,Reddit,Reddit,2026-07-20 13:08:59,TrendSetter,,So I was trying to buy some clothes on Myntra and comparing products on Myntra vs Ajio is exhausting. I keep comparing 5 different kurtis but choice overload is real. Is Ajio better for fit accuracy?,,https://reddit.com/r/shopping/comments/abc/comment/gen_275/,,,shopping,,95.0,
t1_gen_rd_276,Reddit,Reddit,2026-06-24 13:08:59,DenimLover,,"Quick question for the community here, comparing products on Myntra vs Ajio is exhausting. The size chart says M but reviews say it fits like XS. Let me know if you faced similar issues!",,https://reddit.com/r/shopping/comments/abc/comment/gen_276/,,,shopping,,13.0,
t1_gen_rd_277,Reddit,Reddit,2026-06-17 13:08:59,StyleSeeker,,"Just a heads up guys, comparing products on Myntra vs Ajio is exhausting. The fabric looks thick in photos but in reality it's very thin and transparent. Let me know if you faced similar issues!",,https://reddit.com/r/shopping/comments/abc/comment/gen_277/,,,IndianFashionAddicts,,7.0,
t1_gen_rd_278,Reddit,Reddit,2026-07-20 13:08:59,RetailTherapy,,"Just a heads up guys, Myntra's sizing for Roadster is so confusing. I keep comparing 5 different kurtis but choice overload is real. Should I buy size M or just go one size larger?",,https://reddit.com/r/shopping/comments/abc/comment/gen_278/,,,shopping,,26.0,
t1_gen_rd_279,Reddit,Reddit,2026-07-16 13:08:59,ShoppingAddict,,"Just a heads up guys, trying to return apparel on Myntra is a nightmare. Sizing variation across different brands makes it impossible to decide. Is Ajio better for fit accuracy?",,https://reddit.com/r/shopping/comments/abc/comment/gen_279/,,,IndianFashionAddicts,,12.0,
t1_gen_rd_280,Reddit,Reddit,2026-07-15 13:08:59,RetailTherapy,,"Just a heads up guys, comparing products on Myntra vs Ajio is exhausting. The return pickup driver refused it because of a slight tag fold. How has your return experience been lately?",,https://reddit.com/r/shopping/comments/abc/comment/gen_280/,,,shopping,,62.0,
t1_gen_rd_281,Reddit,Reddit,2026-06-17 13:08:59,ShoppingAddict,,Has anyone else noticed that trying to return apparel on Myntra is a nightmare. I have a lot of items in my wishlist but the price keeps changing. Should I buy size M or just go one size larger?,,https://reddit.com/r/shopping/comments/abc/comment/gen_281/,,,shopping,,83.0,
t1_gen_rd_282,Reddit,Reddit,2026-08-15 13:08:59,ShoppingAddict,,"Quick question for the community here, Myntra's sizing for Roadster is so confusing. I have a lot of items in my wishlist but the price keeps changing. Should I buy size M or just go one size larger?",,https://reddit.com/r/shopping/comments/abc/comment/gen_282/,,,shopping,,65.0,
t1_gen_rd_283,Reddit,Reddit,2026-07-17 13:08:59,StyleSeeker,,Has anyone else noticed that buying western wear online in India is such a headache. The return pickup driver refused it because of a slight tag fold. How has your return experience been lately?,,https://reddit.com/r/shopping/comments/abc/comment/gen_283/,,,IndianFashionAddicts,,110.0,
t1_gen_rd_284,Reddit,Reddit,2026-07-02 13:08:59,RetailTherapy,,"Just a heads up guys, trying to return apparel on Myntra is a nightmare. The return pickup driver refused it because of a slight tag fold. Let me know if you faced similar issues!",,https://reddit.com/r/shopping/comments/abc/comment/gen_284/,,,IndianFashionAddicts,,88.0,
t1_gen_rd_285,Reddit,Reddit,2026-08-13 13:08:59,FitCheck,,"Hey everyone, sizing charts for Mast & Harbour are completely wrong. The return pickup driver refused it because of a slight tag fold. Is Ajio better for fit accuracy?",,https://reddit.com/r/shopping/comments/abc/comment/gen_285/,,,IndianFashionAddicts,,6.0,
t1_gen_rd_286,Reddit,Reddit,2026-06-27 13:08:59,FashionGuru,,"Just a heads up guys, comparing products on Myntra vs Ajio is exhausting. I keep comparing 5 different kurtis but choice overload is real. How has your return experience been lately?",,https://reddit.com/r/shopping/comments/abc/comment/gen_286/,,,IndianFashionAddicts,,103.0,
t1_gen_rd_287,Reddit,Reddit,2026-06-22 13:08:59,StyleSeeker,,"Just a heads up guys, buying western wear online in India is such a headache. The return pickup driver refused it because of a slight tag fold. How has your return experience been lately?",,https://reddit.com/r/shopping/comments/abc/comment/gen_287/,,,shopping,,5.0,
t1_gen_rd_288,Reddit,Reddit,2026-06-16 13:08:59,FitCheck,,Has anyone else noticed that comparing products on Myntra vs Ajio is exhausting. The size chart says M but reviews say it fits like XS. Any recommendations on what I should do?,,https://reddit.com/r/shopping/comments/abc/comment/gen_288/,,,IndianFashionAddicts,,116.0,
t1_gen_rd_289,Reddit,Reddit,2026-07-13 13:08:59,DenimLover,,"Just a heads up guys, comparing products on Myntra vs Ajio is exhausting. Sizing variation across different brands makes it impossible to decide. Is this item actually worth the price?",,https://reddit.com/r/shopping/comments/abc/comment/gen_289/,,,shopping,,114.0,
t1_gen_rd_290,Reddit,Reddit,2026-06-28 13:08:59,TrendSetter,,"Hey everyone, sizing charts for Mast & Harbour are completely wrong. The return pickup driver refused it because of a slight tag fold. Any recommendations on what I should do?",,https://reddit.com/r/shopping/comments/abc/comment/gen_290/,,,IndianFashionAddicts,,75.0,
t1_gen_rd_291,Reddit,Reddit,2026-05-30 13:08:59,FitCheck,,Need some advice on online shopping: comparing products on Myntra vs Ajio is exhausting. The return pickup driver refused it because of a slight tag fold. Is this item actually worth the price?,,https://reddit.com/r/shopping/comments/abc/comment/gen_291/,,,IndianFashionAddicts,,69.0,
t1_gen_rd_292,Reddit,Reddit,2026-07-14 13:08:59,FashionGuru,,"Just a heads up guys, Myntra's sizing for Roadster is so confusing. I have a lot of items in my wishlist but the price keeps changing. Should I buy size M or just go one size larger?",,https://reddit.com/r/shopping/comments/abc/comment/gen_292/,,,IndianFashionAddicts,,116.0,
t1_gen_rd_293,Reddit,Reddit,2026-07-15 13:08:59,FashionGuru,,Need some advice on online shopping: Myntra's sizing for Roadster is so confusing. The size chart says M but reviews say it fits like XS. How has your return experience been lately?,,https://reddit.com/r/shopping/comments/abc/comment/gen_293/,,,IndianFashionAddicts,,90.0,
t1_gen_rd_294,Reddit,Reddit,2026-07-25 13:08:59,FashionGuru,,Has anyone else noticed that Myntra's sizing for Roadster is so confusing. The return pickup driver refused it because of a slight tag fold. Any recommendations on what I should do?,,https://reddit.com/r/shopping/comments/abc/comment/gen_294/,,,IndianFashionAddicts,,41.0,
t1_gen_rd_295,Reddit,Reddit,2026-06-16 13:08:59,FitCheck,,Has anyone else noticed that comparing products on Myntra vs Ajio is exhausting. The fabric looks thick in photos but in reality it's very thin and transparent. Any recommendations on what I should do?,,https://reddit.com/r/shopping/comments/abc/comment/gen_295/,,,shopping,,56.0,
t1_gen_rd_296,Reddit,Reddit,2026-08-06 13:08:59,DenimLover,,Need some advice on online shopping: sizing charts for Mast & Harbour are completely wrong. I have a lot of items in my wishlist but the price keeps changing. Should I buy size M or just go one size larger?,,https://reddit.com/r/shopping/comments/abc/comment/gen_296/,,,IndianFashionAddicts,,106.0,
t1_gen_rd_297,Reddit,Reddit,2026-06-10 13:08:59,TrendSetter,,Need some advice on online shopping: buying western wear online in India is such a headache. I have a lot of items in my wishlist but the price keeps changing. How has your return experience been lately?,,https://reddit.com/r/shopping/comments/abc/comment/gen_297/,,,IndianFashionAddicts,,62.0,
t1_gen_rd_298,Reddit,Reddit,2026-07-02 13:08:59,ShoppingAddict,,"Just a heads up guys, Myntra's sizing for Roadster is so confusing. The fabric looks thick in photos but in reality it's very thin and transparent. Any recommendations on what I should do?",,https://reddit.com/r/shopping/comments/abc/comment/gen_298/,,,shopping,,17.0,
t1_gen_rd_299,Reddit,Reddit,2026-07-20 13:08:59,FitCheck,,"Quick question for the community here, Myntra's sizing for Roadster is so confusing. The fabric looks thick in photos but in reality it's very thin and transparent. Is Ajio better for fit accuracy?",,https://reddit.com/r/shopping/comments/abc/comment/gen_299/,,,IndianFashionAddicts,,29.0,
t1_gen_rd_300,Reddit,Reddit,2026-07-27 13:08:59,ShoppingAddict,,Need some advice on online shopping: sizing charts for Mast & Harbour are completely wrong. The fabric looks thick in photos but in reality it's very thin and transparent. Is this item actually worth the price?,,https://reddit.com/r/shopping/comments/abc/comment/gen_300/,,,shopping,,57.0,
t1_gen_rd_301,Reddit,Reddit,2026-08-18 13:08:59,StyleSeeker,,So I was trying to buy some clothes on Myntra and Myntra's sizing for Roadster is so confusing. The fabric looks thick in photos but in reality it's very thin and transparent. Any recommendations on what I should do?,,https://reddit.com/r/shopping/comments/abc/comment/gen_301/,,,IndianFashionAddicts,,87.0,
t1_gen_rd_302,Reddit,Reddit,2026-07-10 13:08:59,KurtiQueen,,So I was trying to buy some clothes on Myntra and I have 30 items in my wishlist but never checkout. The size chart says M but reviews say it fits like XS. Should I buy size M or just go one size larger?,,https://reddit.com/r/shopping/comments/abc/comment/gen_302/,,,IndianFashionAddicts,,108.0,
t1_gen_rd_303,Reddit,Reddit,2026-08-13 13:08:59,RetailTherapy,,"Quick question for the community here, comparing products on Myntra vs Ajio is exhausting. I keep comparing 5 different kurtis but choice overload is real. Is this item actually worth the price?",,https://reddit.com/r/shopping/comments/abc/comment/gen_303/,,,shopping,,54.0,
t1_gen_rd_304,Reddit,Reddit,2026-06-09 13:08:59,TrendSetter,,Has anyone else noticed that trying to return apparel on Myntra is a nightmare. The return pickup driver refused it because of a slight tag fold. Is this item actually worth the price?,,https://reddit.com/r/shopping/comments/abc/comment/gen_304/,,,shopping,,35.0,
t1_gen_rd_305,Reddit,Reddit,2026-06-16 13:08:59,RetailTherapy,,"Hey everyone, buying western wear online in India is such a headache. The size chart says M but reviews say it fits like XS. Any recommendations on what I should do?",,https://reddit.com/r/shopping/comments/abc/comment/gen_305/,,,shopping,,64.0,
t1_gen_rd_306,Reddit,Reddit,2026-08-12 13:08:59,TrendSetter,,"Just a heads up guys, sizing charts for Mast & Harbour are completely wrong. I keep comparing 5 different kurtis but choice overload is real. Any recommendations on what I should do?",,https://reddit.com/r/shopping/comments/abc/comment/gen_306/,,,IndianFashionAddicts,,72.0,
t1_gen_rd_307,Reddit,Reddit,2026-05-31 13:08:59,StyleSeeker,,So I was trying to buy some clothes on Myntra and sizing charts for Mast & Harbour are completely wrong. The fabric looks thick in photos but in reality it's very thin and transparent. Is Ajio better for fit accuracy?,,https://reddit.com/r/shopping/comments/abc/comment/gen_307/,,,IndianFashionAddicts,,103.0,
t1_gen_rd_308,Reddit,Reddit,2026-07-24 13:08:59,TrendSetter,,Has anyone else noticed that sizing charts for Mast & Harbour are completely wrong. The return pickup driver refused it because of a slight tag fold. Any recommendations on what I should do?,,https://reddit.com/r/shopping/comments/abc/comment/gen_308/,,,IndianFashionAddicts,,20.0,
t1_gen_rd_309,Reddit,Reddit,2026-08-18 13:08:59,KurtiQueen,,"Quick question for the community here, I have 30 items in my wishlist but never checkout. The return pickup driver refused it because of a slight tag fold. How has your return experience been lately?",,https://reddit.com/r/shopping/comments/abc/comment/gen_309/,,,shopping,,64.0,
t1_gen_rd_310,Reddit,Reddit,2026-05-27 13:08:59,FashionGuru,,Has anyone else noticed that comparing products on Myntra vs Ajio is exhausting. Sizing variation across different brands makes it impossible to decide. Any recommendations on what I should do?,,https://reddit.com/r/shopping/comments/abc/comment/gen_310/,,,IndianFashionAddicts,,7.0,
t1_gen_rd_311,Reddit,Reddit,2026-08-14 13:08:59,TrendSetter,,"Quick question for the community here, sizing charts for Mast & Harbour are completely wrong. The return pickup driver refused it because of a slight tag fold. Any recommendations on what I should do?",,https://reddit.com/r/shopping/comments/abc/comment/gen_311/,,,shopping,,28.0,
t1_gen_rd_312,Reddit,Reddit,2026-07-06 13:08:59,StyleSeeker,,Need some advice on online shopping: comparing products on Myntra vs Ajio is exhausting. I keep comparing 5 different kurtis but choice overload is real. Should I buy size M or just go one size larger?,,https://reddit.com/r/shopping/comments/abc/comment/gen_312/,,,shopping,,118.0,
t1_gen_rd_313,Reddit,Reddit,2026-07-31 13:08:59,FashionGuru,,So I was trying to buy some clothes on Myntra and trying to return apparel on Myntra is a nightmare. Sizing variation across different brands makes it impossible to decide. Should I buy size M or just go one size larger?,,https://reddit.com/r/shopping/comments/abc/comment/gen_313/,,,IndianFashionAddicts,,32.0,
t1_gen_rd_314,Reddit,Reddit,2026-07-01 13:08:59,FashionGuru,,"Hey everyone, I have 30 items in my wishlist but never checkout. Sizing variation across different brands makes it impossible to decide. Is Ajio better for fit accuracy?",,https://reddit.com/r/shopping/comments/abc/comment/gen_314/,,,IndianFashionAddicts,,35.0,
t1_gen_rd_315,Reddit,Reddit,2026-06-13 13:08:59,RetailTherapy,,"Just a heads up guys, buying western wear online in India is such a headache. Sizing variation across different brands makes it impossible to decide. Is Ajio better for fit accuracy?",,https://reddit.com/r/shopping/comments/abc/comment/gen_315/,,,IndianFashionAddicts,,26.0,
t1_gen_rd_316,Reddit,Reddit,2026-07-28 13:08:59,FashionGuru,,Need some advice on online shopping: sizing charts for Mast & Harbour are completely wrong. Sizing variation across different brands makes it impossible to decide. Should I buy size M or just go one size larger?,,https://reddit.com/r/shopping/comments/abc/comment/gen_316/,,,IndianFashionAddicts,,24.0,
t1_gen_rd_317,Reddit,Reddit,2026-06-23 13:08:59,DenimLover,,"Quick question for the community here, I have 30 items in my wishlist but never checkout. Sizing variation across different brands makes it impossible to decide. Should I buy size M or just go one size larger?",,https://reddit.com/r/shopping/comments/abc/comment/gen_317/,,,IndianFashionAddicts,,28.0,
t1_gen_rd_318,Reddit,Reddit,2026-05-29 13:08:59,TrendSetter,,Has anyone else noticed that comparing products on Myntra vs Ajio is exhausting. I keep comparing 5 different kurtis but choice overload is real. Is this item actually worth the price?,,https://reddit.com/r/shopping/comments/abc/comment/gen_318/,,,shopping,,8.0,
t1_gen_rd_319,Reddit,Reddit,2026-06-07 13:08:59,KurtiQueen,,Has anyone else noticed that Myntra's sizing for Roadster is so confusing. I keep comparing 5 different kurtis but choice overload is real. Any recommendations on what I should do?,,https://reddit.com/r/shopping/comments/abc/comment/gen_319/,,,shopping,,14.0,
t1_gen_rd_320,Reddit,Reddit,2026-08-15 13:08:59,KurtiQueen,,So I was trying to buy some clothes on Myntra and trying to return apparel on Myntra is a nightmare. The size chart says M but reviews say it fits like XS. Is Ajio better for fit accuracy?,,https://reddit.com/r/shopping/comments/abc/comment/gen_320/,,,IndianFashionAddicts,,103.0,
t1_gen_rd_321,Reddit,Reddit,2026-08-01 13:08:59,ShoppingAddict,,"Hey everyone, Myntra's sizing for Roadster is so confusing. I have a lot of items in my wishlist but the price keeps changing. Should I buy size M or just go one size larger?",,https://reddit.com/r/shopping/comments/abc/comment/gen_321/,,,IndianFashionAddicts,,97.0,
t1_gen_rd_322,Reddit,Reddit,2026-06-08 13:08:59,FashionGuru,,So I was trying to buy some clothes on Myntra and sizing charts for Mast & Harbour are completely wrong. I have a lot of items in my wishlist but the price keeps changing. Should I buy size M or just go one size larger?,,https://reddit.com/r/shopping/comments/abc/comment/gen_322/,,,shopping,,91.0,
t1_gen_rd_323,Reddit,Reddit,2026-06-16 13:08:59,StyleSeeker,,"Hey everyone, comparing products on Myntra vs Ajio is exhausting. The return pickup driver refused it because of a slight tag fold. Is this item actually worth the price?",,https://reddit.com/r/shopping/comments/abc/comment/gen_323/,,,shopping,,63.0,
t1_gen_rd_324,Reddit,Reddit,2026-08-16 13:08:59,FitCheck,,Need some advice on online shopping: buying western wear online in India is such a headache. The size chart says M but reviews say it fits like XS. Let me know if you faced similar issues!,,https://reddit.com/r/shopping/comments/abc/comment/gen_324/,,,shopping,,49.0,
t1_gen_rd_325,Reddit,Reddit,2026-07-12 13:08:59,RetailTherapy,,Has anyone else noticed that buying western wear online in India is such a headache. Sizing variation across different brands makes it impossible to decide. How has your return experience been lately?,,https://reddit.com/r/shopping/comments/abc/comment/gen_325/,,,IndianFashionAddicts,,87.0,
t1_gen_rd_326,Reddit,Reddit,2026-06-18 13:08:59,StyleSeeker,,So I was trying to buy some clothes on Myntra and I have 30 items in my wishlist but never checkout. The return pickup driver refused it because of a slight tag fold. How has your return experience been lately?,,https://reddit.com/r/shopping/comments/abc/comment/gen_326/,,,IndianFashionAddicts,,14.0,
t1_gen_rd_327,Reddit,Reddit,2026-06-02 13:08:59,ShoppingAddict,,"Hey everyone, trying to return apparel on Myntra is a nightmare. Sizing variation across different brands makes it impossible to decide. Is this item actually worth the price?",,https://reddit.com/r/shopping/comments/abc/comment/gen_327/,,,IndianFashionAddicts,,109.0,
t1_gen_rd_328,Reddit,Reddit,2026-08-16 13:08:59,TrendSetter,,Need some advice on online shopping: trying to return apparel on Myntra is a nightmare. The size chart says M but reviews say it fits like XS. Is Ajio better for fit accuracy?,,https://reddit.com/r/shopping/comments/abc/comment/gen_328/,,,IndianFashionAddicts,,50.0,
t1_gen_rd_329,Reddit,Reddit,2026-06-13 13:08:59,FitCheck,,"Hey everyone, trying to return apparel on Myntra is a nightmare. The fabric looks thick in photos but in reality it's very thin and transparent. Let me know if you faced similar issues!",,https://reddit.com/r/shopping/comments/abc/comment/gen_329/,,,shopping,,57.0,
t1_gen_rd_330,Reddit,Reddit,2026-08-08 13:08:59,TrendSetter,,"Quick question for the community here, I have 30 items in my wishlist but never checkout. The fabric looks thick in photos but in reality it's very thin and transparent. Should I buy size M or just go one size larger?",,https://reddit.com/r/shopping/comments/abc/comment/gen_330/,,,IndianFashionAddicts,,43.0,
t1_gen_rd_331,Reddit,Reddit,2026-08-21 13:08:59,DenimLover,,So I was trying to buy some clothes on Myntra and buying western wear online in India is such a headache. I have a lot of items in my wishlist but the price keeps changing. Any recommendations on what I should do?,,https://reddit.com/r/shopping/comments/abc/comment/gen_331/,,,shopping,,93.0,
t1_gen_rd_332,Reddit,Reddit,2026-06-22 13:08:59,ShoppingAddict,,"Hey everyone, trying to return apparel on Myntra is a nightmare. Sizing variation across different brands makes it impossible to decide. Any recommendations on what I should do?",,https://reddit.com/r/shopping/comments/abc/comment/gen_332/,,,IndianFashionAddicts,,60.0,
t1_gen_rd_333,Reddit,Reddit,2026-07-18 13:08:59,KurtiQueen,,"Quick question for the community here, sizing charts for Mast & Harbour are completely wrong. I keep comparing 5 different kurtis but choice overload is real. Let me know if you faced similar issues!",,https://reddit.com/r/shopping/comments/abc/comment/gen_333/,,,shopping,,80.0,
t1_gen_rd_334,Reddit,Reddit,2026-07-02 13:08:59,TrendSetter,,Has anyone else noticed that comparing products on Myntra vs Ajio is exhausting. I have a lot of items in my wishlist but the price keeps changing. Is this item actually worth the price?,,https://reddit.com/r/shopping/comments/abc/comment/gen_334/,,,shopping,,31.0,
t1_gen_rd_335,Reddit,Reddit,2026-07-14 13:08:59,ShoppingAddict,,So I was trying to buy some clothes on Myntra and buying western wear online in India is such a headache. The return pickup driver refused it because of a slight tag fold. Any recommendations on what I should do?,,https://reddit.com/r/shopping/comments/abc/comment/gen_335/,,,shopping,,6.0,
t1_gen_rd_336,Reddit,Reddit,2026-06-22 13:08:59,FitCheck,,Need some advice on online shopping: comparing products on Myntra vs Ajio is exhausting. Sizing variation across different brands makes it impossible to decide. How has your return experience been lately?,,https://reddit.com/r/shopping/comments/abc/comment/gen_336/,,,IndianFashionAddicts,,13.0,
t1_gen_rd_337,Reddit,Reddit,2026-07-18 13:08:59,FashionGuru,,"Quick question for the community here, comparing products on Myntra vs Ajio is exhausting. I have a lot of items in my wishlist but the price keeps changing. Is this item actually worth the price?",,https://reddit.com/r/shopping/comments/abc/comment/gen_337/,,,IndianFashionAddicts,,86.0,
t1_gen_rd_338,Reddit,Reddit,2026-07-02 13:08:59,KurtiQueen,,Need some advice on online shopping: Myntra's sizing for Roadster is so confusing. I have a lot of items in my wishlist but the price keeps changing. Is this item actually worth the price?,,https://reddit.com/r/shopping/comments/abc/comment/gen_338/,,,shopping,,11.0,
t1_gen_rd_339,Reddit,Reddit,2026-06-01 13:08:59,TrendSetter,,So I was trying to buy some clothes on Myntra and sizing charts for Mast & Harbour are completely wrong. I have a lot of items in my wishlist but the price keeps changing. Let me know if you faced similar issues!,,https://reddit.com/r/shopping/comments/abc/comment/gen_339/,,,IndianFashionAddicts,,1.0,
t1_gen_rd_340,Reddit,Reddit,2026-06-14 13:08:59,KurtiQueen,,So I was trying to buy some clothes on Myntra and Myntra's sizing for Roadster is so confusing. The fabric looks thick in photos but in reality it's very thin and transparent. Is Ajio better for fit accuracy?,,https://reddit.com/r/shopping/comments/abc/comment/gen_340/,,,IndianFashionAddicts,,29.0,
t1_gen_rd_341,Reddit,Reddit,2026-07-01 13:08:59,RetailTherapy,,"Quick question for the community here, sizing charts for Mast & Harbour are completely wrong. The return pickup driver refused it because of a slight tag fold. Is Ajio better for fit accuracy?",,https://reddit.com/r/shopping/comments/abc/comment/gen_341/,,,IndianFashionAddicts,,102.0,
t1_gen_rd_342,Reddit,Reddit,2026-08-17 13:08:59,TrendSetter,,So I was trying to buy some clothes on Myntra and I have 30 items in my wishlist but never checkout. I have a lot of items in my wishlist but the price keeps changing. Let me know if you faced similar issues!,,https://reddit.com/r/shopping/comments/abc/comment/gen_342/,,,IndianFashionAddicts,,25.0,
t1_gen_rd_343,Reddit,Reddit,2026-08-21 13:08:59,TrendSetter,,Need some advice on online shopping: buying western wear online in India is such a headache. Sizing variation across different brands makes it impossible to decide. Any recommendations on what I should do?,,https://reddit.com/r/shopping/comments/abc/comment/gen_343/,,,shopping,,120.0,
t1_gen_rd_344,Reddit,Reddit,2026-08-06 13:08:59,KurtiQueen,,"Hey everyone, I have 30 items in my wishlist but never checkout. The return pickup driver refused it because of a slight tag fold. Is Ajio better for fit accuracy?",,https://reddit.com/r/shopping/comments/abc/comment/gen_344/,,,IndianFashionAddicts,,61.0,
t1_gen_rd_345,Reddit,Reddit,2026-07-23 13:08:59,StyleSeeker,,Has anyone else noticed that sizing charts for Mast & Harbour are completely wrong. The fabric looks thick in photos but in reality it's very thin and transparent. Is this item actually worth the price?,,https://reddit.com/r/shopping/comments/abc/comment/gen_345/,,,IndianFashionAddicts,,103.0,
t1_gen_rd_346,Reddit,Reddit,2026-06-25 13:08:59,TrendSetter,,Need some advice on online shopping: comparing products on Myntra vs Ajio is exhausting. I keep comparing 5 different kurtis but choice overload is real. Any recommendations on what I should do?,,https://reddit.com/r/shopping/comments/abc/comment/gen_346/,,,IndianFashionAddicts,,97.0,
t1_gen_rd_347,Reddit,Reddit,2026-08-20 13:08:59,RetailTherapy,,"Hey everyone, sizing charts for Mast & Harbour are completely wrong. I have a lot of items in my wishlist but the price keeps changing. Should I buy size M or just go one size larger?",,https://reddit.com/r/shopping/comments/abc/comment/gen_347/,,,shopping,,41.0,
t1_gen_rd_348,Reddit,Reddit,2026-05-29 13:08:59,DenimLover,,"Just a heads up guys, I have 30 items in my wishlist but never checkout. The size chart says M but reviews say it fits like XS. Is this item actually worth the price?",,https://reddit.com/r/shopping/comments/abc/comment/gen_348/,,,shopping,,101.0,
t1_gen_rd_349,Reddit,Reddit,2026-06-11 13:08:59,FashionGuru,,Need some advice on online shopping: buying western wear online in India is such a headache. The size chart says M but reviews say it fits like XS. Is Ajio better for fit accuracy?,,https://reddit.com/r/shopping/comments/abc/comment/gen_349/,,,IndianFashionAddicts,,110.0,
yt_c_0,YouTube,YouTube,2026-07-25 18:38:59,Sania Vlogs,Honest Myntra Try-On Haul,"Nice collection, really liked the styles. The pricing of the ethnic wear changed twice during the video. Usually this brand runs small, did you size up? Subscribed for more try-on reviews.",,https://youtube.com/watch?v=yt_vid_gen_0,,yt_vid_295,,,126.0,
yt_c_1,YouTube,YouTube,2026-06-23 18:38:59,Sania Vlogs,Myntra Kurta Review,"Loved the styling suggestions here, The pricing of the ethnic wear changed twice during the video. Usually this brand runs small, did you size up? Can you link the blue outfit?",,https://youtube.com/watch?v=yt_vid_gen_1,,yt_vid_813,,,116.0,
yt_c_2,YouTube,YouTube,2026-07-18 18:38:59,Indian Fashion Diaries,Honest Myntra Try-On Haul,"Loved the styling suggestions here, But Myntra's delivery for the blazer is taking too long. I have fit confidence issues so I hesitate to buy. Subscribed for more try-on reviews.",,https://youtube.com/watch?v=yt_vid_gen_2,,yt_vid_197,,,52.0,
yt_c_3,YouTube,YouTube,2026-07-25 18:38:59,Rohit Fashion,Honest Myntra Try-On Haul,Super helpful Myntra haul! Though the reviews for Here&Now jeans say color fades. The sizing chart was confusing when I checked the app. Hope they restock the medium size soon.,,https://youtube.com/watch?v=yt_vid_gen_3,,yt_vid_271,,,122.0,
yt_c_4,YouTube,YouTube,2026-08-19 18:38:59,Indian Fashion Diaries,Roadster vs Mast & Harbour Jeans,"Great video, thanks for sharing. But the sizing of the Roadster kurti at 4:38 seems off. The sizing chart was confusing when I checked the app. Hope they restock the medium size soon.",,https://youtube.com/watch?v=yt_vid_gen_4,,yt_vid_840,,,100.0,
yt_c_5,YouTube,YouTube,2026-07-24 18:38:59,Tanya Lifestyle,Honest Myntra Try-On Haul,"Nice collection, really liked the styles. The pricing of the ethnic wear changed twice during the video. Is it pure cotton fabric or a polyester blend? Subscribed for more try-on reviews.",,https://youtube.com/watch?v=yt_vid_gen_5,,yt_vid_308,,,141.0,
yt_c_6,YouTube,YouTube,2026-06-21 18:38:59,Indian Fashion Diaries,Myntra Summer Dress Haul under 999,"Nice collection, really liked the styles. Though the reviews for Here&Now jeans say color fades. Usually this brand runs small, did you size up? Subscribed for more try-on reviews.",,https://youtube.com/watch?v=yt_vid_gen_6,,yt_vid_853,,,10.0,
yt_c_7,YouTube,YouTube,2026-08-09 18:38:59,Tanya Lifestyle,Roadster vs Mast & Harbour Jeans,"Loved the styling suggestions here, The pricing of the ethnic wear changed twice during the video. The sizing chart was confusing when I checked the app. Which is your favorite among these?",,https://youtube.com/watch?v=yt_vid_gen_7,,yt_vid_672,,,42.0,
yt_c_8,YouTube,YouTube,2026-06-10 18:38:59,Sania Vlogs,Honest Myntra Try-On Haul,Super helpful Myntra haul! The pricing of the ethnic wear changed twice during the video. I have fit confidence issues so I hesitate to buy. Can you link the blue outfit?,,https://youtube.com/watch?v=yt_vid_gen_8,,yt_vid_513,,,118.0,
yt_c_9,YouTube,YouTube,2026-06-07 18:38:59,Rohit Fashion,Honest Myntra Try-On Haul,"Great video, thanks for sharing. I wishlisted the top but size S got sold out instantly. I keep wishlist items for months waiting for a sale. Should I get M or L size?",,https://youtube.com/watch?v=yt_vid_gen_9,,yt_vid_851,,,80.0,
yt_c_10,YouTube,YouTube,2026-06-12 18:38:59,Tanya Lifestyle,Honest Myntra Try-On Haul,"Nice collection, really liked the styles. Though the reviews for Here&Now jeans say color fades. I have fit confidence issues so I hesitate to buy. Keep doing these honest hauls!",,https://youtube.com/watch?v=yt_vid_gen_10,,yt_vid_707,,,30.0,
yt_c_11,YouTube,YouTube,2026-06-14 18:38:59,Tanya Lifestyle,Myntra Summer Dress Haul under 999,"Honest review as always, thank you! But the sizing of the Roadster kurti at 7:28 seems off. I keep wishlist items for months waiting for a sale. Keep doing these honest hauls!",,https://youtube.com/watch?v=yt_vid_gen_11,,yt_vid_742,,,143.0,
yt_c_12,YouTube,YouTube,2026-08-14 18:38:59,Tanya Lifestyle,Myntra Kurta Review,"Love the try-on haul! However, is the Mast & Harbour dress fabric transparent? The sizing chart was confusing when I checked the app. Hope they restock the medium size soon.",,https://youtube.com/watch?v=yt_vid_gen_12,,yt_vid_782,,,12.0,
yt_c_13,YouTube,YouTube,2026-06-12 18:38:59,Rohit Fashion,Myntra Summer Dress Haul under 999,"Loved the styling suggestions here, The pricing of the ethnic wear changed twice during the video. I keep wishlist items for months waiting for a sale. Hope they restock the medium size soon.",,https://youtube.com/watch?v=yt_vid_gen_13,,yt_vid_958,,,51.0,
yt_c_14,YouTube,YouTube,2026-07-10 18:38:59,Tanya Lifestyle,Myntra Kurta Review,"Nice collection, really liked the styles. I wishlisted the top but size S got sold out instantly. I have fit confidence issues so I hesitate to buy. Keep doing these honest hauls!",,https://youtube.com/watch?v=yt_vid_gen_14,,yt_vid_218,,,113.0,
yt_c_15,YouTube,YouTube,2026-06-07 18:38:59,StyleWithMe,Roadster vs Mast & Harbour Jeans,"Great video, thanks for sharing. The pricing of the ethnic wear changed twice during the video. I keep wishlist items for months waiting for a sale. Keep doing these honest hauls!",,https://youtube.com/watch?v=yt_vid_gen_15,,yt_vid_880,,,45.0,
yt_c_16,YouTube,YouTube,2026-08-10 18:38:59,Rohit Fashion,Roadster vs Mast & Harbour Jeans,"Honest review as always, thank you! However, is the Mast & Harbour dress fabric transparent? I have fit confidence issues so I hesitate to buy. Should I get M or L size?",,https://youtube.com/watch?v=yt_vid_gen_16,,yt_vid_893,,,142.0,
yt_c_17,YouTube,YouTube,2026-07-24 18:38:59,Rohit Fashion,Honest Myntra Try-On Haul,"Honest review as always, thank you! But Myntra's delivery for the blazer is taking too long. The sizing chart was confusing when I checked the app. Hope they restock the medium size soon.",,https://youtube.com/watch?v=yt_vid_gen_17,,yt_vid_821,,,59.0,
yt_c_18,YouTube,YouTube,2026-06-07 18:38:59,Rohit Fashion,Roadster vs Mast & Harbour Jeans,"Honest review as always, thank you! But the sizing of the Roadster kurti at 3:33 seems off. I have fit confidence issues so I hesitate to buy. Which is your favorite among these?",,https://youtube.com/watch?v=yt_vid_gen_18,,yt_vid_558,,,53.0,
yt_c_19,YouTube,YouTube,2026-06-19 18:38:59,Sania Vlogs,Honest Myntra Try-On Haul,"Loved the styling suggestions here, But Myntra's delivery for the blazer is taking too long. Ajio has better quality but slower returns process. Subscribed for more try-on reviews.",,https://youtube.com/watch?v=yt_vid_gen_19,,yt_vid_858,,,111.0,
yt_c_20,YouTube,YouTube,2026-07-29 18:38:59,Rohit Fashion,Myntra Summer Dress Haul under 999,Love the try-on haul! I wishlisted the top but size S got sold out instantly. I have fit confidence issues so I hesitate to buy. Which is your favorite among these?,,https://youtube.com/watch?v=yt_vid_gen_20,,yt_vid_673,,,144.0,
yt_c_21,YouTube,YouTube,2026-06-04 18:38:59,Sania Vlogs,Myntra Kurta Review,Super helpful Myntra haul! But Myntra's delivery for the blazer is taking too long. I keep wishlist items for months waiting for a sale. Subscribed for more try-on reviews.,,https://youtube.com/watch?v=yt_vid_gen_21,,yt_vid_311,,,11.0,
yt_c_22,YouTube,YouTube,2026-05-27 18:38:59,StyleWithMe,Roadster vs Mast & Harbour Jeans,Love the try-on haul! I wishlisted the top but size S got sold out instantly. I keep wishlist items for months waiting for a sale. Keep doing these honest hauls!,,https://youtube.com/watch?v=yt_vid_gen_22,,yt_vid_850,,,1.0,
yt_c_23,YouTube,YouTube,2026-06-21 18:38:59,Rohit Fashion,Roadster vs Mast & Harbour Jeans,"Honest review as always, thank you! I wishlisted the top but size S got sold out instantly. I have fit confidence issues so I hesitate to buy. Subscribed for more try-on reviews.",,https://youtube.com/watch?v=yt_vid_gen_23,,yt_vid_474,,,140.0,
yt_c_24,YouTube,YouTube,2026-08-08 18:38:59,StyleWithMe,Myntra Summer Dress Haul under 999,"Nice collection, really liked the styles. But the sizing of the Roadster kurti at 9:15 seems off. Ajio has better quality but slower returns process. Should I get M or L size?",,https://youtube.com/watch?v=yt_vid_gen_24,,yt_vid_118,,,124.0,
yt_c_25,YouTube,YouTube,2026-08-05 18:38:59,Tanya Lifestyle,Honest Myntra Try-On Haul,Love the try-on haul! Though the reviews for Here&Now jeans say color fades. I have fit confidence issues so I hesitate to buy. Hope they restock the medium size soon.,,https://youtube.com/watch?v=yt_vid_gen_25,,yt_vid_793,,,56.0,
yt_c_26,YouTube,YouTube,2026-06-19 18:38:59,Sania Vlogs,Myntra Kurta Review,Love the try-on haul! But Myntra's delivery for the blazer is taking too long. I keep wishlist items for months waiting for a sale. Should I get M or L size?,,https://youtube.com/watch?v=yt_vid_gen_26,,yt_vid_923,,,118.0,
yt_c_27,YouTube,YouTube,2026-08-13 18:38:59,Tanya Lifestyle,Myntra Kurta Review,"Honest review as always, thank you! However, is the Mast & Harbour dress fabric transparent? I have fit confidence issues so I hesitate to buy. Keep doing these honest hauls!",,https://youtube.com/watch?v=yt_vid_gen_27,,yt_vid_137,,,139.0,
yt_c_28,YouTube,YouTube,2026-08-03 18:38:59,Rohit Fashion,Honest Myntra Try-On Haul,"Great video, thanks for sharing. However, is the Mast & Harbour dress fabric transparent? The sizing chart was confusing when I checked the app. Hope they restock the medium size soon.",,https://youtube.com/watch?v=yt_vid_gen_28,,yt_vid_773,,,51.0,
yt_c_29,YouTube,YouTube,2026-08-06 18:38:59,Sania Vlogs,Honest Myntra Try-On Haul,Love the try-on haul! The pricing of the ethnic wear changed twice during the video. The sizing chart was confusing when I checked the app. Can you link the blue outfit?,,https://youtube.com/watch?v=yt_vid_gen_29,,yt_vid_699,,,138.0,
yt_c_30,YouTube,YouTube,2026-06-12 18:38:59,Sania Vlogs,Honest Myntra Try-On Haul,Super helpful Myntra haul! The pricing of the ethnic wear changed twice during the video. Is it pure cotton fabric or a polyester blend? Which is your favorite among these?,,https://youtube.com/watch?v=yt_vid_gen_30,,yt_vid_484,,,14.0,
yt_c_31,YouTube,YouTube,2026-07-16 18:38:59,Indian Fashion Diaries,Myntra Kurta Review,Love the try-on haul! Though the reviews for Here&Now jeans say color fades. Is it pure cotton fabric or a polyester blend? Which is your favorite among these?,,https://youtube.com/watch?v=yt_vid_gen_31,,yt_vid_858,,,19.0,
yt_c_32,YouTube,YouTube,2026-07-02 18:38:59,Indian Fashion Diaries,Honest Myntra Try-On Haul,"Loved the styling suggestions here, But the sizing of the Roadster kurti at 4:45 seems off. Ajio has better quality but slower returns process. Hope they restock the medium size soon.",,https://youtube.com/watch?v=yt_vid_gen_32,,yt_vid_831,,,40.0,
yt_c_33,YouTube,YouTube,2026-06-09 18:38:59,Indian Fashion Diaries,Myntra Summer Dress Haul under 999,Super helpful Myntra haul! But the sizing of the Roadster kurti at 5:59 seems off. The sizing chart was confusing when I checked the app. Can you link the blue outfit?,,https://youtube.com/watch?v=yt_vid_gen_33,,yt_vid_505,,,18.0,
yt_c_34,YouTube,YouTube,2026-08-09 18:38:59,Sania Vlogs,Myntra Summer Dress Haul under 999,"Super helpful Myntra haul! I wishlisted the top but size S got sold out instantly. Usually this brand runs small, did you size up? Should I get M or L size?",,https://youtube.com/watch?v=yt_vid_gen_34,,yt_vid_873,,,65.0,
yt_c_35,YouTube,YouTube,2026-06-04 18:38:59,Tanya Lifestyle,Honest Myntra Try-On Haul,Super helpful Myntra haul! But Myntra's delivery for the blazer is taking too long. I keep wishlist items for months waiting for a sale. Should I get M or L size?,,https://youtube.com/watch?v=yt_vid_gen_35,,yt_vid_125,,,62.0,
yt_c_36,YouTube,YouTube,2026-06-27 18:38:59,Tanya Lifestyle,Myntra Summer Dress Haul under 999,"Love the try-on haul! However, is the Mast & Harbour dress fabric transparent? Usually this brand runs small, did you size up? Which is your favorite among these?",,https://youtube.com/watch?v=yt_vid_gen_36,,yt_vid_184,,,132.0,
yt_c_37,YouTube,YouTube,2026-07-19 18:38:59,Sania Vlogs,Myntra Kurta Review,"Nice collection, really liked the styles. I wishlisted the top but size S got sold out instantly. I have fit confidence issues so I hesitate to buy. Can you link the blue outfit?",,https://youtube.com/watch?v=yt_vid_gen_37,,yt_vid_464,,,100.0,
yt_c_38,YouTube,YouTube,2026-06-13 18:38:59,Sania Vlogs,Myntra Summer Dress Haul under 999,"Great video, thanks for sharing. But Myntra's delivery for the blazer is taking too long. Ajio has better quality but slower returns process. Hope they restock the medium size soon.",,https://youtube.com/watch?v=yt_vid_gen_38,,yt_vid_395,,,5.0,
yt_c_39,YouTube,YouTube,2026-08-01 18:38:59,Indian Fashion Diaries,Myntra Summer Dress Haul under 999,"Loved the styling suggestions here, However, is the Mast & Harbour dress fabric transparent? Ajio has better quality but slower returns process. Can you link the blue outfit?",,https://youtube.com/watch?v=yt_vid_gen_39,,yt_vid_922,,,39.0,
yt_c_40,YouTube,YouTube,2026-05-30 18:38:59,Indian Fashion Diaries,Honest Myntra Try-On Haul,"Great video, thanks for sharing. Though the reviews for Here&Now jeans say color fades. Ajio has better quality but slower returns process. Subscribed for more try-on reviews.",,https://youtube.com/watch?v=yt_vid_gen_40,,yt_vid_352,,,93.0,
yt_c_41,YouTube,YouTube,2026-07-13 18:38:59,StyleWithMe,Honest Myntra Try-On Haul,Love the try-on haul! Though the reviews for Here&Now jeans say color fades. Is it pure cotton fabric or a polyester blend? Hope they restock the medium size soon.,,https://youtube.com/watch?v=yt_vid_gen_41,,yt_vid_919,,,77.0,
yt_c_42,YouTube,YouTube,2026-07-14 18:38:59,Rohit Fashion,Myntra Summer Dress Haul under 999,"Love the try-on haul! However, is the Mast & Harbour dress fabric transparent? I keep wishlist items for months waiting for a sale. Subscribed for more try-on reviews.",,https://youtube.com/watch?v=yt_vid_gen_42,,yt_vid_529,,,56.0,
yt_c_43,YouTube,YouTube,2026-06-30 18:38:59,Indian Fashion Diaries,Roadster vs Mast & Harbour Jeans,"Honest review as always, thank you! But the sizing of the Roadster kurti at 9:59 seems off. I keep wishlist items for months waiting for a sale. Subscribed for more try-on reviews.",,https://youtube.com/watch?v=yt_vid_gen_43,,yt_vid_760,,,100.0,
yt_c_44,YouTube,YouTube,2026-08-22 18:38:59,Tanya Lifestyle,Myntra Summer Dress Haul under 999,"Loved the styling suggestions here, The pricing of the ethnic wear changed twice during the video. The sizing chart was confusing when I checked the app. Hope they restock the medium size soon.",,https://youtube.com/watch?v=yt_vid_gen_44,,yt_vid_706,,,69.0,
yt_c_45,YouTube,YouTube,2026-07-25 18:38:59,Sania Vlogs,Myntra Kurta Review,Love the try-on haul! I wishlisted the top but size S got sold out instantly. Is it pure cotton fabric or a polyester blend? Keep doing these honest hauls!,,https://youtube.com/watch?v=yt_vid_gen_45,,yt_vid_680,,,121.0,
yt_c_46,YouTube,YouTube,2026-06-16 18:38:59,Sania Vlogs,Roadster vs Mast & Harbour Jeans,"Honest review as always, thank you! Though the reviews for Here&Now jeans say color fades. The sizing chart was confusing when I checked the app. Which is your favorite among these?",,https://youtube.com/watch?v=yt_vid_gen_46,,yt_vid_603,,,67.0,
yt_c_47,YouTube,YouTube,2026-06-24 18:38:59,StyleWithMe,Myntra Summer Dress Haul under 999,"Honest review as always, thank you! However, is the Mast & Harbour dress fabric transparent? Is it pure cotton fabric or a polyester blend? Hope they restock the medium size soon.",,https://youtube.com/watch?v=yt_vid_gen_47,,yt_vid_330,,,79.0,
yt_c_48,YouTube,YouTube,2026-07-24 18:38:59,Tanya Lifestyle,Roadster vs Mast & Harbour Jeans,Love the try-on haul! But Myntra's delivery for the blazer is taking too long. The sizing chart was confusing when I checked the app. Can you link the blue outfit?,,https://youtube.com/watch?v=yt_vid_gen_48,,yt_vid_801,,,91.0,
yt_c_49,YouTube,YouTube,2026-06-13 18:38:59,Indian Fashion Diaries,Honest Myntra Try-On Haul,"Honest review as always, thank you! I wishlisted the top but size S got sold out instantly. The sizing chart was confusing when I checked the app. Keep doing these honest hauls!",,https://youtube.com/watch?v=yt_vid_gen_49,,yt_vid_296,,,10.0,
yt_c_50,YouTube,YouTube,2026-05-30 18:38:59,Indian Fashion Diaries,Roadster vs Mast & Harbour Jeans,"Honest review as always, thank you! However, is the Mast & Harbour dress fabric transparent? Usually this brand runs small, did you size up? Which is your favorite among these?",,https://youtube.com/watch?v=yt_vid_gen_50,,yt_vid_250,,,114.0,
yt_c_51,YouTube,YouTube,2026-08-10 18:38:59,StyleWithMe,Myntra Summer Dress Haul under 999,"Super helpful Myntra haul! However, is the Mast & Harbour dress fabric transparent? Ajio has better quality but slower returns process. Should I get M or L size?",,https://youtube.com/watch?v=yt_vid_gen_51,,yt_vid_475,,,63.0,
yt_c_52,YouTube,YouTube,2026-06-28 18:38:59,Indian Fashion Diaries,Honest Myntra Try-On Haul,"Great video, thanks for sharing. But the sizing of the Roadster kurti at 6:24 seems off. Is it pure cotton fabric or a polyester blend? Can you link the blue outfit?",,https://youtube.com/watch?v=yt_vid_gen_52,,yt_vid_576,,,94.0,
yt_c_53,YouTube,YouTube,2026-06-04 18:38:59,Indian Fashion Diaries,Roadster vs Mast & Harbour Jeans,"Great video, thanks for sharing. I wishlisted the top but size S got sold out instantly. Ajio has better quality but slower returns process. Subscribed for more try-on reviews.",,https://youtube.com/watch?v=yt_vid_gen_53,,yt_vid_808,,,126.0,
yt_c_54,YouTube,YouTube,2026-06-29 18:38:59,StyleWithMe,Honest Myntra Try-On Haul,"Nice collection, really liked the styles. I wishlisted the top but size S got sold out instantly. Usually this brand runs small, did you size up? Should I get M or L size?",,https://youtube.com/watch?v=yt_vid_gen_54,,yt_vid_870,,,68.0,
yt_c_55,YouTube,YouTube,2026-05-31 18:38:59,Indian Fashion Diaries,Myntra Kurta Review,"Love the try-on haul! However, is the Mast & Harbour dress fabric transparent? Is it pure cotton fabric or a polyester blend? Should I get M or L size?",,https://youtube.com/watch?v=yt_vid_gen_55,,yt_vid_166,,,106.0,
yt_c_56,YouTube,YouTube,2026-06-16 18:38:59,StyleWithMe,Myntra Kurta Review,Super helpful Myntra haul! Though the reviews for Here&Now jeans say color fades. The sizing chart was confusing when I checked the app. Subscribed for more try-on reviews.,,https://youtube.com/watch?v=yt_vid_gen_56,,yt_vid_401,,,72.0,
yt_c_57,YouTube,YouTube,2026-06-19 18:38:59,Tanya Lifestyle,Roadster vs Mast & Harbour Jeans,"Great video, thanks for sharing. However, is the Mast & Harbour dress fabric transparent? The sizing chart was confusing when I checked the app. Can you link the blue outfit?",,https://youtube.com/watch?v=yt_vid_gen_57,,yt_vid_668,,,48.0,
yt_c_58,YouTube,YouTube,2026-07-06 18:38:59,Rohit Fashion,Roadster vs Mast & Harbour Jeans,"Great video, thanks for sharing. However, is the Mast & Harbour dress fabric transparent? Is it pure cotton fabric or a polyester blend? Subscribed for more try-on reviews.",,https://youtube.com/watch?v=yt_vid_gen_58,,yt_vid_273,,,38.0,
yt_c_59,YouTube,YouTube,2026-08-09 18:38:59,Tanya Lifestyle,Honest Myntra Try-On Haul,"Love the try-on haul! The pricing of the ethnic wear changed twice during the video. Usually this brand runs small, did you size up? Should I get M or L size?",,https://youtube.com/watch?v=yt_vid_gen_59,,yt_vid_137,,,137.0,
yt_c_60,YouTube,YouTube,2026-08-09 18:38:59,Tanya Lifestyle,Myntra Summer Dress Haul under 999,"Great video, thanks for sharing. Though the reviews for Here&Now jeans say color fades. I have fit confidence issues so I hesitate to buy. Which is your favorite among these?",,https://youtube.com/watch?v=yt_vid_gen_60,,yt_vid_355,,,33.0,
yt_c_61,YouTube,YouTube,2026-07-12 18:38:59,StyleWithMe,Myntra Kurta Review,"Nice collection, really liked the styles. I wishlisted the top but size S got sold out instantly. Ajio has better quality but slower returns process. Hope they restock the medium size soon.",,https://youtube.com/watch?v=yt_vid_gen_61,,yt_vid_749,,,3.0,
yt_c_62,YouTube,YouTube,2026-07-26 18:38:59,Indian Fashion Diaries,Honest Myntra Try-On Haul,"Loved the styling suggestions here, But the sizing of the Roadster kurti at 4:53 seems off. Is it pure cotton fabric or a polyester blend? Can you link the blue outfit?",,https://youtube.com/watch?v=yt_vid_gen_62,,yt_vid_813,,,100.0,
yt_c_63,YouTube,YouTube,2026-06-27 18:38:59,Sania Vlogs,Honest Myntra Try-On Haul,"Nice collection, really liked the styles. However, is the Mast & Harbour dress fabric transparent? I keep wishlist items for months waiting for a sale. Hope they restock the medium size soon.",,https://youtube.com/watch?v=yt_vid_gen_63,,yt_vid_565,,,146.0,
yt_c_64,YouTube,YouTube,2026-06-08 18:38:59,Tanya Lifestyle,Honest Myntra Try-On Haul,"Nice collection, really liked the styles. The pricing of the ethnic wear changed twice during the video. Usually this brand runs small, did you size up? Which is your favorite among these?",,https://youtube.com/watch?v=yt_vid_gen_64,,yt_vid_335,,,63.0,
yt_c_65,YouTube,YouTube,2026-08-15 18:38:59,Indian Fashion Diaries,Myntra Kurta Review,"Great video, thanks for sharing. But Myntra's delivery for the blazer is taking too long. Usually this brand runs small, did you size up? Keep doing these honest hauls!",,https://youtube.com/watch?v=yt_vid_gen_65,,yt_vid_994,,,69.0,
yt_c_66,YouTube,YouTube,2026-05-27 18:38:59,Sania Vlogs,Honest Myntra Try-On Haul,Super helpful Myntra haul! But the sizing of the Roadster kurti at 7:59 seems off. Is it pure cotton fabric or a polyester blend? Which is your favorite among these?,,https://youtube.com/watch?v=yt_vid_gen_66,,yt_vid_539,,,87.0,
yt_c_67,YouTube,YouTube,2026-07-31 18:38:59,Indian Fashion Diaries,Myntra Summer Dress Haul under 999,"Honest review as always, thank you! I wishlisted the top but size S got sold out instantly. The sizing chart was confusing when I checked the app. Hope they restock the medium size soon.",,https://youtube.com/watch?v=yt_vid_gen_67,,yt_vid_885,,,58.0,
yt_c_68,YouTube,YouTube,2026-08-03 18:38:59,Rohit Fashion,Roadster vs Mast & Harbour Jeans,"Loved the styling suggestions here, But Myntra's delivery for the blazer is taking too long. Is it pure cotton fabric or a polyester blend? Hope they restock the medium size soon.",,https://youtube.com/watch?v=yt_vid_gen_68,,yt_vid_431,,,120.0,
yt_c_69,YouTube,YouTube,2026-07-21 18:38:59,Tanya Lifestyle,Myntra Summer Dress Haul under 999,"Honest review as always, thank you! Though the reviews for Here&Now jeans say color fades. I have fit confidence issues so I hesitate to buy. Which is your favorite among these?",,https://youtube.com/watch?v=yt_vid_gen_69,,yt_vid_507,,,108.0,
yt_c_70,YouTube,YouTube,2026-06-10 18:38:59,Sania Vlogs,Roadster vs Mast & Harbour Jeans,"Super helpful Myntra haul! The pricing of the ethnic wear changed twice during the video. Usually this brand runs small, did you size up? Subscribed for more try-on reviews.",,https://youtube.com/watch?v=yt_vid_gen_70,,yt_vid_148,,,6.0,
yt_c_71,YouTube,YouTube,2026-08-17 18:38:59,Sania Vlogs,Honest Myntra Try-On Haul,"Honest review as always, thank you! However, is the Mast & Harbour dress fabric transparent? I keep wishlist items for months waiting for a sale. Subscribed for more try-on reviews.",,https://youtube.com/watch?v=yt_vid_gen_71,,yt_vid_748,,,79.0,
yt_c_72,YouTube,YouTube,2026-06-21 18:38:59,Sania Vlogs,Honest Myntra Try-On Haul,Super helpful Myntra haul! The pricing of the ethnic wear changed twice during the video. Is it pure cotton fabric or a polyester blend? Subscribed for more try-on reviews.,,https://youtube.com/watch?v=yt_vid_gen_72,,yt_vid_204,,,131.0,
yt_c_73,YouTube,YouTube,2026-07-10 18:38:59,Indian Fashion Diaries,Myntra Summer Dress Haul under 999,Super helpful Myntra haul! The pricing of the ethnic wear changed twice during the video. I have fit confidence issues so I hesitate to buy. Which is your favorite among these?,,https://youtube.com/watch?v=yt_vid_gen_73,,yt_vid_902,,,104.0,
yt_c_74,YouTube,YouTube,2026-07-11 18:38:59,Sania Vlogs,Honest Myntra Try-On Haul,"Honest review as always, thank you! The pricing of the ethnic wear changed twice during the video. I have fit confidence issues so I hesitate to buy. Keep doing these honest hauls!",,https://youtube.com/watch?v=yt_vid_gen_74,,yt_vid_955,,,16.0,
yt_c_75,YouTube,YouTube,2026-08-16 18:38:59,Sania Vlogs,Myntra Summer Dress Haul under 999,Love the try-on haul! The pricing of the ethnic wear changed twice during the video. Ajio has better quality but slower returns process. Should I get M or L size?,,https://youtube.com/watch?v=yt_vid_gen_75,,yt_vid_797,,,88.0,
yt_c_76,YouTube,YouTube,2026-06-27 18:38:59,Rohit Fashion,Myntra Summer Dress Haul under 999,"Great video, thanks for sharing. Though the reviews for Here&Now jeans say color fades. Ajio has better quality but slower returns process. Should I get M or L size?",,https://youtube.com/watch?v=yt_vid_gen_76,,yt_vid_711,,,49.0,
yt_c_77,YouTube,YouTube,2026-06-02 18:38:59,Rohit Fashion,Myntra Summer Dress Haul under 999,"Super helpful Myntra haul! However, is the Mast & Harbour dress fabric transparent? Is it pure cotton fabric or a polyester blend? Should I get M or L size?",,https://youtube.com/watch?v=yt_vid_gen_77,,yt_vid_723,,,41.0,
yt_c_78,YouTube,YouTube,2026-07-18 18:38:59,Tanya Lifestyle,Roadster vs Mast & Harbour Jeans,"Honest review as always, thank you! But Myntra's delivery for the blazer is taking too long. Ajio has better quality but slower returns process. Which is your favorite among these?",,https://youtube.com/watch?v=yt_vid_gen_78,,yt_vid_438,,,55.0,
yt_c_79,YouTube,YouTube,2026-07-28 18:38:59,Rohit Fashion,Myntra Kurta Review,"Nice collection, really liked the styles. But the sizing of the Roadster kurti at 1:24 seems off. Ajio has better quality but slower returns process. Which is your favorite among these?",,https://youtube.com/watch?v=yt_vid_gen_79,,yt_vid_181,,,136.0,
yt_c_80,YouTube,YouTube,2026-06-02 18:38:59,StyleWithMe,Roadster vs Mast & Harbour Jeans,"Great video, thanks for sharing. Though the reviews for Here&Now jeans say color fades. I keep wishlist items for months waiting for a sale. Can you link the blue outfit?",,https://youtube.com/watch?v=yt_vid_gen_80,,yt_vid_917,,,93.0,
yt_c_81,YouTube,YouTube,2026-06-10 18:38:59,Sania Vlogs,Myntra Kurta Review,Super helpful Myntra haul! Though the reviews for Here&Now jeans say color fades. Is it pure cotton fabric or a polyester blend? Which is your favorite among these?,,https://youtube.com/watch?v=yt_vid_gen_81,,yt_vid_282,,,14.0,
yt_c_82,YouTube,YouTube,2026-07-08 18:38:59,Rohit Fashion,Myntra Summer Dress Haul under 999,Love the try-on haul! I wishlisted the top but size S got sold out instantly. The sizing chart was confusing when I checked the app. Subscribed for more try-on reviews.,,https://youtube.com/watch?v=yt_vid_gen_82,,yt_vid_662,,,111.0,
yt_c_83,YouTube,YouTube,2026-06-09 18:38:59,StyleWithMe,Roadster vs Mast & Harbour Jeans,"Nice collection, really liked the styles. But Myntra's delivery for the blazer is taking too long. The sizing chart was confusing when I checked the app. Subscribed for more try-on reviews.",,https://youtube.com/watch?v=yt_vid_gen_83,,yt_vid_753,,,147.0,
yt_c_84,YouTube,YouTube,2026-07-26 18:38:59,Sania Vlogs,Honest Myntra Try-On Haul,"Nice collection, really liked the styles. Though the reviews for Here&Now jeans say color fades. Usually this brand runs small, did you size up? Hope they restock the medium size soon.",,https://youtube.com/watch?v=yt_vid_gen_84,,yt_vid_330,,,43.0,
yt_c_85,YouTube,YouTube,2026-07-17 18:38:59,Tanya Lifestyle,Roadster vs Mast & Harbour Jeans,"Love the try-on haul! However, is the Mast & Harbour dress fabric transparent? Ajio has better quality but slower returns process. Keep doing these honest hauls!",,https://youtube.com/watch?v=yt_vid_gen_85,,yt_vid_964,,,48.0,
yt_c_86,YouTube,YouTube,2026-06-24 18:38:59,Rohit Fashion,Myntra Summer Dress Haul under 999,Love the try-on haul! I wishlisted the top but size S got sold out instantly. I keep wishlist items for months waiting for a sale. Can you link the blue outfit?,,https://youtube.com/watch?v=yt_vid_gen_86,,yt_vid_605,,,44.0,
yt_c_87,YouTube,YouTube,2026-06-20 18:38:59,StyleWithMe,Honest Myntra Try-On Haul,"Honest review as always, thank you! But the sizing of the Roadster kurti at 5:26 seems off. Is it pure cotton fabric or a polyester blend? Can you link the blue outfit?",,https://youtube.com/watch?v=yt_vid_gen_87,,yt_vid_421,,,48.0,
yt_c_88,YouTube,YouTube,2026-06-10 18:38:59,Sania Vlogs,Myntra Summer Dress Haul under 999,"Super helpful Myntra haul! However, is the Mast & Harbour dress fabric transparent? I keep wishlist items for months waiting for a sale. Can you link the blue outfit?",,https://youtube.com/watch?v=yt_vid_gen_88,,yt_vid_475,,,4.0,
yt_c_89,YouTube,YouTube,2026-07-05 18:38:59,Rohit Fashion,Myntra Kurta Review,"Great video, thanks for sharing. I wishlisted the top but size S got sold out instantly. The sizing chart was confusing when I checked the app. Keep doing these honest hauls!",,https://youtube.com/watch?v=yt_vid_gen_89,,yt_vid_158,,,43.0,
yt_c_90,YouTube,YouTube,2026-07-23 18:38:59,Tanya Lifestyle,Roadster vs Mast & Harbour Jeans,"Honest review as always, thank you! I wishlisted the top but size S got sold out instantly. Usually this brand runs small, did you size up? Should I get M or L size?",,https://youtube.com/watch?v=yt_vid_gen_90,,yt_vid_576,,,113.0,
yt_c_91,YouTube,YouTube,2026-06-09 18:38:59,StyleWithMe,Myntra Summer Dress Haul under 999,Love the try-on haul! But Myntra's delivery for the blazer is taking too long. The sizing chart was confusing when I checked the app. Which is your favorite among these?,,https://youtube.com/watch?v=yt_vid_gen_91,,yt_vid_624,,,86.0,
yt_c_92,YouTube,YouTube,2026-07-03 18:38:59,StyleWithMe,Honest Myntra Try-On Haul,"Super helpful Myntra haul! However, is the Mast & Harbour dress fabric transparent? The sizing chart was confusing when I checked the app. Keep doing these honest hauls!",,https://youtube.com/watch?v=yt_vid_gen_92,,yt_vid_937,,,9.0,
yt_c_93,YouTube,YouTube,2026-08-15 18:38:59,Sania Vlogs,Honest Myntra Try-On Haul,"Honest review as always, thank you! But Myntra's delivery for the blazer is taking too long. Ajio has better quality but slower returns process. Can you link the blue outfit?",,https://youtube.com/watch?v=yt_vid_gen_93,,yt_vid_509,,,53.0,
yt_c_94,YouTube,YouTube,2026-05-26 18:38:59,Rohit Fashion,Honest Myntra Try-On Haul,"Great video, thanks for sharing. Though the reviews for Here&Now jeans say color fades. I have fit confidence issues so I hesitate to buy. Can you link the blue outfit?",,https://youtube.com/watch?v=yt_vid_gen_94,,yt_vid_520,,,53.0,
yt_c_95,YouTube,YouTube,2026-07-24 18:38:59,StyleWithMe,Myntra Kurta Review,Love the try-on haul! Though the reviews for Here&Now jeans say color fades. I have fit confidence issues so I hesitate to buy. Subscribed for more try-on reviews.,,https://youtube.com/watch?v=yt_vid_gen_95,,yt_vid_195,,,121.0,
yt_c_96,YouTube,YouTube,2026-06-06 18:38:59,Rohit Fashion,Myntra Summer Dress Haul under 999,"Great video, thanks for sharing. But Myntra's delivery for the blazer is taking too long. Is it pure cotton fabric or a polyester blend? Should I get M or L size?",,https://youtube.com/watch?v=yt_vid_gen_96,,yt_vid_893,,,45.0,
yt_c_97,YouTube,YouTube,2026-06-26 18:38:59,Sania Vlogs,Myntra Summer Dress Haul under 999,"Honest review as always, thank you! The pricing of the ethnic wear changed twice during the video. Is it pure cotton fabric or a polyester blend? Which is your favorite among these?",,https://youtube.com/watch?v=yt_vid_gen_97,,yt_vid_420,,,38.0,
yt_c_98,YouTube,YouTube,2026-07-27 18:38:59,Indian Fashion Diaries,Myntra Summer Dress Haul under 999,"Great video, thanks for sharing. But the sizing of the Roadster kurti at 4:59 seems off. I keep wishlist items for months waiting for a sale. Keep doing these honest hauls!",,https://youtube.com/watch?v=yt_vid_gen_98,,yt_vid_403,,,99.0,
yt_c_99,YouTube,YouTube,2026-08-14 18:38:59,Indian Fashion Diaries,Myntra Kurta Review,"Honest review as always, thank you! However, is the Mast & Harbour dress fabric transparent? Ajio has better quality but slower returns process. Which is your favorite among these?",,https://youtube.com/watch?v=yt_vid_gen_99,,yt_vid_490,,,24.0,
yt_c_100,YouTube,YouTube,2026-06-07 18:38:59,Sania Vlogs,Roadster vs Mast & Harbour Jeans,"Loved the styling suggestions here, I wishlisted the top but size S got sold out instantly. I keep wishlist items for months waiting for a sale. Keep doing these honest hauls!",,https://youtube.com/watch?v=yt_vid_gen_100,,yt_vid_125,,,2.0,
yt_c_101,YouTube,YouTube,2026-06-19 18:38:59,Indian Fashion Diaries,Honest Myntra Try-On Haul,"Loved the styling suggestions here, The pricing of the ethnic wear changed twice during the video. Usually this brand runs small, did you size up? Keep doing these honest hauls!",,https://youtube.com/watch?v=yt_vid_gen_101,,yt_vid_773,,,27.0,
yt_c_102,YouTube,YouTube,2026-06-16 18:38:59,Rohit Fashion,Roadster vs Mast & Harbour Jeans,"Great video, thanks for sharing. But Myntra's delivery for the blazer is taking too long. I keep wishlist items for months waiting for a sale. Subscribed for more try-on reviews.",,https://youtube.com/watch?v=yt_vid_gen_102,,yt_vid_288,,,8.0,
yt_c_103,YouTube,YouTube,2026-07-30 18:38:59,Indian Fashion Diaries,Myntra Kurta Review,Love the try-on haul! But the sizing of the Roadster kurti at 7:43 seems off. I keep wishlist items for months waiting for a sale. Subscribed for more try-on reviews.,,https://youtube.com/watch?v=yt_vid_gen_103,,yt_vid_995,,,54.0,
yt_c_104,YouTube,YouTube,2026-06-12 18:38:59,Indian Fashion Diaries,Roadster vs Mast & Harbour Jeans,Love the try-on haul! But Myntra's delivery for the blazer is taking too long. Ajio has better quality but slower returns process. Hope they restock the medium size soon.,,https://youtube.com/watch?v=yt_vid_gen_104,,yt_vid_469,,,131.0,
yt_c_105,YouTube,YouTube,2026-08-23 18:38:59,StyleWithMe,Roadster vs Mast & Harbour Jeans,"Nice collection, really liked the styles. But Myntra's delivery for the blazer is taking too long. I have fit confidence issues so I hesitate to buy. Should I get M or L size?",,https://youtube.com/watch?v=yt_vid_gen_105,,yt_vid_737,,,105.0,
yt_c_106,YouTube,YouTube,2026-07-22 18:38:59,Rohit Fashion,Myntra Kurta Review,Love the try-on haul! Though the reviews for Here&Now jeans say color fades. I keep wishlist items for months waiting for a sale. Can you link the blue outfit?,,https://youtube.com/watch?v=yt_vid_gen_106,,yt_vid_189,,,5.0,
yt_c_107,YouTube,YouTube,2026-07-02 18:38:59,Sania Vlogs,Roadster vs Mast & Harbour Jeans,Love the try-on haul! I wishlisted the top but size S got sold out instantly. Ajio has better quality but slower returns process. Subscribed for more try-on reviews.,,https://youtube.com/watch?v=yt_vid_gen_107,,yt_vid_108,,,54.0,
yt_c_108,YouTube,YouTube,2026-08-19 18:38:59,StyleWithMe,Honest Myntra Try-On Haul,"Loved the styling suggestions here, Though the reviews for Here&Now jeans say color fades. Usually this brand runs small, did you size up? Subscribed for more try-on reviews.",,https://youtube.com/watch?v=yt_vid_gen_108,,yt_vid_852,,,98.0,
yt_c_109,YouTube,YouTube,2026-06-19 18:38:59,Rohit Fashion,Roadster vs Mast & Harbour Jeans,"Loved the styling suggestions here, The pricing of the ethnic wear changed twice during the video. Is it pure cotton fabric or a polyester blend? Hope they restock the medium size soon.",,https://youtube.com/watch?v=yt_vid_gen_109,,yt_vid_673,,,116.0,
yt_c_110,YouTube,YouTube,2026-07-22 18:38:59,Sania Vlogs,Myntra Kurta Review,"Nice collection, really liked the styles. However, is the Mast & Harbour dress fabric transparent? Usually this brand runs small, did you size up? Subscribed for more try-on reviews.",,https://youtube.com/watch?v=yt_vid_gen_110,,yt_vid_745,,,30.0,
yt_c_111,YouTube,YouTube,2026-07-03 18:38:59,StyleWithMe,Honest Myntra Try-On Haul,"Honest review as always, thank you! But Myntra's delivery for the blazer is taking too long. I have fit confidence issues so I hesitate to buy. Should I get M or L size?",,https://youtube.com/watch?v=yt_vid_gen_111,,yt_vid_888,,,51.0,
yt_c_112,YouTube,YouTube,2026-05-29 18:38:59,Tanya Lifestyle,Myntra Summer Dress Haul under 999,"Love the try-on haul! However, is the Mast & Harbour dress fabric transparent? Ajio has better quality but slower returns process. Should I get M or L size?",,https://youtube.com/watch?v=yt_vid_gen_112,,yt_vid_395,,,11.0,
yt_c_113,YouTube,YouTube,2026-07-17 18:38:59,Tanya Lifestyle,Roadster vs Mast & Harbour Jeans,"Great video, thanks for sharing. But the sizing of the Roadster kurti at 9:54 seems off. Usually this brand runs small, did you size up? Hope they restock the medium size soon.",,https://youtube.com/watch?v=yt_vid_gen_113,,yt_vid_898,,,102.0,
yt_c_114,YouTube,YouTube,2026-07-08 18:38:59,Tanya Lifestyle,Honest Myntra Try-On Haul,"Great video, thanks for sharing. Though the reviews for Here&Now jeans say color fades. Usually this brand runs small, did you size up? Subscribed for more try-on reviews.",,https://youtube.com/watch?v=yt_vid_gen_114,,yt_vid_123,,,107.0,
yt_c_115,YouTube,YouTube,2026-06-19 18:38:59,Sania Vlogs,Honest Myntra Try-On Haul,"Super helpful Myntra haul! However, is the Mast & Harbour dress fabric transparent? The sizing chart was confusing when I checked the app. Which is your favorite among these?",,https://youtube.com/watch?v=yt_vid_gen_115,,yt_vid_715,,,13.0,
yt_c_116,YouTube,YouTube,2026-08-19 18:38:59,Tanya Lifestyle,Myntra Summer Dress Haul under 999,Love the try-on haul! I wishlisted the top but size S got sold out instantly. I keep wishlist items for months waiting for a sale. Which is your favorite among these?,,https://youtube.com/watch?v=yt_vid_gen_116,,yt_vid_300,,,81.0,
yt_c_117,YouTube,YouTube,2026-08-01 18:38:59,StyleWithMe,Myntra Summer Dress Haul under 999,Super helpful Myntra haul! Though the reviews for Here&Now jeans say color fades. I have fit confidence issues so I hesitate to buy. Hope they restock the medium size soon.,,https://youtube.com/watch?v=yt_vid_gen_117,,yt_vid_419,,,28.0,
yt_c_118,YouTube,YouTube,2026-06-11 18:38:59,Rohit Fashion,Roadster vs Mast & Harbour Jeans,"Honest review as always, thank you! I wishlisted the top but size S got sold out instantly. The sizing chart was confusing when I checked the app. Subscribed for more try-on reviews.",,https://youtube.com/watch?v=yt_vid_gen_118,,yt_vid_109,,,143.0,
yt_c_119,YouTube,YouTube,2026-07-03 18:38:59,Sania Vlogs,Roadster vs Mast & Harbour Jeans,"Loved the styling suggestions here, But the sizing of the Roadster kurti at 2:16 seems off. The sizing chart was confusing when I checked the app. Can you link the blue outfit?",,https://youtube.com/watch?v=yt_vid_gen_119,,yt_vid_858,,,3.0,
yt_c_120,YouTube,YouTube,2026-08-08 18:38:59,Indian Fashion Diaries,Honest Myntra Try-On Haul,Super helpful Myntra haul! I wishlisted the top but size S got sold out instantly. I keep wishlist items for months waiting for a sale. Subscribed for more try-on reviews.,,https://youtube.com/watch?v=yt_vid_gen_120,,yt_vid_474,,,149.0,
yt_c_121,YouTube,YouTube,2026-08-18 18:38:59,Indian Fashion Diaries,Roadster vs Mast & Harbour Jeans,Super helpful Myntra haul! But the sizing of the Roadster kurti at 5:18 seems off. The sizing chart was confusing when I checked the app. Which is your favorite among these?,,https://youtube.com/watch?v=yt_vid_gen_121,,yt_vid_841,,,126.0,
yt_c_122,YouTube,YouTube,2026-07-21 18:38:59,StyleWithMe,Honest Myntra Try-On Haul,"Super helpful Myntra haul! But Myntra's delivery for the blazer is taking too long. Usually this brand runs small, did you size up? Hope they restock the medium size soon.",,https://youtube.com/watch?v=yt_vid_gen_122,,yt_vid_864,,,17.0,
yt_c_123,YouTube,YouTube,2026-07-01 18:38:59,Indian Fashion Diaries,Myntra Kurta Review,Super helpful Myntra haul! Though the reviews for Here&Now jeans say color fades. Ajio has better quality but slower returns process. Should I get M or L size?,,https://youtube.com/watch?v=yt_vid_gen_123,,yt_vid_931,,,8.0,
yt_c_124,YouTube,YouTube,2026-08-04 18:38:59,Rohit Fashion,Roadster vs Mast & Harbour Jeans,Love the try-on haul! But the sizing of the Roadster kurti at 6:38 seems off. Ajio has better quality but slower returns process. Should I get M or L size?,,https://youtube.com/watch?v=yt_vid_gen_124,,yt_vid_166,,,99.0,
yt_c_125,YouTube,YouTube,2026-08-08 18:38:59,Indian Fashion Diaries,Myntra Kurta Review,"Nice collection, really liked the styles. But the sizing of the Roadster kurti at 1:53 seems off. I keep wishlist items for months waiting for a sale. Keep doing these honest hauls!",,https://youtube.com/watch?v=yt_vid_gen_125,,yt_vid_783,,,130.0,
yt_c_126,YouTube,YouTube,2026-08-03 18:38:59,Sania Vlogs,Myntra Kurta Review,"Nice collection, really liked the styles. But the sizing of the Roadster kurti at 2:24 seems off. The sizing chart was confusing when I checked the app. Should I get M or L size?",,https://youtube.com/watch?v=yt_vid_gen_126,,yt_vid_393,,,46.0,
yt_c_127,YouTube,YouTube,2026-06-03 18:38:59,Indian Fashion Diaries,Myntra Kurta Review,"Super helpful Myntra haul! I wishlisted the top but size S got sold out instantly. Usually this brand runs small, did you size up? Subscribed for more try-on reviews.",,https://youtube.com/watch?v=yt_vid_gen_127,,yt_vid_929,,,150.0,
yt_c_128,YouTube,YouTube,2026-07-15 18:38:59,Tanya Lifestyle,Myntra Kurta Review,Super helpful Myntra haul! I wishlisted the top but size S got sold out instantly. Is it pure cotton fabric or a polyester blend? Which is your favorite among these?,,https://youtube.com/watch?v=yt_vid_gen_128,,yt_vid_297,,,78.0,
yt_c_129,YouTube,YouTube,2026-07-13 18:38:59,StyleWithMe,Myntra Kurta Review,Super helpful Myntra haul! But Myntra's delivery for the blazer is taking too long. I keep wishlist items for months waiting for a sale. Can you link the blue outfit?,,https://youtube.com/watch?v=yt_vid_gen_129,,yt_vid_357,,,43.0,
yt_c_130,YouTube,YouTube,2026-05-28 18:38:59,Sania Vlogs,Myntra Summer Dress Haul under 999,"Honest review as always, thank you! But the sizing of the Roadster kurti at 4:48 seems off. I have fit confidence issues so I hesitate to buy. Keep doing these honest hauls!",,https://youtube.com/watch?v=yt_vid_gen_130,,yt_vid_673,,,115.0,
yt_c_131,YouTube,YouTube,2026-08-12 18:38:59,Sania Vlogs,Roadster vs Mast & Harbour Jeans,"Honest review as always, thank you! But Myntra's delivery for the blazer is taking too long. Usually this brand runs small, did you size up? Hope they restock the medium size soon.",,https://youtube.com/watch?v=yt_vid_gen_131,,yt_vid_588,,,28.0,
yt_c_132,YouTube,YouTube,2026-06-26 18:38:59,Tanya Lifestyle,Myntra Summer Dress Haul under 999,"Loved the styling suggestions here, I wishlisted the top but size S got sold out instantly. I have fit confidence issues so I hesitate to buy. Which is your favorite among these?",,https://youtube.com/watch?v=yt_vid_gen_132,,yt_vid_947,,,39.0,
yt_c_133,YouTube,YouTube,2026-05-26 18:38:59,Sania Vlogs,Roadster vs Mast & Harbour Jeans,"Great video, thanks for sharing. But Myntra's delivery for the blazer is taking too long. Usually this brand runs small, did you size up? Can you link the blue outfit?",,https://youtube.com/watch?v=yt_vid_gen_133,,yt_vid_751,,,89.0,
yt_c_134,YouTube,YouTube,2026-08-08 18:38:59,Indian Fashion Diaries,Myntra Kurta Review,"Loved the styling suggestions here, Though the reviews for Here&Now jeans say color fades. Ajio has better quality but slower returns process. Keep doing these honest hauls!",,https://youtube.com/watch?v=yt_vid_gen_134,,yt_vid_298,,,46.0,
yt_c_135,YouTube,YouTube,2026-06-23 18:38:59,Sania Vlogs,Honest Myntra Try-On Haul,Super helpful Myntra haul! But the sizing of the Roadster kurti at 7:56 seems off. I have fit confidence issues so I hesitate to buy. Should I get M or L size?,,https://youtube.com/watch?v=yt_vid_gen_135,,yt_vid_759,,,72.0,
yt_c_136,YouTube,YouTube,2026-07-02 18:38:59,StyleWithMe,Roadster vs Mast & Harbour Jeans,"Loved the styling suggestions here, The pricing of the ethnic wear changed twice during the video. Usually this brand runs small, did you size up? Which is your favorite among these?",,https://youtube.com/watch?v=yt_vid_gen_136,,yt_vid_625,,,143.0,
yt_c_137,YouTube,YouTube,2026-08-12 18:38:59,Sania Vlogs,Honest Myntra Try-On Haul,"Great video, thanks for sharing. The pricing of the ethnic wear changed twice during the video. The sizing chart was confusing when I checked the app. Subscribed for more try-on reviews.",,https://youtube.com/watch?v=yt_vid_gen_137,,yt_vid_217,,,121.0,
yt_c_138,YouTube,YouTube,2026-08-18 18:38:59,Indian Fashion Diaries,Myntra Summer Dress Haul under 999,"Nice collection, really liked the styles. Though the reviews for Here&Now jeans say color fades. Usually this brand runs small, did you size up? Which is your favorite among these?",,https://youtube.com/watch?v=yt_vid_gen_138,,yt_vid_842,,,64.0,
yt_c_139,YouTube,YouTube,2026-06-23 18:38:59,Sania Vlogs,Honest Myntra Try-On Haul,"Super helpful Myntra haul! However, is the Mast & Harbour dress fabric transparent? I keep wishlist items for months waiting for a sale. Hope they restock the medium size soon.",,https://youtube.com/watch?v=yt_vid_gen_139,,yt_vid_349,,,70.0,
yt_c_140,YouTube,YouTube,2026-08-03 18:38:59,Tanya Lifestyle,Roadster vs Mast & Harbour Jeans,"Loved the styling suggestions here, Though the reviews for Here&Now jeans say color fades. Is it pure cotton fabric or a polyester blend? Can you link the blue outfit?",,https://youtube.com/watch?v=yt_vid_gen_140,,yt_vid_236,,,135.0,
yt_c_141,YouTube,YouTube,2026-06-28 18:38:59,Sania Vlogs,Honest Myntra Try-On Haul,Super helpful Myntra haul! But Myntra's delivery for the blazer is taking too long. The sizing chart was confusing when I checked the app. Should I get M or L size?,,https://youtube.com/watch?v=yt_vid_gen_141,,yt_vid_491,,,94.0,
yt_c_142,YouTube,YouTube,2026-06-22 18:38:59,StyleWithMe,Roadster vs Mast & Harbour Jeans,Love the try-on haul! I wishlisted the top but size S got sold out instantly. Ajio has better quality but slower returns process. Keep doing these honest hauls!,,https://youtube.com/watch?v=yt_vid_gen_142,,yt_vid_250,,,101.0,
yt_c_143,YouTube,YouTube,2026-07-31 18:38:59,Indian Fashion Diaries,Honest Myntra Try-On Haul,"Great video, thanks for sharing. The pricing of the ethnic wear changed twice during the video. Usually this brand runs small, did you size up? Subscribed for more try-on reviews.",,https://youtube.com/watch?v=yt_vid_gen_143,,yt_vid_534,,,4.0,
yt_c_144,YouTube,YouTube,2026-08-11 18:38:59,Rohit Fashion,Myntra Summer Dress Haul under 999,"Honest review as always, thank you! The pricing of the ethnic wear changed twice during the video. I keep wishlist items for months waiting for a sale. Which is your favorite among these?",,https://youtube.com/watch?v=yt_vid_gen_144,,yt_vid_461,,,119.0,
yt_c_145,YouTube,YouTube,2026-08-12 18:38:59,Tanya Lifestyle,Honest Myntra Try-On Haul,"Honest review as always, thank you! Though the reviews for Here&Now jeans say color fades. I have fit confidence issues so I hesitate to buy. Should I get M or L size?",,https://youtube.com/watch?v=yt_vid_gen_145,,yt_vid_541,,,98.0,
yt_c_146,YouTube,YouTube,2026-06-06 18:38:59,Rohit Fashion,Myntra Kurta Review,"Great video, thanks for sharing. I wishlisted the top but size S got sold out instantly. Ajio has better quality but slower returns process. Can you link the blue outfit?",,https://youtube.com/watch?v=yt_vid_gen_146,,yt_vid_838,,,31.0,
yt_c_147,YouTube,YouTube,2026-06-16 18:38:59,Indian Fashion Diaries,Myntra Summer Dress Haul under 999,"Loved the styling suggestions here, The pricing of the ethnic wear changed twice during the video. Is it pure cotton fabric or a polyester blend? Can you link the blue outfit?",,https://youtube.com/watch?v=yt_vid_gen_147,,yt_vid_392,,,99.0,
yt_c_148,YouTube,YouTube,2026-06-21 18:38:59,StyleWithMe,Myntra Kurta Review,Love the try-on haul! Though the reviews for Here&Now jeans say color fades. I keep wishlist items for months waiting for a sale. Should I get M or L size?,,https://youtube.com/watch?v=yt_vid_gen_148,,yt_vid_566,,,17.0,
yt_c_149,YouTube,YouTube,2026-08-07 18:38:59,Rohit Fashion,Myntra Kurta Review,"Great video, thanks for sharing. But the sizing of the Roadster kurti at 9:30 seems off. The sizing chart was confusing when I checked the app. Should I get M or L size?",,https://youtube.com/watch?v=yt_vid_gen_149,,yt_vid_841,,,113.0,
yt_c_150,YouTube,YouTube,2026-07-26 18:38:59,Sania Vlogs,Honest Myntra Try-On Haul,"Nice collection, really liked the styles. But Myntra's delivery for the blazer is taking too long. The sizing chart was confusing when I checked the app. Which is your favorite among these?",,https://youtube.com/watch?v=yt_vid_gen_150,,yt_vid_729,,,13.0,
yt_c_151,YouTube,YouTube,2026-06-07 18:38:59,StyleWithMe,Myntra Kurta Review,"Honest review as always, thank you! But Myntra's delivery for the blazer is taking too long. I have fit confidence issues so I hesitate to buy. Which is your favorite among these?",,https://youtube.com/watch?v=yt_vid_gen_151,,yt_vid_798,,,52.0,
yt_c_152,YouTube,YouTube,2026-05-26 18:38:59,Sania Vlogs,Myntra Summer Dress Haul under 999,"Great video, thanks for sharing. However, is the Mast & Harbour dress fabric transparent? I keep wishlist items for months waiting for a sale. Can you link the blue outfit?",,https://youtube.com/watch?v=yt_vid_gen_152,,yt_vid_823,,,141.0,
yt_c_153,YouTube,YouTube,2026-06-03 18:38:59,Tanya Lifestyle,Roadster vs Mast & Harbour Jeans,"Nice collection, really liked the styles. But Myntra's delivery for the blazer is taking too long. Is it pure cotton fabric or a polyester blend? Subscribed for more try-on reviews.",,https://youtube.com/watch?v=yt_vid_gen_153,,yt_vid_305,,,31.0,
yt_c_154,YouTube,YouTube,2026-08-08 18:38:59,Sania Vlogs,Honest Myntra Try-On Haul,Love the try-on haul! But the sizing of the Roadster kurti at 9:48 seems off. Is it pure cotton fabric or a polyester blend? Which is your favorite among these?,,https://youtube.com/watch?v=yt_vid_gen_154,,yt_vid_763,,,112.0,
yt_c_155,YouTube,YouTube,2026-08-13 18:38:59,StyleWithMe,Myntra Summer Dress Haul under 999,"Nice collection, really liked the styles. The pricing of the ethnic wear changed twice during the video. Usually this brand runs small, did you size up? Hope they restock the medium size soon.",,https://youtube.com/watch?v=yt_vid_gen_155,,yt_vid_967,,,73.0,
yt_c_156,YouTube,YouTube,2026-07-27 18:38:59,Rohit Fashion,Honest Myntra Try-On Haul,"Great video, thanks for sharing. I wishlisted the top but size S got sold out instantly. Usually this brand runs small, did you size up? Should I get M or L size?",,https://youtube.com/watch?v=yt_vid_gen_156,,yt_vid_799,,,79.0,
yt_c_157,YouTube,YouTube,2026-08-15 18:38:59,Rohit Fashion,Roadster vs Mast & Harbour Jeans,"Nice collection, really liked the styles. However, is the Mast & Harbour dress fabric transparent? Ajio has better quality but slower returns process. Can you link the blue outfit?",,https://youtube.com/watch?v=yt_vid_gen_157,,yt_vid_754,,,128.0,
yt_c_158,YouTube,YouTube,2026-07-20 18:38:59,Indian Fashion Diaries,Roadster vs Mast & Harbour Jeans,"Love the try-on haul! The pricing of the ethnic wear changed twice during the video. Usually this brand runs small, did you size up? Can you link the blue outfit?",,https://youtube.com/watch?v=yt_vid_gen_158,,yt_vid_426,,,142.0,
yt_c_159,YouTube,YouTube,2026-06-27 18:38:59,Tanya Lifestyle,Roadster vs Mast & Harbour Jeans,"Loved the styling suggestions here, But the sizing of the Roadster kurti at 3:16 seems off. Usually this brand runs small, did you size up? Keep doing these honest hauls!",,https://youtube.com/watch?v=yt_vid_gen_159,,yt_vid_450,,,85.0,
yt_c_160,YouTube,YouTube,2026-06-03 18:38:59,Sania Vlogs,Myntra Kurta Review,Love the try-on haul! The pricing of the ethnic wear changed twice during the video. Is it pure cotton fabric or a polyester blend? Should I get M or L size?,,https://youtube.com/watch?v=yt_vid_gen_160,,yt_vid_987,,,43.0,
yt_c_161,YouTube,YouTube,2026-06-02 18:38:59,Tanya Lifestyle,Roadster vs Mast & Harbour Jeans,"Loved the styling suggestions here, The pricing of the ethnic wear changed twice during the video. I have fit confidence issues so I hesitate to buy. Which is your favorite among these?",,https://youtube.com/watch?v=yt_vid_gen_161,,yt_vid_291,,,122.0,
yt_c_162,YouTube,YouTube,2026-08-18 18:38:59,Tanya Lifestyle,Honest Myntra Try-On Haul,"Love the try-on haul! However, is the Mast & Harbour dress fabric transparent? Usually this brand runs small, did you size up? Should I get M or L size?",,https://youtube.com/watch?v=yt_vid_gen_162,,yt_vid_107,,,71.0,
yt_c_163,YouTube,YouTube,2026-08-01 18:38:59,Indian Fashion Diaries,Roadster vs Mast & Harbour Jeans,"Honest review as always, thank you! But the sizing of the Roadster kurti at 1:47 seems off. Ajio has better quality but slower returns process. Which is your favorite among these?",,https://youtube.com/watch?v=yt_vid_gen_163,,yt_vid_831,,,30.0,
yt_c_164,YouTube,YouTube,2026-08-16 18:38:59,Indian Fashion Diaries,Honest Myntra Try-On Haul,Super helpful Myntra haul! But the sizing of the Roadster kurti at 6:35 seems off. Is it pure cotton fabric or a polyester blend? Can you link the blue outfit?,,https://youtube.com/watch?v=yt_vid_gen_164,,yt_vid_207,,,10.0,
yt_c_165,YouTube,YouTube,2026-08-17 18:38:59,Rohit Fashion,Roadster vs Mast & Harbour Jeans,"Honest review as always, thank you! But Myntra's delivery for the blazer is taking too long. I have fit confidence issues so I hesitate to buy. Can you link the blue outfit?",,https://youtube.com/watch?v=yt_vid_gen_165,,yt_vid_309,,,57.0,
yt_c_166,YouTube,YouTube,2026-07-19 18:38:59,Indian Fashion Diaries,Myntra Summer Dress Haul under 999,"Super helpful Myntra haul! However, is the Mast & Harbour dress fabric transparent? I keep wishlist items for months waiting for a sale. Keep doing these honest hauls!",,https://youtube.com/watch?v=yt_vid_gen_166,,yt_vid_920,,,129.0,
yt_c_167,YouTube,YouTube,2026-07-28 18:38:59,Indian Fashion Diaries,Myntra Summer Dress Haul under 999,Super helpful Myntra haul! But the sizing of the Roadster kurti at 8:30 seems off. I keep wishlist items for months waiting for a sale. Subscribed for more try-on reviews.,,https://youtube.com/watch?v=yt_vid_gen_167,,yt_vid_247,,,123.0,
yt_c_168,YouTube,YouTube,2026-06-05 18:38:59,Sania Vlogs,Myntra Kurta Review,Love the try-on haul! I wishlisted the top but size S got sold out instantly. Ajio has better quality but slower returns process. Should I get M or L size?,,https://youtube.com/watch?v=yt_vid_gen_168,,yt_vid_781,,,39.0,
yt_c_169,YouTube,YouTube,2026-06-22 18:38:59,StyleWithMe,Myntra Summer Dress Haul under 999,"Loved the styling suggestions here, However, is the Mast & Harbour dress fabric transparent? Is it pure cotton fabric or a polyester blend? Keep doing these honest hauls!",,https://youtube.com/watch?v=yt_vid_gen_169,,yt_vid_325,,,56.0,
yt_c_170,YouTube,YouTube,2026-08-15 18:38:59,Rohit Fashion,Honest Myntra Try-On Haul,"Nice collection, really liked the styles. But Myntra's delivery for the blazer is taking too long. I keep wishlist items for months waiting for a sale. Which is your favorite among these?",,https://youtube.com/watch?v=yt_vid_gen_170,,yt_vid_934,,,54.0,
yt_c_171,YouTube,YouTube,2026-07-05 18:38:59,Sania Vlogs,Myntra Kurta Review,Love the try-on haul! The pricing of the ethnic wear changed twice during the video. Ajio has better quality but slower returns process. Hope they restock the medium size soon.,,https://youtube.com/watch?v=yt_vid_gen_171,,yt_vid_613,,,47.0,
yt_c_172,YouTube,YouTube,2026-07-28 18:38:59,StyleWithMe,Myntra Summer Dress Haul under 999,"Nice collection, really liked the styles. But Myntra's delivery for the blazer is taking too long. Is it pure cotton fabric or a polyester blend? Hope they restock the medium size soon.",,https://youtube.com/watch?v=yt_vid_gen_172,,yt_vid_441,,,111.0,
yt_c_173,YouTube,YouTube,2026-07-17 18:38:59,Rohit Fashion,Myntra Kurta Review,"Love the try-on haul! However, is the Mast & Harbour dress fabric transparent? Is it pure cotton fabric or a polyester blend? Keep doing these honest hauls!",,https://youtube.com/watch?v=yt_vid_gen_173,,yt_vid_382,,,7.0,
yt_c_174,YouTube,YouTube,2026-06-09 18:38:59,Tanya Lifestyle,Roadster vs Mast & Harbour Jeans,Super helpful Myntra haul! But Myntra's delivery for the blazer is taking too long. Ajio has better quality but slower returns process. Which is your favorite among these?,,https://youtube.com/watch?v=yt_vid_gen_174,,yt_vid_681,,,21.0,
yt_c_175,YouTube,YouTube,2026-07-17 18:38:59,StyleWithMe,Myntra Kurta Review,"Love the try-on haul! Though the reviews for Here&Now jeans say color fades. Usually this brand runs small, did you size up? Subscribed for more try-on reviews.",,https://youtube.com/watch?v=yt_vid_gen_175,,yt_vid_778,,,66.0,
yt_c_176,YouTube,YouTube,2026-07-31 18:38:59,StyleWithMe,Myntra Summer Dress Haul under 999,"Nice collection, really liked the styles. The pricing of the ethnic wear changed twice during the video. I keep wishlist items for months waiting for a sale. Should I get M or L size?",,https://youtube.com/watch?v=yt_vid_gen_176,,yt_vid_950,,,68.0,
yt_c_177,YouTube,YouTube,2026-06-04 18:38:59,StyleWithMe,Myntra Kurta Review,"Loved the styling suggestions here, The pricing of the ethnic wear changed twice during the video. Is it pure cotton fabric or a polyester blend? Which is your favorite among these?",,https://youtube.com/watch?v=yt_vid_gen_177,,yt_vid_176,,,127.0,
yt_c_178,YouTube,YouTube,2026-07-18 18:38:59,Sania Vlogs,Honest Myntra Try-On Haul,"Nice collection, really liked the styles. But the sizing of the Roadster kurti at 6:23 seems off. I keep wishlist items for months waiting for a sale. Which is your favorite among these?",,https://youtube.com/watch?v=yt_vid_gen_178,,yt_vid_539,,,114.0,
yt_c_179,YouTube,YouTube,2026-08-10 18:38:59,Indian Fashion Diaries,Roadster vs Mast & Harbour Jeans,"Honest review as always, thank you! The pricing of the ethnic wear changed twice during the video. Ajio has better quality but slower returns process. Keep doing these honest hauls!",,https://youtube.com/watch?v=yt_vid_gen_179,,yt_vid_226,,,111.0,
yt_c_180,YouTube,YouTube,2026-06-25 18:38:59,Tanya Lifestyle,Myntra Summer Dress Haul under 999,Super helpful Myntra haul! The pricing of the ethnic wear changed twice during the video. Ajio has better quality but slower returns process. Should I get M or L size?,,https://youtube.com/watch?v=yt_vid_gen_180,,yt_vid_546,,,0.0,
yt_c_181,YouTube,YouTube,2026-06-16 18:38:59,StyleWithMe,Myntra Summer Dress Haul under 999,Super helpful Myntra haul! The pricing of the ethnic wear changed twice during the video. I have fit confidence issues so I hesitate to buy. Subscribed for more try-on reviews.,,https://youtube.com/watch?v=yt_vid_gen_181,,yt_vid_778,,,70.0,
yt_c_182,YouTube,YouTube,2026-06-19 18:38:59,StyleWithMe,Myntra Kurta Review,"Loved the styling suggestions here, But the sizing of the Roadster kurti at 9:14 seems off. Usually this brand runs small, did you size up? Hope they restock the medium size soon.",,https://youtube.com/watch?v=yt_vid_gen_182,,yt_vid_876,,,64.0,
yt_c_183,YouTube,YouTube,2026-08-03 18:38:59,Rohit Fashion,Roadster vs Mast & Harbour Jeans,"Great video, thanks for sharing. The pricing of the ethnic wear changed twice during the video. I have fit confidence issues so I hesitate to buy. Keep doing these honest hauls!",,https://youtube.com/watch?v=yt_vid_gen_183,,yt_vid_347,,,80.0,
yt_c_184,YouTube,YouTube,2026-07-27 18:38:59,StyleWithMe,Honest Myntra Try-On Haul,Love the try-on haul! Though the reviews for Here&Now jeans say color fades. Ajio has better quality but slower returns process. Subscribed for more try-on reviews.,,https://youtube.com/watch?v=yt_vid_gen_184,,yt_vid_515,,,4.0,
yt_c_185,YouTube,YouTube,2026-06-03 18:38:59,Rohit Fashion,Myntra Summer Dress Haul under 999,Love the try-on haul! The pricing of the ethnic wear changed twice during the video. Ajio has better quality but slower returns process. Can you link the blue outfit?,,https://youtube.com/watch?v=yt_vid_gen_185,,yt_vid_540,,,114.0,
yt_c_186,YouTube,YouTube,2026-08-22 18:38:59,Indian Fashion Diaries,Myntra Summer Dress Haul under 999,"Nice collection, really liked the styles. But the sizing of the Roadster kurti at 6:25 seems off. Is it pure cotton fabric or a polyester blend? Subscribed for more try-on reviews.",,https://youtube.com/watch?v=yt_vid_gen_186,,yt_vid_563,,,31.0,
yt_c_187,YouTube,YouTube,2026-08-17 18:38:59,Indian Fashion Diaries,Myntra Kurta Review,"Great video, thanks for sharing. I wishlisted the top but size S got sold out instantly. Usually this brand runs small, did you size up? Hope they restock the medium size soon.",,https://youtube.com/watch?v=yt_vid_gen_187,,yt_vid_833,,,2.0,
yt_c_188,YouTube,YouTube,2026-06-15 18:38:59,Rohit Fashion,Honest Myntra Try-On Haul,"Honest review as always, thank you! The pricing of the ethnic wear changed twice during the video. Ajio has better quality but slower returns process. Can you link the blue outfit?",,https://youtube.com/watch?v=yt_vid_gen_188,,yt_vid_965,,,32.0,
yt_c_189,YouTube,YouTube,2026-08-03 18:38:59,Indian Fashion Diaries,Myntra Summer Dress Haul under 999,"Loved the styling suggestions here, The pricing of the ethnic wear changed twice during the video. Ajio has better quality but slower returns process. Hope they restock the medium size soon.",,https://youtube.com/watch?v=yt_vid_gen_189,,yt_vid_640,,,129.0,
yt_c_190,YouTube,YouTube,2026-06-30 18:38:59,Tanya Lifestyle,Honest Myntra Try-On Haul,"Nice collection, really liked the styles. However, is the Mast & Harbour dress fabric transparent? Usually this brand runs small, did you size up? Should I get M or L size?",,https://youtube.com/watch?v=yt_vid_gen_190,,yt_vid_956,,,104.0,
yt_c_191,YouTube,YouTube,2026-06-22 18:38:59,Indian Fashion Diaries,Honest Myntra Try-On Haul,Love the try-on haul! But Myntra's delivery for the blazer is taking too long. I have fit confidence issues so I hesitate to buy. Keep doing these honest hauls!,,https://youtube.com/watch?v=yt_vid_gen_191,,yt_vid_829,,,74.0,
yt_c_192,YouTube,YouTube,2026-06-14 18:38:59,Rohit Fashion,Myntra Kurta Review,"Nice collection, really liked the styles. But the sizing of the Roadster kurti at 4:52 seems off. Ajio has better quality but slower returns process. Subscribed for more try-on reviews.",,https://youtube.com/watch?v=yt_vid_gen_192,,yt_vid_556,,,68.0,
yt_c_193,YouTube,YouTube,2026-06-09 18:38:59,Tanya Lifestyle,Myntra Kurta Review,"Great video, thanks for sharing. But the sizing of the Roadster kurti at 4:38 seems off. Usually this brand runs small, did you size up? Which is your favorite among these?",,https://youtube.com/watch?v=yt_vid_gen_193,,yt_vid_621,,,8.0,
yt_c_194,YouTube,YouTube,2026-06-15 18:38:59,Sania Vlogs,Honest Myntra Try-On Haul,"Love the try-on haul! However, is the Mast & Harbour dress fabric transparent? Ajio has better quality but slower returns process. Subscribed for more try-on reviews.",,https://youtube.com/watch?v=yt_vid_gen_194,,yt_vid_636,,,16.0,
yt_c_195,YouTube,YouTube,2026-07-09 18:38:59,Tanya Lifestyle,Myntra Kurta Review,Super helpful Myntra haul! Though the reviews for Here&Now jeans say color fades. Is it pure cotton fabric or a polyester blend? Hope they restock the medium size soon.,,https://youtube.com/watch?v=yt_vid_gen_195,,yt_vid_742,,,70.0,
yt_c_196,YouTube,YouTube,2026-08-11 18:38:59,Rohit Fashion,Myntra Summer Dress Haul under 999,"Honest review as always, thank you! But Myntra's delivery for the blazer is taking too long. The sizing chart was confusing when I checked the app. Subscribed for more try-on reviews.",,https://youtube.com/watch?v=yt_vid_gen_196,,yt_vid_267,,,57.0,
yt_c_197,YouTube,YouTube,2026-06-15 18:38:59,Sania Vlogs,Myntra Summer Dress Haul under 999,"Loved the styling suggestions here, But Myntra's delivery for the blazer is taking too long. Is it pure cotton fabric or a polyester blend? Should I get M or L size?",,https://youtube.com/watch?v=yt_vid_gen_197,,yt_vid_677,,,31.0,
yt_c_198,YouTube,YouTube,2026-07-10 18:38:59,Rohit Fashion,Myntra Summer Dress Haul under 999,"Nice collection, really liked the styles. However, is the Mast & Harbour dress fabric transparent? I keep wishlist items for months waiting for a sale. Should I get M or L size?",,https://youtube.com/watch?v=yt_vid_gen_198,,yt_vid_175,,,28.0,
yt_c_199,YouTube,YouTube,2026-07-19 18:38:59,Indian Fashion Diaries,Myntra Summer Dress Haul under 999,Love the try-on haul! Though the reviews for Here&Now jeans say color fades. Is it pure cotton fabric or a polyester blend? Keep doing these honest hauls!,,https://youtube.com/watch?v=yt_vid_gen_199,,yt_vid_581,,,80.0,
yt_c_200,YouTube,YouTube,2026-08-06 18:38:59,Sania Vlogs,Honest Myntra Try-On Haul,"Honest review as always, thank you! I wishlisted the top but size S got sold out instantly. I keep wishlist items for months waiting for a sale. Subscribed for more try-on reviews.",,https://youtube.com/watch?v=yt_vid_gen_200,,yt_vid_162,,,26.0,
yt_c_201,YouTube,YouTube,2026-08-09 18:38:59,Sania Vlogs,Myntra Kurta Review,"Nice collection, really liked the styles. I wishlisted the top but size S got sold out instantly. Ajio has better quality but slower returns process. Keep doing these honest hauls!",,https://youtube.com/watch?v=yt_vid_gen_201,,yt_vid_134,,,55.0,
yt_c_202,YouTube,YouTube,2026-07-16 18:38:59,Indian Fashion Diaries,Myntra Kurta Review,"Super helpful Myntra haul! However, is the Mast & Harbour dress fabric transparent? I keep wishlist items for months waiting for a sale. Which is your favorite among these?",,https://youtube.com/watch?v=yt_vid_gen_202,,yt_vid_531,,,11.0,
yt_c_203,YouTube,YouTube,2026-08-23 18:38:59,Indian Fashion Diaries,Myntra Kurta Review,Super helpful Myntra haul! The pricing of the ethnic wear changed twice during the video. The sizing chart was confusing when I checked the app. Which is your favorite among these?,,https://youtube.com/watch?v=yt_vid_gen_203,,yt_vid_196,,,63.0,
yt_c_204,YouTube,YouTube,2026-08-07 18:38:59,Tanya Lifestyle,Roadster vs Mast & Harbour Jeans,"Super helpful Myntra haul! But the sizing of the Roadster kurti at 1:34 seems off. Usually this brand runs small, did you size up? Can you link the blue outfit?",,https://youtube.com/watch?v=yt_vid_gen_204,,yt_vid_108,,,132.0,
yt_c_205,YouTube,YouTube,2026-06-18 18:38:59,StyleWithMe,Roadster vs Mast & Harbour Jeans,Super helpful Myntra haul! But Myntra's delivery for the blazer is taking too long. I have fit confidence issues so I hesitate to buy. Keep doing these honest hauls!,,https://youtube.com/watch?v=yt_vid_gen_205,,yt_vid_152,,,107.0,
yt_c_206,YouTube,YouTube,2026-06-29 18:38:59,Tanya Lifestyle,Honest Myntra Try-On Haul,"Great video, thanks for sharing. But Myntra's delivery for the blazer is taking too long. Is it pure cotton fabric or a polyester blend? Which is your favorite among these?",,https://youtube.com/watch?v=yt_vid_gen_206,,yt_vid_453,,,3.0,
yt_c_207,YouTube,YouTube,2026-07-22 18:38:59,Rohit Fashion,Myntra Kurta Review,"Nice collection, really liked the styles. I wishlisted the top but size S got sold out instantly. Is it pure cotton fabric or a polyester blend? Keep doing these honest hauls!",,https://youtube.com/watch?v=yt_vid_gen_207,,yt_vid_368,,,104.0,
yt_c_208,YouTube,YouTube,2026-06-14 18:38:59,Tanya Lifestyle,Myntra Kurta Review,"Nice collection, really liked the styles. I wishlisted the top but size S got sold out instantly. Usually this brand runs small, did you size up? Hope they restock the medium size soon.",,https://youtube.com/watch?v=yt_vid_gen_208,,yt_vid_605,,,71.0,
yt_c_209,YouTube,YouTube,2026-07-01 18:38:59,Rohit Fashion,Myntra Kurta Review,"Loved the styling suggestions here, Though the reviews for Here&Now jeans say color fades. The sizing chart was confusing when I checked the app. Should I get M or L size?",,https://youtube.com/watch?v=yt_vid_gen_209,,yt_vid_412,,,91.0,
yt_c_210,YouTube,YouTube,2026-06-08 18:38:59,StyleWithMe,Myntra Kurta Review,"Loved the styling suggestions here, Though the reviews for Here&Now jeans say color fades. I have fit confidence issues so I hesitate to buy. Subscribed for more try-on reviews.",,https://youtube.com/watch?v=yt_vid_gen_210,,yt_vid_218,,,123.0,
yt_c_211,YouTube,YouTube,2026-07-13 18:38:59,Sania Vlogs,Roadster vs Mast & Harbour Jeans,"Great video, thanks for sharing. The pricing of the ethnic wear changed twice during the video. Is it pure cotton fabric or a polyester blend? Subscribed for more try-on reviews.",,https://youtube.com/watch?v=yt_vid_gen_211,,yt_vid_557,,,77.0,
yt_c_212,YouTube,YouTube,2026-06-24 18:38:59,Tanya Lifestyle,Roadster vs Mast & Harbour Jeans,"Nice collection, really liked the styles. But the sizing of the Roadster kurti at 8:33 seems off. Usually this brand runs small, did you size up? Which is your favorite among these?",,https://youtube.com/watch?v=yt_vid_gen_212,,yt_vid_384,,,37.0,
yt_c_213,YouTube,YouTube,2026-06-24 18:38:59,Tanya Lifestyle,Roadster vs Mast & Harbour Jeans,Super helpful Myntra haul! I wishlisted the top but size S got sold out instantly. The sizing chart was confusing when I checked the app. Hope they restock the medium size soon.,,https://youtube.com/watch?v=yt_vid_gen_213,,yt_vid_360,,,64.0,
yt_c_214,YouTube,YouTube,2026-07-08 18:38:59,StyleWithMe,Honest Myntra Try-On Haul,Love the try-on haul! I wishlisted the top but size S got sold out instantly. Is it pure cotton fabric or a polyester blend? Subscribed for more try-on reviews.,,https://youtube.com/watch?v=yt_vid_gen_214,,yt_vid_286,,,61.0,
yt_c_215,YouTube,YouTube,2026-08-18 18:38:59,Sania Vlogs,Myntra Kurta Review,Love the try-on haul! I wishlisted the top but size S got sold out instantly. I keep wishlist items for months waiting for a sale. Hope they restock the medium size soon.,,https://youtube.com/watch?v=yt_vid_gen_215,,yt_vid_832,,,14.0,
yt_c_216,YouTube,YouTube,2026-06-12 18:38:59,Tanya Lifestyle,Roadster vs Mast & Harbour Jeans,"Honest review as always, thank you! But Myntra's delivery for the blazer is taking too long. Usually this brand runs small, did you size up? Subscribed for more try-on reviews.",,https://youtube.com/watch?v=yt_vid_gen_216,,yt_vid_288,,,35.0,
yt_c_217,YouTube,YouTube,2026-06-27 18:38:59,Rohit Fashion,Roadster vs Mast & Harbour Jeans,"Nice collection, really liked the styles. But Myntra's delivery for the blazer is taking too long. Ajio has better quality but slower returns process. Should I get M or L size?",,https://youtube.com/watch?v=yt_vid_gen_217,,yt_vid_155,,,112.0,
yt_c_218,YouTube,YouTube,2026-07-23 18:38:59,Rohit Fashion,Honest Myntra Try-On Haul,Love the try-on haul! The pricing of the ethnic wear changed twice during the video. The sizing chart was confusing when I checked the app. Which is your favorite among these?,,https://youtube.com/watch?v=yt_vid_gen_218,,yt_vid_865,,,42.0,
yt_c_219,YouTube,YouTube,2026-07-24 18:38:59,Tanya Lifestyle,Myntra Summer Dress Haul under 999,"Loved the styling suggestions here, I wishlisted the top but size S got sold out instantly. Is it pure cotton fabric or a polyester blend? Can you link the blue outfit?",,https://youtube.com/watch?v=yt_vid_gen_219,,yt_vid_627,,,150.0,
yt_c_220,YouTube,YouTube,2026-06-25 18:38:59,Sania Vlogs,Honest Myntra Try-On Haul,"Honest review as always, thank you! I wishlisted the top but size S got sold out instantly. Usually this brand runs small, did you size up? Can you link the blue outfit?",,https://youtube.com/watch?v=yt_vid_gen_220,,yt_vid_205,,,29.0,
yt_c_221,YouTube,YouTube,2026-08-16 18:38:59,Rohit Fashion,Roadster vs Mast & Harbour Jeans,"Nice collection, really liked the styles. But Myntra's delivery for the blazer is taking too long. The sizing chart was confusing when I checked the app. Should I get M or L size?",,https://youtube.com/watch?v=yt_vid_gen_221,,yt_vid_988,,,85.0,
yt_c_222,YouTube,YouTube,2026-08-23 18:38:59,Rohit Fashion,Roadster vs Mast & Harbour Jeans,"Love the try-on haul! However, is the Mast & Harbour dress fabric transparent? The sizing chart was confusing when I checked the app. Which is your favorite among these?",,https://youtube.com/watch?v=yt_vid_gen_222,,yt_vid_372,,,144.0,
yt_c_223,YouTube,YouTube,2026-05-27 18:38:59,Sania Vlogs,Myntra Summer Dress Haul under 999,"Love the try-on haul! I wishlisted the top but size S got sold out instantly. Usually this brand runs small, did you size up? Keep doing these honest hauls!",,https://youtube.com/watch?v=yt_vid_gen_223,,yt_vid_137,,,127.0,
yt_c_224,YouTube,YouTube,2026-08-17 18:38:59,StyleWithMe,Myntra Summer Dress Haul under 999,Super helpful Myntra haul! I wishlisted the top but size S got sold out instantly. Is it pure cotton fabric or a polyester blend? Can you link the blue outfit?,,https://youtube.com/watch?v=yt_vid_gen_224,,yt_vid_935,,,61.0,
yt_c_225,YouTube,YouTube,2026-07-26 18:38:59,Rohit Fashion,Myntra Summer Dress Haul under 999,"Great video, thanks for sharing. I wishlisted the top but size S got sold out instantly. Is it pure cotton fabric or a polyester blend? Can you link the blue outfit?",,https://youtube.com/watch?v=yt_vid_gen_225,,yt_vid_623,,,32.0,
yt_c_226,YouTube,YouTube,2026-07-18 18:38:59,Rohit Fashion,Myntra Kurta Review,"Loved the styling suggestions here, Though the reviews for Here&Now jeans say color fades. Usually this brand runs small, did you size up? Can you link the blue outfit?",,https://youtube.com/watch?v=yt_vid_gen_226,,yt_vid_296,,,1.0,
yt_c_227,YouTube,YouTube,2026-07-21 18:38:59,Sania Vlogs,Myntra Summer Dress Haul under 999,"Loved the styling suggestions here, I wishlisted the top but size S got sold out instantly. Is it pure cotton fabric or a polyester blend? Should I get M or L size?",,https://youtube.com/watch?v=yt_vid_gen_227,,yt_vid_779,,,150.0,
yt_c_228,YouTube,YouTube,2026-07-08 18:38:59,StyleWithMe,Honest Myntra Try-On Haul,Love the try-on haul! But Myntra's delivery for the blazer is taking too long. Is it pure cotton fabric or a polyester blend? Subscribed for more try-on reviews.,,https://youtube.com/watch?v=yt_vid_gen_228,,yt_vid_748,,,7.0,
yt_c_229,YouTube,YouTube,2026-07-02 18:38:59,Indian Fashion Diaries,Honest Myntra Try-On Haul,"Nice collection, really liked the styles. But the sizing of the Roadster kurti at 4:46 seems off. The sizing chart was confusing when I checked the app. Can you link the blue outfit?",,https://youtube.com/watch?v=yt_vid_gen_229,,yt_vid_937,,,43.0,
yt_c_230,YouTube,YouTube,2026-06-23 18:38:59,StyleWithMe,Myntra Kurta Review,"Nice collection, really liked the styles. However, is the Mast & Harbour dress fabric transparent? I have fit confidence issues so I hesitate to buy. Which is your favorite among these?",,https://youtube.com/watch?v=yt_vid_gen_230,,yt_vid_800,,,135.0,
yt_c_231,YouTube,YouTube,2026-06-06 18:38:59,Sania Vlogs,Myntra Summer Dress Haul under 999,"Loved the styling suggestions here, The pricing of the ethnic wear changed twice during the video. I keep wishlist items for months waiting for a sale. Can you link the blue outfit?",,https://youtube.com/watch?v=yt_vid_gen_231,,yt_vid_900,,,98.0,
yt_c_232,YouTube,YouTube,2026-06-27 18:38:59,StyleWithMe,Myntra Kurta Review,"Loved the styling suggestions here, But Myntra's delivery for the blazer is taking too long. I keep wishlist items for months waiting for a sale. Keep doing these honest hauls!",,https://youtube.com/watch?v=yt_vid_gen_232,,yt_vid_710,,,45.0,
yt_c_233,YouTube,YouTube,2026-08-09 18:38:59,Sania Vlogs,Honest Myntra Try-On Haul,"Nice collection, really liked the styles. But Myntra's delivery for the blazer is taking too long. I have fit confidence issues so I hesitate to buy. Hope they restock the medium size soon.",,https://youtube.com/watch?v=yt_vid_gen_233,,yt_vid_837,,,50.0,
yt_c_234,YouTube,YouTube,2026-08-21 18:38:59,Indian Fashion Diaries,Honest Myntra Try-On Haul,Love the try-on haul! Though the reviews for Here&Now jeans say color fades. Ajio has better quality but slower returns process. Can you link the blue outfit?,,https://youtube.com/watch?v=yt_vid_gen_234,,yt_vid_437,,,132.0,
yt_c_235,YouTube,YouTube,2026-08-16 18:38:59,Indian Fashion Diaries,Myntra Kurta Review,"Great video, thanks for sharing. I wishlisted the top but size S got sold out instantly. I keep wishlist items for months waiting for a sale. Subscribed for more try-on reviews.",,https://youtube.com/watch?v=yt_vid_gen_235,,yt_vid_673,,,43.0,
yt_c_236,YouTube,YouTube,2026-05-27 18:38:59,Sania Vlogs,Honest Myntra Try-On Haul,"Nice collection, really liked the styles. I wishlisted the top but size S got sold out instantly. The sizing chart was confusing when I checked the app. Can you link the blue outfit?",,https://youtube.com/watch?v=yt_vid_gen_236,,yt_vid_223,,,68.0,
yt_c_237,YouTube,YouTube,2026-06-30 18:38:59,Tanya Lifestyle,Roadster vs Mast & Harbour Jeans,"Honest review as always, thank you! I wishlisted the top but size S got sold out instantly. Ajio has better quality but slower returns process. Keep doing these honest hauls!",,https://youtube.com/watch?v=yt_vid_gen_237,,yt_vid_153,,,44.0,
yt_c_238,YouTube,YouTube,2026-06-29 18:38:59,Tanya Lifestyle,Roadster vs Mast & Harbour Jeans,"Loved the styling suggestions here, However, is the Mast & Harbour dress fabric transparent? I have fit confidence issues so I hesitate to buy. Hope they restock the medium size soon.",,https://youtube.com/watch?v=yt_vid_gen_238,,yt_vid_474,,,49.0,
yt_c_239,YouTube,YouTube,2026-07-27 18:38:59,Tanya Lifestyle,Honest Myntra Try-On Haul,"Nice collection, really liked the styles. The pricing of the ethnic wear changed twice during the video. Ajio has better quality but slower returns process. Keep doing these honest hauls!",,https://youtube.com/watch?v=yt_vid_gen_239,,yt_vid_290,,,36.0,
yt_c_240,YouTube,YouTube,2026-05-29 18:38:59,Indian Fashion Diaries,Honest Myntra Try-On Haul,"Honest review as always, thank you! But Myntra's delivery for the blazer is taking too long. Is it pure cotton fabric or a polyester blend? Keep doing these honest hauls!",,https://youtube.com/watch?v=yt_vid_gen_240,,yt_vid_354,,,6.0,
yt_c_241,YouTube,YouTube,2026-08-01 18:38:59,Sania Vlogs,Honest Myntra Try-On Haul,"Honest review as always, thank you! I wishlisted the top but size S got sold out instantly. I keep wishlist items for months waiting for a sale. Which is your favorite among these?",,https://youtube.com/watch?v=yt_vid_gen_241,,yt_vid_332,,,80.0,
yt_c_242,YouTube,YouTube,2026-07-13 18:38:59,Rohit Fashion,Myntra Summer Dress Haul under 999,Love the try-on haul! Though the reviews for Here&Now jeans say color fades. The sizing chart was confusing when I checked the app. Subscribed for more try-on reviews.,,https://youtube.com/watch?v=yt_vid_gen_242,,yt_vid_194,,,57.0,
yt_c_243,YouTube,YouTube,2026-07-16 18:38:59,Sania Vlogs,Myntra Summer Dress Haul under 999,"Great video, thanks for sharing. But Myntra's delivery for the blazer is taking too long. Ajio has better quality but slower returns process. Should I get M or L size?",,https://youtube.com/watch?v=yt_vid_gen_243,,yt_vid_804,,,82.0,
yt_c_244,YouTube,YouTube,2026-05-29 18:38:59,StyleWithMe,Myntra Kurta Review,"Nice collection, really liked the styles. The pricing of the ethnic wear changed twice during the video. Usually this brand runs small, did you size up? Should I get M or L size?",,https://youtube.com/watch?v=yt_vid_gen_244,,yt_vid_908,,,112.0,
yt_c_245,YouTube,YouTube,2026-07-08 18:38:59,Sania Vlogs,Myntra Summer Dress Haul under 999,"Nice collection, really liked the styles. Though the reviews for Here&Now jeans say color fades. I have fit confidence issues so I hesitate to buy. Can you link the blue outfit?",,https://youtube.com/watch?v=yt_vid_gen_245,,yt_vid_619,,,13.0,
yt_c_246,YouTube,YouTube,2026-05-31 18:38:59,Rohit Fashion,Myntra Kurta Review,"Loved the styling suggestions here, However, is the Mast & Harbour dress fabric transparent? The sizing chart was confusing when I checked the app. Which is your favorite among these?",,https://youtube.com/watch?v=yt_vid_gen_246,,yt_vid_743,,,5.0,
yt_c_247,YouTube,YouTube,2026-07-06 18:38:59,StyleWithMe,Myntra Kurta Review,Love the try-on haul! The pricing of the ethnic wear changed twice during the video. Ajio has better quality but slower returns process. Keep doing these honest hauls!,,https://youtube.com/watch?v=yt_vid_gen_247,,yt_vid_779,,,80.0,
yt_c_248,YouTube,YouTube,2026-06-03 18:38:59,Tanya Lifestyle,Myntra Kurta Review,Love the try-on haul! I wishlisted the top but size S got sold out instantly. I have fit confidence issues so I hesitate to buy. Hope they restock the medium size soon.,,https://youtube.com/watch?v=yt_vid_gen_248,,yt_vid_721,,,123.0,
yt_c_249,YouTube,YouTube,2026-05-28 18:38:59,Rohit Fashion,Myntra Kurta Review,"Great video, thanks for sharing. The pricing of the ethnic wear changed twice during the video. The sizing chart was confusing when I checked the app. Can you link the blue outfit?",,https://youtube.com/watch?v=yt_vid_gen_249,,yt_vid_948,,,55.0,
yt_c_250,YouTube,YouTube,2026-06-04 18:38:59,Rohit Fashion,Myntra Summer Dress Haul under 999,"Great video, thanks for sharing. But the sizing of the Roadster kurti at 9:48 seems off. The sizing chart was confusing when I checked the app. Subscribed for more try-on reviews.",,https://youtube.com/watch?v=yt_vid_gen_250,,yt_vid_987,,,24.0,
yt_c_251,YouTube,YouTube,2026-05-29 18:38:59,Tanya Lifestyle,Myntra Kurta Review,"Loved the styling suggestions here, However, is the Mast & Harbour dress fabric transparent? Is it pure cotton fabric or a polyester blend? Subscribed for more try-on reviews.",,https://youtube.com/watch?v=yt_vid_gen_251,,yt_vid_400,,,69.0,
yt_c_252,YouTube,YouTube,2026-07-23 18:38:59,Indian Fashion Diaries,Roadster vs Mast & Harbour Jeans,"Loved the styling suggestions here, But Myntra's delivery for the blazer is taking too long. Usually this brand runs small, did you size up? Keep doing these honest hauls!",,https://youtube.com/watch?v=yt_vid_gen_252,,yt_vid_127,,,90.0,
yt_c_253,YouTube,YouTube,2026-06-07 18:38:59,Tanya Lifestyle,Myntra Summer Dress Haul under 999,"Nice collection, really liked the styles. Though the reviews for Here&Now jeans say color fades. Ajio has better quality but slower returns process. Subscribed for more try-on reviews.",,https://youtube.com/watch?v=yt_vid_gen_253,,yt_vid_785,,,116.0,
yt_c_254,YouTube,YouTube,2026-07-29 18:38:59,Rohit Fashion,Honest Myntra Try-On Haul,Super helpful Myntra haul! The pricing of the ethnic wear changed twice during the video. Ajio has better quality but slower returns process. Which is your favorite among these?,,https://youtube.com/watch?v=yt_vid_gen_254,,yt_vid_517,,,99.0,
yt_c_255,YouTube,YouTube,2026-07-27 18:38:59,StyleWithMe,Honest Myntra Try-On Haul,"Great video, thanks for sharing. Though the reviews for Here&Now jeans say color fades. I keep wishlist items for months waiting for a sale. Keep doing these honest hauls!",,https://youtube.com/watch?v=yt_vid_gen_255,,yt_vid_846,,,0.0,
yt_c_256,YouTube,YouTube,2026-06-01 18:38:59,Tanya Lifestyle,Honest Myntra Try-On Haul,"Loved the styling suggestions here, The pricing of the ethnic wear changed twice during the video. Ajio has better quality but slower returns process. Keep doing these honest hauls!",,https://youtube.com/watch?v=yt_vid_gen_256,,yt_vid_690,,,1.0,
yt_c_257,YouTube,YouTube,2026-07-05 18:38:59,StyleWithMe,Myntra Summer Dress Haul under 999,Super helpful Myntra haul! But the sizing of the Roadster kurti at 2:47 seems off. The sizing chart was confusing when I checked the app. Subscribed for more try-on reviews.,,https://youtube.com/watch?v=yt_vid_gen_257,,yt_vid_698,,,56.0,
yt_c_258,YouTube,YouTube,2026-06-29 18:38:59,Tanya Lifestyle,Myntra Kurta Review,"Honest review as always, thank you! But the sizing of the Roadster kurti at 3:23 seems off. Ajio has better quality but slower returns process. Keep doing these honest hauls!",,https://youtube.com/watch?v=yt_vid_gen_258,,yt_vid_125,,,48.0,
yt_c_259,YouTube,YouTube,2026-08-04 18:38:59,Sania Vlogs,Myntra Kurta Review,Super helpful Myntra haul! But the sizing of the Roadster kurti at 7:45 seems off. Is it pure cotton fabric or a polyester blend? Should I get M or L size?,,https://youtube.com/watch?v=yt_vid_gen_259,,yt_vid_838,,,124.0,
yt_c_260,YouTube,YouTube,2026-07-07 18:38:59,Tanya Lifestyle,Myntra Kurta Review,Super helpful Myntra haul! Though the reviews for Here&Now jeans say color fades. Ajio has better quality but slower returns process. Hope they restock the medium size soon.,,https://youtube.com/watch?v=yt_vid_gen_260,,yt_vid_563,,,106.0,
yt_c_261,YouTube,YouTube,2026-06-12 18:38:59,StyleWithMe,Roadster vs Mast & Harbour Jeans,"Loved the styling suggestions here, Though the reviews for Here&Now jeans say color fades. The sizing chart was confusing when I checked the app. Can you link the blue outfit?",,https://youtube.com/watch?v=yt_vid_gen_261,,yt_vid_174,,,104.0,
yt_c_262,YouTube,YouTube,2026-05-27 18:38:59,StyleWithMe,Myntra Summer Dress Haul under 999,Love the try-on haul! But Myntra's delivery for the blazer is taking too long. I keep wishlist items for months waiting for a sale. Which is your favorite among these?,,https://youtube.com/watch?v=yt_vid_gen_262,,yt_vid_338,,,36.0,
yt_c_263,YouTube,YouTube,2026-07-20 18:38:59,Indian Fashion Diaries,Myntra Kurta Review,"Nice collection, really liked the styles. But Myntra's delivery for the blazer is taking too long. Ajio has better quality but slower returns process. Hope they restock the medium size soon.",,https://youtube.com/watch?v=yt_vid_gen_263,,yt_vid_507,,,29.0,
yt_c_264,YouTube,YouTube,2026-08-13 18:38:59,Rohit Fashion,Roadster vs Mast & Harbour Jeans,"Honest review as always, thank you! But the sizing of the Roadster kurti at 1:34 seems off. The sizing chart was confusing when I checked the app. Which is your favorite among these?",,https://youtube.com/watch?v=yt_vid_gen_264,,yt_vid_388,,,144.0,
yt_c_265,YouTube,YouTube,2026-06-06 18:38:59,Indian Fashion Diaries,Myntra Kurta Review,"Loved the styling suggestions here, The pricing of the ethnic wear changed twice during the video. Is it pure cotton fabric or a polyester blend? Subscribed for more try-on reviews.",,https://youtube.com/watch?v=yt_vid_gen_265,,yt_vid_174,,,110.0,
yt_c_266,YouTube,YouTube,2026-08-06 18:38:59,StyleWithMe,Honest Myntra Try-On Haul,Super helpful Myntra haul! I wishlisted the top but size S got sold out instantly. The sizing chart was confusing when I checked the app. Keep doing these honest hauls!,,https://youtube.com/watch?v=yt_vid_gen_266,,yt_vid_396,,,82.0,
yt_c_267,YouTube,YouTube,2026-08-16 18:38:59,Indian Fashion Diaries,Myntra Summer Dress Haul under 999,Super helpful Myntra haul! Though the reviews for Here&Now jeans say color fades. Is it pure cotton fabric or a polyester blend? Subscribed for more try-on reviews.,,https://youtube.com/watch?v=yt_vid_gen_267,,yt_vid_353,,,73.0,
yt_c_268,YouTube,YouTube,2026-08-11 18:38:59,StyleWithMe,Myntra Summer Dress Haul under 999,"Love the try-on haul! I wishlisted the top but size S got sold out instantly. Usually this brand runs small, did you size up? Can you link the blue outfit?",,https://youtube.com/watch?v=yt_vid_gen_268,,yt_vid_300,,,62.0,
yt_c_269,YouTube,YouTube,2026-08-06 18:38:59,Indian Fashion Diaries,Myntra Kurta Review,"Love the try-on haul! Though the reviews for Here&Now jeans say color fades. Usually this brand runs small, did you size up? Which is your favorite among these?",,https://youtube.com/watch?v=yt_vid_gen_269,,yt_vid_779,,,91.0,
yt_c_270,YouTube,YouTube,2026-06-09 18:38:59,Indian Fashion Diaries,Honest Myntra Try-On Haul,Love the try-on haul! I wishlisted the top but size S got sold out instantly. I have fit confidence issues so I hesitate to buy. Should I get M or L size?,,https://youtube.com/watch?v=yt_vid_gen_270,,yt_vid_216,,,16.0,
yt_c_271,YouTube,YouTube,2026-08-11 18:38:59,Tanya Lifestyle,Roadster vs Mast & Harbour Jeans,"Nice collection, really liked the styles. Though the reviews for Here&Now jeans say color fades. Ajio has better quality but slower returns process. Should I get M or L size?",,https://youtube.com/watch?v=yt_vid_gen_271,,yt_vid_379,,,21.0,
yt_c_272,YouTube,YouTube,2026-07-12 18:38:59,StyleWithMe,Myntra Summer Dress Haul under 999,"Nice collection, really liked the styles. The pricing of the ethnic wear changed twice during the video. Is it pure cotton fabric or a polyester blend? Can you link the blue outfit?",,https://youtube.com/watch?v=yt_vid_gen_272,,yt_vid_443,,,0.0,
yt_c_273,YouTube,YouTube,2026-07-06 18:38:59,StyleWithMe,Myntra Summer Dress Haul under 999,"Great video, thanks for sharing. I wishlisted the top but size S got sold out instantly. Usually this brand runs small, did you size up? Keep doing these honest hauls!",,https://youtube.com/watch?v=yt_vid_gen_273,,yt_vid_405,,,48.0,
yt_c_274,YouTube,YouTube,2026-08-03 18:38:59,Sania Vlogs,Roadster vs Mast & Harbour Jeans,"Super helpful Myntra haul! I wishlisted the top but size S got sold out instantly. Usually this brand runs small, did you size up? Can you link the blue outfit?",,https://youtube.com/watch?v=yt_vid_gen_274,,yt_vid_936,,,7.0,
yt_c_275,YouTube,YouTube,2026-06-22 18:38:59,Indian Fashion Diaries,Myntra Summer Dress Haul under 999,"Honest review as always, thank you! But the sizing of the Roadster kurti at 1:39 seems off. Is it pure cotton fabric or a polyester blend? Hope they restock the medium size soon.",,https://youtube.com/watch?v=yt_vid_gen_275,,yt_vid_769,,,22.0,
yt_c_276,YouTube,YouTube,2026-06-02 18:38:59,Indian Fashion Diaries,Honest Myntra Try-On Haul,"Honest review as always, thank you! But the sizing of the Roadster kurti at 6:51 seems off. The sizing chart was confusing when I checked the app. Can you link the blue outfit?",,https://youtube.com/watch?v=yt_vid_gen_276,,yt_vid_598,,,35.0,
yt_c_277,YouTube,YouTube,2026-07-11 18:38:59,Sania Vlogs,Honest Myntra Try-On Haul,"Great video, thanks for sharing. The pricing of the ethnic wear changed twice during the video. Usually this brand runs small, did you size up? Which is your favorite among these?",,https://youtube.com/watch?v=yt_vid_gen_277,,yt_vid_706,,,84.0,
yt_c_278,YouTube,YouTube,2026-08-13 18:38:59,StyleWithMe,Myntra Summer Dress Haul under 999,"Honest review as always, thank you! However, is the Mast & Harbour dress fabric transparent? I have fit confidence issues so I hesitate to buy. Can you link the blue outfit?",,https://youtube.com/watch?v=yt_vid_gen_278,,yt_vid_939,,,113.0,
yt_c_279,YouTube,YouTube,2026-06-02 18:38:59,Tanya Lifestyle,Myntra Summer Dress Haul under 999,Love the try-on haul! But the sizing of the Roadster kurti at 9:46 seems off. I keep wishlist items for months waiting for a sale. Which is your favorite among these?,,https://youtube.com/watch?v=yt_vid_gen_279,,yt_vid_545,,,62.0,
yt_c_280,YouTube,YouTube,2026-06-15 18:38:59,Sania Vlogs,Honest Myntra Try-On Haul,"Honest review as always, thank you! But Myntra's delivery for the blazer is taking too long. I keep wishlist items for months waiting for a sale. Hope they restock the medium size soon.",,https://youtube.com/watch?v=yt_vid_gen_280,,yt_vid_933,,,105.0,
yt_c_281,YouTube,YouTube,2026-08-14 18:38:59,StyleWithMe,Honest Myntra Try-On Haul,"Honest review as always, thank you! Though the reviews for Here&Now jeans say color fades. I have fit confidence issues so I hesitate to buy. Keep doing these honest hauls!",,https://youtube.com/watch?v=yt_vid_gen_281,,yt_vid_227,,,123.0,
yt_c_282,YouTube,YouTube,2026-08-17 18:38:59,Tanya Lifestyle,Roadster vs Mast & Harbour Jeans,"Loved the styling suggestions here, But Myntra's delivery for the blazer is taking too long. The sizing chart was confusing when I checked the app. Should I get M or L size?",,https://youtube.com/watch?v=yt_vid_gen_282,,yt_vid_310,,,45.0,
yt_c_283,YouTube,YouTube,2026-06-24 18:38:59,Sania Vlogs,Myntra Summer Dress Haul under 999,"Loved the styling suggestions here, But the sizing of the Roadster kurti at 9:59 seems off. I have fit confidence issues so I hesitate to buy. Hope they restock the medium size soon.",,https://youtube.com/watch?v=yt_vid_gen_283,,yt_vid_678,,,112.0,
yt_c_284,YouTube,YouTube,2026-06-20 18:38:59,Indian Fashion Diaries,Honest Myntra Try-On Haul,"Great video, thanks for sharing. Though the reviews for Here&Now jeans say color fades. Ajio has better quality but slower returns process. Hope they restock the medium size soon.",,https://youtube.com/watch?v=yt_vid_gen_284,,yt_vid_121,,,77.0,
yt_c_285,YouTube,YouTube,2026-06-28 18:38:59,Indian Fashion Diaries,Honest Myntra Try-On Haul,"Great video, thanks for sharing. But Myntra's delivery for the blazer is taking too long. The sizing chart was confusing when I checked the app. Which is your favorite among these?",,https://youtube.com/watch?v=yt_vid_gen_285,,yt_vid_906,,,61.0,
yt_c_286,YouTube,YouTube,2026-06-02 18:38:59,Rohit Fashion,Honest Myntra Try-On Haul,"Super helpful Myntra haul! But the sizing of the Roadster kurti at 2:17 seems off. Usually this brand runs small, did you size up? Should I get M or L size?",,https://youtube.com/watch?v=yt_vid_gen_286,,yt_vid_564,,,59.0,
yt_c_287,YouTube,YouTube,2026-07-30 18:38:59,Tanya Lifestyle,Myntra Summer Dress Haul under 999,"Nice collection, really liked the styles. The pricing of the ethnic wear changed twice during the video. The sizing chart was confusing when I checked the app. Subscribed for more try-on reviews.",,https://youtube.com/watch?v=yt_vid_gen_287,,yt_vid_616,,,106.0,
yt_c_288,YouTube,YouTube,2026-06-04 18:38:59,Tanya Lifestyle,Roadster vs Mast & Harbour Jeans,Super helpful Myntra haul! The pricing of the ethnic wear changed twice during the video. Ajio has better quality but slower returns process. Subscribed for more try-on reviews.,,https://youtube.com/watch?v=yt_vid_gen_288,,yt_vid_250,,,110.0,
yt_c_289,YouTube,YouTube,2026-08-08 18:38:59,Rohit Fashion,Roadster vs Mast & Harbour Jeans,"Loved the styling suggestions here, But Myntra's delivery for the blazer is taking too long. The sizing chart was confusing when I checked the app. Subscribed for more try-on reviews.",,https://youtube.com/watch?v=yt_vid_gen_289,,yt_vid_465,,,140.0,
yt_c_290,YouTube,YouTube,2026-06-18 18:38:59,Rohit Fashion,Myntra Summer Dress Haul under 999,"Love the try-on haul! However, is the Mast & Harbour dress fabric transparent? The sizing chart was confusing when I checked the app. Can you link the blue outfit?",,https://youtube.com/watch?v=yt_vid_gen_290,,yt_vid_735,,,31.0,
yt_c_291,YouTube,YouTube,2026-06-21 18:38:59,Rohit Fashion,Honest Myntra Try-On Haul,"Nice collection, really liked the styles. I wishlisted the top but size S got sold out instantly. The sizing chart was confusing when I checked the app. Which is your favorite among these?",,https://youtube.com/watch?v=yt_vid_gen_291,,yt_vid_991,,,34.0,
yt_c_292,YouTube,YouTube,2026-07-26 18:38:59,StyleWithMe,Myntra Summer Dress Haul under 999,"Loved the styling suggestions here, The pricing of the ethnic wear changed twice during the video. Usually this brand runs small, did you size up? Should I get M or L size?",,https://youtube.com/watch?v=yt_vid_gen_292,,yt_vid_371,,,48.0,
yt_c_293,YouTube,YouTube,2026-07-28 18:38:59,StyleWithMe,Roadster vs Mast & Harbour Jeans,"Great video, thanks for sharing. I wishlisted the top but size S got sold out instantly. Is it pure cotton fabric or a polyester blend? Hope they restock the medium size soon.",,https://youtube.com/watch?v=yt_vid_gen_293,,yt_vid_733,,,147.0,
yt_c_294,YouTube,YouTube,2026-08-20 18:38:59,Rohit Fashion,Roadster vs Mast & Harbour Jeans,Super helpful Myntra haul! The pricing of the ethnic wear changed twice during the video. Is it pure cotton fabric or a polyester blend? Should I get M or L size?,,https://youtube.com/watch?v=yt_vid_gen_294,,yt_vid_830,,,91.0,
yt_c_295,YouTube,YouTube,2026-08-09 18:38:59,StyleWithMe,Myntra Summer Dress Haul under 999,"Nice collection, really liked the styles. I wishlisted the top but size S got sold out instantly. I keep wishlist items for months waiting for a sale. Hope they restock the medium size soon.",,https://youtube.com/watch?v=yt_vid_gen_295,,yt_vid_672,,,5.0,
yt_c_296,YouTube,YouTube,2026-08-02 18:38:59,Sania Vlogs,Myntra Summer Dress Haul under 999,"Honest review as always, thank you! But Myntra's delivery for the blazer is taking too long. I keep wishlist items for months waiting for a sale. Can you link the blue outfit?",,https://youtube.com/watch?v=yt_vid_gen_296,,yt_vid_785,,,48.0,
yt_c_297,YouTube,YouTube,2026-08-16 18:38:59,Indian Fashion Diaries,Myntra Summer Dress Haul under 999,"Loved the styling suggestions here, The pricing of the ethnic wear changed twice during the video. I have fit confidence issues so I hesitate to buy. Should I get M or L size?",,https://youtube.com/watch?v=yt_vid_gen_297,,yt_vid_490,,,147.0,
yt_c_298,YouTube,YouTube,2026-07-01 18:38:59,Indian Fashion Diaries,Myntra Summer Dress Haul under 999,Super helpful Myntra haul! I wishlisted the top but size S got sold out instantly. Ajio has better quality but slower returns process. Should I get M or L size?,,https://youtube.com/watch?v=yt_vid_gen_298,,yt_vid_537,,,84.0,
yt_c_299,YouTube,YouTube,2026-05-27 18:38:59,StyleWithMe,Myntra Kurta Review,"Honest review as always, thank you! But the sizing of the Roadster kurti at 9:50 seems off. The sizing chart was confusing when I checked the app. Should I get M or L size?",,https://youtube.com/watch?v=yt_vid_gen_299,,yt_vid_370,,,16.0,
yt_c_300,YouTube,YouTube,2026-07-26 18:38:59,Sania Vlogs,Roadster vs Mast & Harbour Jeans,"Honest review as always, thank you! I wishlisted the top but size S got sold out instantly. I have fit confidence issues so I hesitate to buy. Keep doing these honest hauls!",,https://youtube.com/watch?v=yt_vid_gen_300,,yt_vid_448,,,73.0,
yt_c_301,YouTube,YouTube,2026-06-16 18:38:59,Tanya Lifestyle,Myntra Summer Dress Haul under 999,Super helpful Myntra haul! The pricing of the ethnic wear changed twice during the video. Ajio has better quality but slower returns process. Keep doing these honest hauls!,,https://youtube.com/watch?v=yt_vid_gen_301,,yt_vid_412,,,123.0,
yt_c_302,YouTube,YouTube,2026-06-13 18:38:59,Indian Fashion Diaries,Myntra Summer Dress Haul under 999,"Honest review as always, thank you! But Myntra's delivery for the blazer is taking too long. Ajio has better quality but slower returns process. Should I get M or L size?",,https://youtube.com/watch?v=yt_vid_gen_302,,yt_vid_443,,,59.0,
yt_c_303,YouTube,YouTube,2026-06-21 18:38:59,Rohit Fashion,Honest Myntra Try-On Haul,"Loved the styling suggestions here, But Myntra's delivery for the blazer is taking too long. Ajio has better quality but slower returns process. Hope they restock the medium size soon.",,https://youtube.com/watch?v=yt_vid_gen_303,,yt_vid_831,,,146.0,
yt_c_304,YouTube,YouTube,2026-06-11 18:38:59,Rohit Fashion,Roadster vs Mast & Harbour Jeans,Super helpful Myntra haul! Though the reviews for Here&Now jeans say color fades. Ajio has better quality but slower returns process. Which is your favorite among these?,,https://youtube.com/watch?v=yt_vid_gen_304,,yt_vid_609,,,92.0,
yt_c_305,YouTube,YouTube,2026-07-09 18:38:59,StyleWithMe,Roadster vs Mast & Harbour Jeans,"Great video, thanks for sharing. I wishlisted the top but size S got sold out instantly. Ajio has better quality but slower returns process. Hope they restock the medium size soon.",,https://youtube.com/watch?v=yt_vid_gen_305,,yt_vid_711,,,67.0,
yt_c_306,YouTube,YouTube,2026-06-19 18:38:59,Tanya Lifestyle,Honest Myntra Try-On Haul,"Super helpful Myntra haul! The pricing of the ethnic wear changed twice during the video. Usually this brand runs small, did you size up? Which is your favorite among these?",,https://youtube.com/watch?v=yt_vid_gen_306,,yt_vid_431,,,87.0,
yt_c_307,YouTube,YouTube,2026-06-04 18:38:59,Tanya Lifestyle,Myntra Summer Dress Haul under 999,"Loved the styling suggestions here, But Myntra's delivery for the blazer is taking too long. Ajio has better quality but slower returns process. Keep doing these honest hauls!",,https://youtube.com/watch?v=yt_vid_gen_307,,yt_vid_110,,,142.0,
yt_c_308,YouTube,YouTube,2026-06-23 18:38:59,Tanya Lifestyle,Myntra Kurta Review,"Loved the styling suggestions here, Though the reviews for Here&Now jeans say color fades. I have fit confidence issues so I hesitate to buy. Which is your favorite among these?",,https://youtube.com/watch?v=yt_vid_gen_308,,yt_vid_839,,,106.0,
yt_c_309,YouTube,YouTube,2026-07-26 18:38:59,Indian Fashion Diaries,Honest Myntra Try-On Haul,Super helpful Myntra haul! Though the reviews for Here&Now jeans say color fades. I have fit confidence issues so I hesitate to buy. Can you link the blue outfit?,,https://youtube.com/watch?v=yt_vid_gen_309,,yt_vid_145,,,37.0,
yt_c_310,YouTube,YouTube,2026-08-17 18:38:59,Tanya Lifestyle,Roadster vs Mast & Harbour Jeans,"Nice collection, really liked the styles. But the sizing of the Roadster kurti at 4:57 seems off. I have fit confidence issues so I hesitate to buy. Keep doing these honest hauls!",,https://youtube.com/watch?v=yt_vid_gen_310,,yt_vid_290,,,21.0,
yt_c_311,YouTube,YouTube,2026-05-31 18:38:59,Sania Vlogs,Roadster vs Mast & Harbour Jeans,"Honest review as always, thank you! The pricing of the ethnic wear changed twice during the video. I keep wishlist items for months waiting for a sale. Can you link the blue outfit?",,https://youtube.com/watch?v=yt_vid_gen_311,,yt_vid_681,,,34.0,
yt_c_312,YouTube,YouTube,2026-08-03 18:38:59,StyleWithMe,Myntra Summer Dress Haul under 999,"Great video, thanks for sharing. I wishlisted the top but size S got sold out instantly. Usually this brand runs small, did you size up? Which is your favorite among these?",,https://youtube.com/watch?v=yt_vid_gen_312,,yt_vid_986,,,4.0,
yt_c_313,YouTube,YouTube,2026-06-02 18:38:59,Sania Vlogs,Roadster vs Mast & Harbour Jeans,"Nice collection, really liked the styles. But Myntra's delivery for the blazer is taking too long. I keep wishlist items for months waiting for a sale. Should I get M or L size?",,https://youtube.com/watch?v=yt_vid_gen_313,,yt_vid_516,,,147.0,
yt_c_314,YouTube,YouTube,2026-07-08 18:38:59,Indian Fashion Diaries,Myntra Summer Dress Haul under 999,Love the try-on haul! Though the reviews for Here&Now jeans say color fades. I have fit confidence issues so I hesitate to buy. Keep doing these honest hauls!,,https://youtube.com/watch?v=yt_vid_gen_314,,yt_vid_405,,,96.0,
yt_c_315,YouTube,YouTube,2026-06-10 18:38:59,Tanya Lifestyle,Myntra Summer Dress Haul under 999,"Great video, thanks for sharing. However, is the Mast & Harbour dress fabric transparent? I keep wishlist items for months waiting for a sale. Which is your favorite among these?",,https://youtube.com/watch?v=yt_vid_gen_315,,yt_vid_676,,,148.0,
yt_c_316,YouTube,YouTube,2026-06-07 18:38:59,Tanya Lifestyle,Myntra Summer Dress Haul under 999,"Great video, thanks for sharing. But Myntra's delivery for the blazer is taking too long. Is it pure cotton fabric or a polyester blend? Hope they restock the medium size soon.",,https://youtube.com/watch?v=yt_vid_gen_316,,yt_vid_798,,,71.0,
yt_c_317,YouTube,YouTube,2026-06-11 18:38:59,StyleWithMe,Honest Myntra Try-On Haul,Super helpful Myntra haul! But Myntra's delivery for the blazer is taking too long. Is it pure cotton fabric or a polyester blend? Keep doing these honest hauls!,,https://youtube.com/watch?v=yt_vid_gen_317,,yt_vid_423,,,59.0,
yt_c_318,YouTube,YouTube,2026-07-25 18:38:59,Rohit Fashion,Myntra Summer Dress Haul under 999,"Loved the styling suggestions here, I wishlisted the top but size S got sold out instantly. Usually this brand runs small, did you size up? Should I get M or L size?",,https://youtube.com/watch?v=yt_vid_gen_318,,yt_vid_714,,,127.0,
yt_c_319,YouTube,YouTube,2026-07-10 18:38:59,StyleWithMe,Myntra Kurta Review,"Loved the styling suggestions here, But Myntra's delivery for the blazer is taking too long. Ajio has better quality but slower returns process. Should I get M or L size?",,https://youtube.com/watch?v=yt_vid_gen_319,,yt_vid_182,,,3.0,
yt_c_320,YouTube,YouTube,2026-06-04 18:38:59,Sania Vlogs,Myntra Kurta Review,Love the try-on haul! But Myntra's delivery for the blazer is taking too long. Is it pure cotton fabric or a polyester blend? Should I get M or L size?,,https://youtube.com/watch?v=yt_vid_gen_320,,yt_vid_874,,,61.0,
yt_c_321,YouTube,YouTube,2026-07-17 18:38:59,Sania Vlogs,Honest Myntra Try-On Haul,"Loved the styling suggestions here, I wishlisted the top but size S got sold out instantly. I keep wishlist items for months waiting for a sale. Which is your favorite among these?",,https://youtube.com/watch?v=yt_vid_gen_321,,yt_vid_371,,,149.0,
yt_c_322,YouTube,YouTube,2026-07-07 18:38:59,Rohit Fashion,Honest Myntra Try-On Haul,"Loved the styling suggestions here, However, is the Mast & Harbour dress fabric transparent? I keep wishlist items for months waiting for a sale. Should I get M or L size?",,https://youtube.com/watch?v=yt_vid_gen_322,,yt_vid_634,,,63.0,
yt_c_323,YouTube,YouTube,2026-06-30 18:38:59,Indian Fashion Diaries,Honest Myntra Try-On Haul,Love the try-on haul! But Myntra's delivery for the blazer is taking too long. Is it pure cotton fabric or a polyester blend? Hope they restock the medium size soon.,,https://youtube.com/watch?v=yt_vid_gen_323,,yt_vid_127,,,143.0,
yt_c_324,YouTube,YouTube,2026-07-08 18:38:59,StyleWithMe,Roadster vs Mast & Harbour Jeans,"Loved the styling suggestions here, However, is the Mast & Harbour dress fabric transparent? I have fit confidence issues so I hesitate to buy. Which is your favorite among these?",,https://youtube.com/watch?v=yt_vid_gen_324,,yt_vid_784,,,13.0,
yt_c_325,YouTube,YouTube,2026-07-17 18:38:59,Indian Fashion Diaries,Honest Myntra Try-On Haul,"Great video, thanks for sharing. The pricing of the ethnic wear changed twice during the video. Ajio has better quality but slower returns process. Should I get M or L size?",,https://youtube.com/watch?v=yt_vid_gen_325,,yt_vid_279,,,63.0,
yt_c_326,YouTube,YouTube,2026-06-08 18:38:59,Indian Fashion Diaries,Roadster vs Mast & Harbour Jeans,Super helpful Myntra haul! But the sizing of the Roadster kurti at 5:38 seems off. I have fit confidence issues so I hesitate to buy. Keep doing these honest hauls!,,https://youtube.com/watch?v=yt_vid_gen_326,,yt_vid_274,,,141.0,
yt_c_327,YouTube,YouTube,2026-08-20 18:38:59,Indian Fashion Diaries,Honest Myntra Try-On Haul,"Honest review as always, thank you! But the sizing of the Roadster kurti at 6:59 seems off. I keep wishlist items for months waiting for a sale. Can you link the blue outfit?",,https://youtube.com/watch?v=yt_vid_gen_327,,yt_vid_415,,,88.0,
yt_c_328,YouTube,YouTube,2026-06-17 18:38:59,Tanya Lifestyle,Roadster vs Mast & Harbour Jeans,Super helpful Myntra haul! I wishlisted the top but size S got sold out instantly. Ajio has better quality but slower returns process. Which is your favorite among these?,,https://youtube.com/watch?v=yt_vid_gen_328,,yt_vid_544,,,73.0,
yt_c_329,YouTube,YouTube,2026-07-10 18:38:59,StyleWithMe,Myntra Kurta Review,"Super helpful Myntra haul! But the sizing of the Roadster kurti at 6:35 seems off. Usually this brand runs small, did you size up? Subscribed for more try-on reviews.",,https://youtube.com/watch?v=yt_vid_gen_329,,yt_vid_848,,,51.0,
yt_c_330,YouTube,YouTube,2026-07-22 18:38:59,Indian Fashion Diaries,Honest Myntra Try-On Haul,"Loved the styling suggestions here, The pricing of the ethnic wear changed twice during the video. Ajio has better quality but slower returns process. Subscribed for more try-on reviews.",,https://youtube.com/watch?v=yt_vid_gen_330,,yt_vid_232,,,117.0,
yt_c_331,YouTube,YouTube,2026-07-02 18:38:59,Rohit Fashion,Myntra Summer Dress Haul under 999,"Love the try-on haul! But the sizing of the Roadster kurti at 9:42 seems off. Usually this brand runs small, did you size up? Keep doing these honest hauls!",,https://youtube.com/watch?v=yt_vid_gen_331,,yt_vid_710,,,84.0,
yt_c_332,YouTube,YouTube,2026-05-26 18:38:59,Indian Fashion Diaries,Honest Myntra Try-On Haul,"Nice collection, really liked the styles. However, is the Mast & Harbour dress fabric transparent? Usually this brand runs small, did you size up? Keep doing these honest hauls!",,https://youtube.com/watch?v=yt_vid_gen_332,,yt_vid_710,,,149.0,
yt_c_333,YouTube,YouTube,2026-08-11 18:38:59,StyleWithMe,Myntra Kurta Review,"Loved the styling suggestions here, I wishlisted the top but size S got sold out instantly. The sizing chart was confusing when I checked the app. Subscribed for more try-on reviews.",,https://youtube.com/watch?v=yt_vid_gen_333,,yt_vid_789,,,56.0,
yt_c_334,YouTube,YouTube,2026-08-23 18:38:59,Sania Vlogs,Myntra Summer Dress Haul under 999,"Love the try-on haul! However, is the Mast & Harbour dress fabric transparent? I have fit confidence issues so I hesitate to buy. Subscribed for more try-on reviews.",,https://youtube.com/watch?v=yt_vid_gen_334,,yt_vid_589,,,8.0,
yt_c_335,YouTube,YouTube,2026-07-17 18:38:59,Tanya Lifestyle,Myntra Summer Dress Haul under 999,"Loved the styling suggestions here, I wishlisted the top but size S got sold out instantly. Ajio has better quality but slower returns process. Which is your favorite among these?",,https://youtube.com/watch?v=yt_vid_gen_335,,yt_vid_178,,,40.0,
yt_c_336,YouTube,YouTube,2026-08-14 18:38:59,StyleWithMe,Myntra Kurta Review,"Great video, thanks for sharing. But Myntra's delivery for the blazer is taking too long. The sizing chart was confusing when I checked the app. Should I get M or L size?",,https://youtube.com/watch?v=yt_vid_gen_336,,yt_vid_857,,,62.0,
yt_c_337,YouTube,YouTube,2026-05-27 18:38:59,Rohit Fashion,Myntra Summer Dress Haul under 999,"Honest review as always, thank you! However, is the Mast & Harbour dress fabric transparent? I keep wishlist items for months waiting for a sale. Which is your favorite among these?",,https://youtube.com/watch?v=yt_vid_gen_337,,yt_vid_136,,,73.0,
yt_c_338,YouTube,YouTube,2026-07-22 18:38:59,Indian Fashion Diaries,Myntra Kurta Review,"Great video, thanks for sharing. However, is the Mast & Harbour dress fabric transparent? I keep wishlist items for months waiting for a sale. Subscribed for more try-on reviews.",,https://youtube.com/watch?v=yt_vid_gen_338,,yt_vid_889,,,39.0,
yt_c_339,YouTube,YouTube,2026-08-02 18:38:59,StyleWithMe,Roadster vs Mast & Harbour Jeans,Love the try-on haul! But the sizing of the Roadster kurti at 9:29 seems off. Is it pure cotton fabric or a polyester blend? Can you link the blue outfit?,,https://youtube.com/watch?v=yt_vid_gen_339,,yt_vid_232,,,92.0,
yt_c_340,YouTube,YouTube,2026-05-29 18:38:59,Sania Vlogs,Myntra Kurta Review,"Honest review as always, thank you! I wishlisted the top but size S got sold out instantly. Ajio has better quality but slower returns process. Can you link the blue outfit?",,https://youtube.com/watch?v=yt_vid_gen_340,,yt_vid_607,,,25.0,
yt_c_341,YouTube,YouTube,2026-06-26 18:38:59,StyleWithMe,Honest Myntra Try-On Haul,"Loved the styling suggestions here, The pricing of the ethnic wear changed twice during the video. Usually this brand runs small, did you size up? Subscribed for more try-on reviews.",,https://youtube.com/watch?v=yt_vid_gen_341,,yt_vid_666,,,133.0,
yt_c_342,YouTube,YouTube,2026-06-01 18:38:59,Rohit Fashion,Myntra Kurta Review,Super helpful Myntra haul! But the sizing of the Roadster kurti at 2:59 seems off. The sizing chart was confusing when I checked the app. Hope they restock the medium size soon.,,https://youtube.com/watch?v=yt_vid_gen_342,,yt_vid_316,,,108.0,
yt_c_343,YouTube,YouTube,2026-08-18 18:38:59,Sania Vlogs,Honest Myntra Try-On Haul,"Great video, thanks for sharing. The pricing of the ethnic wear changed twice during the video. I keep wishlist items for months waiting for a sale. Subscribed for more try-on reviews.",,https://youtube.com/watch?v=yt_vid_gen_343,,yt_vid_253,,,147.0,
yt_c_344,YouTube,YouTube,2026-07-08 18:38:59,Indian Fashion Diaries,Myntra Kurta Review,"Honest review as always, thank you! Though the reviews for Here&Now jeans say color fades. I keep wishlist items for months waiting for a sale. Can you link the blue outfit?",,https://youtube.com/watch?v=yt_vid_gen_344,,yt_vid_940,,,74.0,
yt_c_345,YouTube,YouTube,2026-07-02 18:38:59,StyleWithMe,Myntra Kurta Review,"Honest review as always, thank you! I wishlisted the top but size S got sold out instantly. I keep wishlist items for months waiting for a sale. Should I get M or L size?",,https://youtube.com/watch?v=yt_vid_gen_345,,yt_vid_669,,,57.0,
yt_c_346,YouTube,YouTube,2026-08-23 18:38:59,Sania Vlogs,Myntra Summer Dress Haul under 999,Love the try-on haul! The pricing of the ethnic wear changed twice during the video. The sizing chart was confusing when I checked the app. Keep doing these honest hauls!,,https://youtube.com/watch?v=yt_vid_gen_346,,yt_vid_241,,,92.0,
yt_c_347,YouTube,YouTube,2026-06-12 18:38:59,StyleWithMe,Roadster vs Mast & Harbour Jeans,"Great video, thanks for sharing. But the sizing of the Roadster kurti at 7:18 seems off. The sizing chart was confusing when I checked the app. Can you link the blue outfit?",,https://youtube.com/watch?v=yt_vid_gen_347,,yt_vid_250,,,17.0,
yt_c_348,YouTube,YouTube,2026-08-10 18:38:59,StyleWithMe,Myntra Summer Dress Haul under 999,"Loved the styling suggestions here, I wishlisted the top but size S got sold out instantly. Usually this brand runs small, did you size up? Can you link the blue outfit?",,https://youtube.com/watch?v=yt_vid_gen_348,,yt_vid_699,,,62.0,
yt_c_349,YouTube,YouTube,2026-07-23 18:38:59,Sania Vlogs,Myntra Kurta Review,"Great video, thanks for sharing. But Myntra's delivery for the blazer is taking too long. I keep wishlist items for months waiting for a sale. Which is your favorite among these?",,https://youtube.com/watch?v=yt_vid_gen_349,,yt_vid_960,,,94.0,
yt_c_350,YouTube,YouTube,2026-06-17 18:38:59,Indian Fashion Diaries,Myntra Summer Dress Haul under 999,Super helpful Myntra haul! I wishlisted the top but size S got sold out instantly. I keep wishlist items for months waiting for a sale. Can you link the blue outfit?,,https://youtube.com/watch?v=yt_vid_gen_350,,yt_vid_718,,,10.0,
yt_c_351,YouTube,YouTube,2026-08-02 18:38:59,StyleWithMe,Myntra Summer Dress Haul under 999,"Super helpful Myntra haul! But the sizing of the Roadster kurti at 9:34 seems off. Usually this brand runs small, did you size up? Hope they restock the medium size soon.",,https://youtube.com/watch?v=yt_vid_gen_351,,yt_vid_769,,,124.0,
yt_c_352,YouTube,YouTube,2026-08-04 18:38:59,Sania Vlogs,Honest Myntra Try-On Haul,"Nice collection, really liked the styles. Though the reviews for Here&Now jeans say color fades. The sizing chart was confusing when I checked the app. Keep doing these honest hauls!",,https://youtube.com/watch?v=yt_vid_gen_352,,yt_vid_585,,,37.0,
yt_c_353,YouTube,YouTube,2026-07-22 18:38:59,Rohit Fashion,Honest Myntra Try-On Haul,"Honest review as always, thank you! But the sizing of the Roadster kurti at 8:56 seems off. The sizing chart was confusing when I checked the app. Subscribed for more try-on reviews.",,https://youtube.com/watch?v=yt_vid_gen_353,,yt_vid_307,,,81.0,
yt_c_354,YouTube,YouTube,2026-07-10 18:38:59,StyleWithMe,Myntra Summer Dress Haul under 999,"Love the try-on haul! However, is the Mast & Harbour dress fabric transparent? I keep wishlist items for months waiting for a sale. Hope they restock the medium size soon.",,https://youtube.com/watch?v=yt_vid_gen_354,,yt_vid_987,,,49.0,
yt_c_355,YouTube,YouTube,2026-06-27 18:38:59,Indian Fashion Diaries,Myntra Kurta Review,"Loved the styling suggestions here, I wishlisted the top but size S got sold out instantly. I have fit confidence issues so I hesitate to buy. Hope they restock the medium size soon.",,https://youtube.com/watch?v=yt_vid_gen_355,,yt_vid_217,,,51.0,
yt_c_356,YouTube,YouTube,2026-07-21 18:38:59,Indian Fashion Diaries,Honest Myntra Try-On Haul,"Great video, thanks for sharing. Though the reviews for Here&Now jeans say color fades. I have fit confidence issues so I hesitate to buy. Should I get M or L size?",,https://youtube.com/watch?v=yt_vid_gen_356,,yt_vid_879,,,125.0,
yt_c_357,YouTube,YouTube,2026-08-23 18:38:59,Tanya Lifestyle,Myntra Kurta Review,"Super helpful Myntra haul! However, is the Mast & Harbour dress fabric transparent? Ajio has better quality but slower returns process. Which is your favorite among these?",,https://youtube.com/watch?v=yt_vid_gen_357,,yt_vid_246,,,109.0,
yt_c_358,YouTube,YouTube,2026-06-29 18:38:59,Sania Vlogs,Myntra Summer Dress Haul under 999,"Nice collection, really liked the styles. But the sizing of the Roadster kurti at 4:17 seems off. Usually this brand runs small, did you size up? Hope they restock the medium size soon.",,https://youtube.com/watch?v=yt_vid_gen_358,,yt_vid_512,,,147.0,
yt_c_359,YouTube,YouTube,2026-06-29 18:38:59,Rohit Fashion,Honest Myntra Try-On Haul,"Great video, thanks for sharing. But the sizing of the Roadster kurti at 2:41 seems off. The sizing chart was confusing when I checked the app. Which is your favorite among these?",,https://youtube.com/watch?v=yt_vid_gen_359,,yt_vid_247,,,105.0,
yt_c_360,YouTube,YouTube,2026-07-08 18:38:59,Indian Fashion Diaries,Myntra Summer Dress Haul under 999,"Great video, thanks for sharing. But the sizing of the Roadster kurti at 9:22 seems off. Ajio has better quality but slower returns process. Subscribed for more try-on reviews.",,https://youtube.com/watch?v=yt_vid_gen_360,,yt_vid_241,,,6.0,
yt_c_361,YouTube,YouTube,2026-06-09 18:38:59,Sania Vlogs,Roadster vs Mast & Harbour Jeans,"Loved the styling suggestions here, But the sizing of the Roadster kurti at 2:46 seems off. I have fit confidence issues so I hesitate to buy. Should I get M or L size?",,https://youtube.com/watch?v=yt_vid_gen_361,,yt_vid_851,,,24.0,
yt_c_362,YouTube,YouTube,2026-06-07 18:38:59,StyleWithMe,Myntra Summer Dress Haul under 999,"Nice collection, really liked the styles. The pricing of the ethnic wear changed twice during the video. I keep wishlist items for months waiting for a sale. Can you link the blue outfit?",,https://youtube.com/watch?v=yt_vid_gen_362,,yt_vid_826,,,108.0,
yt_c_363,YouTube,YouTube,2026-06-04 18:38:59,Tanya Lifestyle,Honest Myntra Try-On Haul,"Super helpful Myntra haul! The pricing of the ethnic wear changed twice during the video. Usually this brand runs small, did you size up? Hope they restock the medium size soon.",,https://youtube.com/watch?v=yt_vid_gen_363,,yt_vid_175,,,11.0,
yt_c_364,YouTube,YouTube,2026-07-13 18:38:59,Sania Vlogs,Honest Myntra Try-On Haul,"Nice collection, really liked the styles. The pricing of the ethnic wear changed twice during the video. I keep wishlist items for months waiting for a sale. Keep doing these honest hauls!",,https://youtube.com/watch?v=yt_vid_gen_364,,yt_vid_678,,,131.0,
yt_c_365,YouTube,YouTube,2026-06-04 18:38:59,Indian Fashion Diaries,Honest Myntra Try-On Haul,"Love the try-on haul! I wishlisted the top but size S got sold out instantly. Usually this brand runs small, did you size up? Which is your favorite among these?",,https://youtube.com/watch?v=yt_vid_gen_365,,yt_vid_780,,,135.0,
yt_c_366,YouTube,YouTube,2026-06-03 18:38:59,Rohit Fashion,Myntra Kurta Review,Super helpful Myntra haul! Though the reviews for Here&Now jeans say color fades. Ajio has better quality but slower returns process. Keep doing these honest hauls!,,https://youtube.com/watch?v=yt_vid_gen_366,,yt_vid_873,,,40.0,
yt_c_367,YouTube,YouTube,2026-05-27 18:38:59,Rohit Fashion,Myntra Kurta Review,"Nice collection, really liked the styles. But Myntra's delivery for the blazer is taking too long. Ajio has better quality but slower returns process. Subscribed for more try-on reviews.",,https://youtube.com/watch?v=yt_vid_gen_367,,yt_vid_677,,,130.0,
yt_c_368,YouTube,YouTube,2026-06-23 18:38:59,Indian Fashion Diaries,Roadster vs Mast & Harbour Jeans,"Love the try-on haul! However, is the Mast & Harbour dress fabric transparent? Is it pure cotton fabric or a polyester blend? Can you link the blue outfit?",,https://youtube.com/watch?v=yt_vid_gen_368,,yt_vid_841,,,150.0,
yt_c_369,YouTube,YouTube,2026-08-11 18:38:59,StyleWithMe,Myntra Summer Dress Haul under 999,Super helpful Myntra haul! But the sizing of the Roadster kurti at 2:13 seems off. I have fit confidence issues so I hesitate to buy. Subscribed for more try-on reviews.,,https://youtube.com/watch?v=yt_vid_gen_369,,yt_vid_627,,,44.0,
yt_c_370,YouTube,YouTube,2026-07-07 18:38:59,StyleWithMe,Honest Myntra Try-On Haul,"Loved the styling suggestions here, The pricing of the ethnic wear changed twice during the video. The sizing chart was confusing when I checked the app. Should I get M or L size?",,https://youtube.com/watch?v=yt_vid_gen_370,,yt_vid_155,,,37.0,
yt_c_371,YouTube,YouTube,2026-07-06 18:38:59,Indian Fashion Diaries,Myntra Summer Dress Haul under 999,"Nice collection, really liked the styles. Though the reviews for Here&Now jeans say color fades. I keep wishlist items for months waiting for a sale. Subscribed for more try-on reviews.",,https://youtube.com/watch?v=yt_vid_gen_371,,yt_vid_874,,,67.0,
yt_c_372,YouTube,YouTube,2026-07-17 18:38:59,Indian Fashion Diaries,Myntra Summer Dress Haul under 999,Love the try-on haul! But the sizing of the Roadster kurti at 3:48 seems off. The sizing chart was confusing when I checked the app. Hope they restock the medium size soon.,,https://youtube.com/watch?v=yt_vid_gen_372,,yt_vid_496,,,102.0,
yt_c_373,YouTube,YouTube,2026-06-03 18:38:59,Rohit Fashion,Myntra Kurta Review,"Nice collection, really liked the styles. However, is the Mast & Harbour dress fabric transparent? Ajio has better quality but slower returns process. Which is your favorite among these?",,https://youtube.com/watch?v=yt_vid_gen_373,,yt_vid_196,,,28.0,
yt_c_374,YouTube,YouTube,2026-06-02 18:38:59,Indian Fashion Diaries,Myntra Summer Dress Haul under 999,"Great video, thanks for sharing. The pricing of the ethnic wear changed twice during the video. Usually this brand runs small, did you size up? Keep doing these honest hauls!",,https://youtube.com/watch?v=yt_vid_gen_374,,yt_vid_132,,,86.0,
yt_c_375,YouTube,YouTube,2026-06-23 18:38:59,Indian Fashion Diaries,Roadster vs Mast & Harbour Jeans,"Loved the styling suggestions here, But the sizing of the Roadster kurti at 9:28 seems off. The sizing chart was confusing when I checked the app. Should I get M or L size?",,https://youtube.com/watch?v=yt_vid_gen_375,,yt_vid_251,,,8.0,
yt_c_376,YouTube,YouTube,2026-05-31 18:38:59,Indian Fashion Diaries,Roadster vs Mast & Harbour Jeans,Super helpful Myntra haul! Though the reviews for Here&Now jeans say color fades. I keep wishlist items for months waiting for a sale. Can you link the blue outfit?,,https://youtube.com/watch?v=yt_vid_gen_376,,yt_vid_363,,,84.0,
yt_c_377,YouTube,YouTube,2026-08-01 18:38:59,Sania Vlogs,Honest Myntra Try-On Haul,"Loved the styling suggestions here, I wishlisted the top but size S got sold out instantly. Is it pure cotton fabric or a polyester blend? Subscribed for more try-on reviews.",,https://youtube.com/watch?v=yt_vid_gen_377,,yt_vid_329,,,143.0,
yt_c_378,YouTube,YouTube,2026-06-25 18:38:59,StyleWithMe,Honest Myntra Try-On Haul,"Great video, thanks for sharing. However, is the Mast & Harbour dress fabric transparent? Is it pure cotton fabric or a polyester blend? Keep doing these honest hauls!",,https://youtube.com/watch?v=yt_vid_gen_378,,yt_vid_716,,,113.0,
yt_c_379,YouTube,YouTube,2026-07-18 18:38:59,StyleWithMe,Honest Myntra Try-On Haul,"Nice collection, really liked the styles. But Myntra's delivery for the blazer is taking too long. The sizing chart was confusing when I checked the app. Can you link the blue outfit?",,https://youtube.com/watch?v=yt_vid_gen_379,,yt_vid_887,,,72.0,
yt_c_380,YouTube,YouTube,2026-07-28 18:38:59,Tanya Lifestyle,Roadster vs Mast & Harbour Jeans,Super helpful Myntra haul! But Myntra's delivery for the blazer is taking too long. Is it pure cotton fabric or a polyester blend? Subscribed for more try-on reviews.,,https://youtube.com/watch?v=yt_vid_gen_380,,yt_vid_138,,,63.0,
yt_c_381,YouTube,YouTube,2026-06-26 18:38:59,Rohit Fashion,Myntra Summer Dress Haul under 999,"Love the try-on haul! I wishlisted the top but size S got sold out instantly. Usually this brand runs small, did you size up? Should I get M or L size?",,https://youtube.com/watch?v=yt_vid_gen_381,,yt_vid_543,,,150.0,
yt_c_382,YouTube,YouTube,2026-07-07 18:38:59,Rohit Fashion,Myntra Summer Dress Haul under 999,"Honest review as always, thank you! Though the reviews for Here&Now jeans say color fades. Is it pure cotton fabric or a polyester blend? Subscribed for more try-on reviews.",,https://youtube.com/watch?v=yt_vid_gen_382,,yt_vid_606,,,17.0,
yt_c_383,YouTube,YouTube,2026-07-11 18:38:59,Tanya Lifestyle,Honest Myntra Try-On Haul,Super helpful Myntra haul! Though the reviews for Here&Now jeans say color fades. Is it pure cotton fabric or a polyester blend? Keep doing these honest hauls!,,https://youtube.com/watch?v=yt_vid_gen_383,,yt_vid_568,,,92.0,
yt_c_384,YouTube,YouTube,2026-06-01 18:38:59,Tanya Lifestyle,Honest Myntra Try-On Haul,"Nice collection, really liked the styles. I wishlisted the top but size S got sold out instantly. Is it pure cotton fabric or a polyester blend? Should I get M or L size?",,https://youtube.com/watch?v=yt_vid_gen_384,,yt_vid_534,,,108.0,
yt_c_385,YouTube,YouTube,2026-05-28 18:38:59,StyleWithMe,Honest Myntra Try-On Haul,"Great video, thanks for sharing. The pricing of the ethnic wear changed twice during the video. The sizing chart was confusing when I checked the app. Keep doing these honest hauls!",,https://youtube.com/watch?v=yt_vid_gen_385,,yt_vid_847,,,33.0,
yt_c_386,YouTube,YouTube,2026-07-04 18:38:59,Sania Vlogs,Myntra Kurta Review,"Nice collection, really liked the styles. However, is the Mast & Harbour dress fabric transparent? The sizing chart was confusing when I checked the app. Should I get M or L size?",,https://youtube.com/watch?v=yt_vid_gen_386,,yt_vid_751,,,96.0,
yt_c_387,YouTube,YouTube,2026-07-19 18:38:59,Rohit Fashion,Myntra Summer Dress Haul under 999,"Great video, thanks for sharing. Though the reviews for Here&Now jeans say color fades. The sizing chart was confusing when I checked the app. Can you link the blue outfit?",,https://youtube.com/watch?v=yt_vid_gen_387,,yt_vid_794,,,105.0,
yt_c_388,YouTube,YouTube,2026-05-26 18:38:59,StyleWithMe,Myntra Summer Dress Haul under 999,Super helpful Myntra haul! The pricing of the ethnic wear changed twice during the video. Is it pure cotton fabric or a polyester blend? Hope they restock the medium size soon.,,https://youtube.com/watch?v=yt_vid_gen_388,,yt_vid_355,,,40.0,
yt_c_389,YouTube,YouTube,2026-07-21 18:38:59,Indian Fashion Diaries,Roadster vs Mast & Harbour Jeans,Love the try-on haul! But the sizing of the Roadster kurti at 7:46 seems off. I keep wishlist items for months waiting for a sale. Keep doing these honest hauls!,,https://youtube.com/watch?v=yt_vid_gen_389,,yt_vid_530,,,121.0,
yt_c_390,YouTube,YouTube,2026-06-05 18:38:59,Rohit Fashion,Honest Myntra Try-On Haul,Love the try-on haul! Though the reviews for Here&Now jeans say color fades. I keep wishlist items for months waiting for a sale. Which is your favorite among these?,,https://youtube.com/watch?v=yt_vid_gen_390,,yt_vid_393,,,128.0,
yt_c_391,YouTube,YouTube,2026-08-08 18:38:59,Tanya Lifestyle,Honest Myntra Try-On Haul,Super helpful Myntra haul! But the sizing of the Roadster kurti at 8:32 seems off. I have fit confidence issues so I hesitate to buy. Hope they restock the medium size soon.,,https://youtube.com/watch?v=yt_vid_gen_391,,yt_vid_346,,,85.0,
yt_c_392,YouTube,YouTube,2026-08-05 18:38:59,Sania Vlogs,Myntra Kurta Review,"Great video, thanks for sharing. I wishlisted the top but size S got sold out instantly. I have fit confidence issues so I hesitate to buy. Keep doing these honest hauls!",,https://youtube.com/watch?v=yt_vid_gen_392,,yt_vid_227,,,16.0,
yt_c_393,YouTube,YouTube,2026-07-08 18:38:59,Sania Vlogs,Honest Myntra Try-On Haul,"Great video, thanks for sharing. But the sizing of the Roadster kurti at 1:24 seems off. Is it pure cotton fabric or a polyester blend? Which is your favorite among these?",,https://youtube.com/watch?v=yt_vid_gen_393,,yt_vid_187,,,90.0,
yt_c_394,YouTube,YouTube,2026-08-14 18:38:59,Tanya Lifestyle,Myntra Kurta Review,"Super helpful Myntra haul! The pricing of the ethnic wear changed twice during the video. Usually this brand runs small, did you size up? Keep doing these honest hauls!",,https://youtube.com/watch?v=yt_vid_gen_394,,yt_vid_619,,,5.0,
yt_c_395,YouTube,YouTube,2026-07-19 18:38:59,Tanya Lifestyle,Myntra Summer Dress Haul under 999,Super helpful Myntra haul! But the sizing of the Roadster kurti at 3:19 seems off. Is it pure cotton fabric or a polyester blend? Subscribed for more try-on reviews.,,https://youtube.com/watch?v=yt_vid_gen_395,,yt_vid_150,,,53.0,
yt_c_396,YouTube,YouTube,2026-07-11 18:38:59,StyleWithMe,Roadster vs Mast & Harbour Jeans,"Nice collection, really liked the styles. However, is the Mast & Harbour dress fabric transparent? I keep wishlist items for months waiting for a sale. Subscribed for more try-on reviews.",,https://youtube.com/watch?v=yt_vid_gen_396,,yt_vid_644,,,34.0,
yt_c_397,YouTube,YouTube,2026-08-12 18:38:59,Tanya Lifestyle,Roadster vs Mast & Harbour Jeans,"Loved the styling suggestions here, But the sizing of the Roadster kurti at 2:52 seems off. Usually this brand runs small, did you size up? Can you link the blue outfit?",,https://youtube.com/watch?v=yt_vid_gen_397,,yt_vid_293,,,6.0,
yt_c_398,YouTube,YouTube,2026-05-29 18:38:59,Tanya Lifestyle,Myntra Kurta Review,Love the try-on haul! I wishlisted the top but size S got sold out instantly. I have fit confidence issues so I hesitate to buy. Keep doing these honest hauls!,,https://youtube.com/watch?v=yt_vid_gen_398,,yt_vid_882,,,42.0,
yt_c_399,YouTube,YouTube,2026-06-23 18:38:59,Rohit Fashion,Honest Myntra Try-On Haul,Super helpful Myntra haul! But Myntra's delivery for the blazer is taking too long. I have fit confidence issues so I hesitate to buy. Subscribed for more try-on reviews.,,https://youtube.com/watch?v=yt_vid_gen_399,,yt_vid_551,,,3.0,
myntra_fallback_0,Myntra,Myntra,2026-06-28 18:38:59,,Beautiful fit and quality,Superb fit and comfort for Libas Jeans. Perfect for wedding wear or festive occasions. Delivery was super fast.,5.0,https://myntra.com/product/gen_0,Libas Jeans,p_id_49003,Jeans,Libas,,
myntra_fallback_1,Myntra,Myntra,2026-06-28 18:38:59,,Extremely disappointing,Very bad fit of the Zara Shirts. Stitching came loose after the first wash. Will return it and request a refund.,3.0,https://myntra.com/product/gen_1,Zara Shirts,p_id_94483,Shirts,Zara,,
myntra_fallback_2,Myntra,Myntra,2026-08-02 18:38:59,,Beautiful fit and quality,"Very satisfied with this Here&Now Jeans. The fabric is thick, soft, and feels premium. Had it in wishlist for weeks, glad I bought it.",5.0,https://myntra.com/product/gen_2,Here&Now Jeans,p_id_38507,Jeans,Here&Now,,
myntra_fallback_3,Myntra,Myntra,2026-06-30 18:38:59,,Extremely disappointing,Extremely poor experience with the HRX Shoes. Stitching came loose after the first wash. Suggest buying one size up for a better fit.,2.0,https://myntra.com/product/gen_3,HRX Shoes,p_id_97497,Shoes,HRX,,
myntra_fallback_4,Myntra,Myntra,2026-08-14 18:38:59,,Extremely disappointing,Very bad fit of the Here&Now Shirts. Color looks completely different than the picture. Will return it and request a refund.,1.0,https://myntra.com/product/gen_4,Here&Now Shirts,p_id_34811,Shirts,Here&Now,,
myntra_fallback_5,Myntra,Myntra,2026-07-11 18:38:59,,Extremely disappointing,"Disappointed with this W Shirts. Sizing chart was completely wrong, fits very tight. Sizing exchange is taking forever.",1.0,https://myntra.com/product/gen_5,W Shirts,p_id_60033,Shirts,W,,
myntra_fallback_6,Myntra,Myntra,2026-07-05 18:38:59,,Extremely disappointing,"Very bad fit of the H&M Shoes. Sizing chart was completely wrong, fits very tight. Suggest buying one size up for a better fit.",2.0,https://myntra.com/product/gen_6,H&M Shoes,p_id_78422,Shoes,H&M,,
myntra_fallback_7,Myntra,Myntra,2026-07-21 18:38:59,,Beautiful fit and quality,Very satisfied with this H&M Sarees. Perfect for wedding wear or festive occasions. Perfect addition to my wardrobe.,5.0,https://myntra.com/product/gen_7,H&M Sarees,p_id_71724,Sarees,H&M,,
myntra_fallback_8,Myntra,Myntra,2026-06-23 18:38:59,,Extremely disappointing,"Average quality for this HRX Tops. Fabric feels rough and synthetic, not pure cotton. Will return it and request a refund.",1.0,https://myntra.com/product/gen_8,HRX Tops,p_id_98823,Tops,HRX,,
myntra_fallback_9,Myntra,Myntra,2026-08-08 18:38:59,,Extremely disappointing,"Average quality for this Mast & Harbour Jeans. Fabric feels rough and synthetic, not pure cotton. Not worth the price, do not buy.",1.0,https://myntra.com/product/gen_9,Mast & Harbour Jeans,p_id_35257,Jeans,Mast & Harbour,,
myntra_fallback_10,Myntra,Myntra,2026-06-04 18:38:59,,Extremely disappointing,"Okay product, but not great W Kurtas. Fabric feels rough and synthetic, not pure cotton. Will return it and request a refund.",3.0,https://myntra.com/product/gen_10,W Kurtas,p_id_15330,Kurtas,W,,
myntra_fallback_11,Myntra,Myntra,2026-08-10 18:38:59,,Beautiful fit and quality,Highly recommend this Here&Now T-shirts. No color bleeding after first wash. Delivery was super fast.,4.0,https://myntra.com/product/gen_11,Here&Now T-shirts,p_id_37899,T-shirts,Here&Now,,
myntra_fallback_12,Myntra,Myntra,2026-08-21 18:38:59,,Beautiful fit and quality,Excellent quality for the Libas Tops. True to size. Sizing fits me perfectly. Will definitely buy more from this brand.,5.0,https://myntra.com/product/gen_12,Libas Tops,p_id_52862,Tops,Libas,,
myntra_fallback_13,Myntra,Myntra,2026-05-31 18:38:59,,Extremely disappointing,"Okay product, but not great Anouk Shirts. Stitching came loose after the first wash. Will return it and request a refund.",1.0,https://myntra.com/product/gen_13,Anouk Shirts,p_id_77601,Shirts,Anouk,,
myntra_fallback_14,Myntra,Myntra,2026-06-09 18:38:59,,Beautiful fit and quality,Superb fit and comfort for W Tops. No color bleeding after first wash. Delivery was super fast.,4.0,https://myntra.com/product/gen_14,W Tops,p_id_73422,Tops,W,,
myntra_fallback_15,Myntra,Myntra,2026-06-18 18:38:59,,Extremely disappointing,"Very bad fit of the HRX Shirts. Stitching came loose after the first wash. Not worth the price, do not buy.",3.0,https://myntra.com/product/gen_15,HRX Shirts,p_id_40677,Shirts,HRX,,
myntra_fallback_16,Myntra,Myntra,2026-08-06 18:38:59,,Extremely disappointing,Average quality for this Zara Tops. Color looks completely different than the picture. Suggest buying one size up for a better fit.,2.0,https://myntra.com/product/gen_16,Zara Tops,p_id_92850,Tops,Zara,,
myntra_fallback_17,Myntra,Myntra,2026-06-03 18:38:59,,Extremely disappointing,Very bad fit of the Roadster Shirts. The material is very thin and transparent. Suggest buying one size up for a better fit.,1.0,https://myntra.com/product/gen_17,Roadster Shirts,p_id_39041,Shirts,Roadster,,
myntra_fallback_18,Myntra,Myntra,2026-08-06 18:38:59,,Extremely disappointing,Very bad fit of the Anouk Shirts. The material is very thin and transparent. Sizing exchange is taking forever.,1.0,https://myntra.com/product/gen_18,Anouk Shirts,p_id_10195,Shirts,Anouk,,
myntra_fallback_19,Myntra,Myntra,2026-08-05 18:38:59,,Extremely disappointing,"Okay product, but not great Roadster Trousers. Color looks completely different than the picture. Will return it and request a refund.",2.0,https://myntra.com/product/gen_19,Roadster Trousers,p_id_91147,Trousers,Roadster,,
myntra_fallback_20,Myntra,Myntra,2026-07-19 18:38:59,,Beautiful fit and quality,Very satisfied with this HRX Dresses. Perfect for wedding wear or festive occasions. Will definitely buy more from this brand.,4.0,https://myntra.com/product/gen_20,HRX Dresses,p_id_10899,Dresses,HRX,,
myntra_fallback_21,Myntra,Myntra,2026-07-07 18:38:59,,Beautiful fit and quality,Great purchase of this Here&Now Tops. True to size. Sizing fits me perfectly. Will definitely buy more from this brand.,4.0,https://myntra.com/product/gen_21,Here&Now Tops,p_id_66903,Tops,Here&Now,,
myntra_fallback_22,Myntra,Myntra,2026-07-19 18:38:59,,Extremely disappointing,"Okay product, but not great H&M Dresses. Stitching came loose after the first wash. Wishlist item that turned out to be a disappointment.",3.0,https://myntra.com/product/gen_22,H&M Dresses,p_id_69911,Dresses,H&M,,
myntra_fallback_23,Myntra,Myntra,2026-08-22 18:38:59,,Extremely disappointing,Average quality for this Anouk Sarees. Stitching came loose after the first wash. Sizing exchange is taking forever.,1.0,https://myntra.com/product/gen_23,Anouk Sarees,p_id_76081,Sarees,Anouk,,
myntra_fallback_24,Myntra,Myntra,2026-07-29 18:38:59,,Extremely disappointing,"Average quality for this H&M Shirts. Color looks completely different than the picture. Not worth the price, do not buy.",2.0,https://myntra.com/product/gen_24,H&M Shirts,p_id_78942,Shirts,H&M,,
myntra_fallback_25,Myntra,Myntra,2026-05-31 18:38:59,,Beautiful fit and quality,Great purchase of this Roadster Shoes. Perfect for wedding wear or festive occasions. Perfect addition to my wardrobe.,4.0,https://myntra.com/product/gen_25,Roadster Shoes,p_id_87440,Shoes,Roadster,,
myntra_fallback_26,Myntra,Myntra,2026-06-07 18:38:59,,Beautiful fit and quality,Excellent quality for the Here&Now Sarees. Perfect for wedding wear or festive occasions. Delivery was super fast.,5.0,https://myntra.com/product/gen_26,Here&Now Sarees,p_id_55475,Sarees,Here&Now,,
myntra_fallback_27,Myntra,Myntra,2026-07-22 18:38:59,,Extremely disappointing,"Okay product, but not great H&M T-shirts. Color looks completely different than the picture. Sizing exchange is taking forever.",2.0,https://myntra.com/product/gen_27,H&M T-shirts,p_id_32645,T-shirts,H&M,,
myntra_fallback_28,Myntra,Myntra,2026-06-08 18:38:59,,Beautiful fit and quality,Excellent quality for the Here&Now Dresses. Perfect for wedding wear or festive occasions. Value for money purchase.,4.0,https://myntra.com/product/gen_28,Here&Now Dresses,p_id_89997,Dresses,Here&Now,,
myntra_fallback_29,Myntra,Myntra,2026-08-03 18:38:59,,Beautiful fit and quality,"Highly recommend this Roadster Shirts. The fabric is thick, soft, and feels premium. Will definitely buy more from this brand.",5.0,https://myntra.com/product/gen_29,Roadster Shirts,p_id_61071,Shirts,Roadster,,
myntra_fallback_30,Myntra,Myntra,2026-06-25 18:38:59,,Extremely disappointing,Very bad fit of the Anouk Dresses. Color looks completely different than the picture. Wishlist item that turned out to be a disappointment.,1.0,https://myntra.com/product/gen_30,Anouk Dresses,p_id_98015,Dresses,Anouk,,
myntra_fallback_31,Myntra,Myntra,2026-07-17 18:38:59,,Beautiful fit and quality,"Excellent quality for the Libas Tops. Perfect for wedding wear or festive occasions. Had it in wishlist for weeks, glad I bought it.",5.0,https://myntra.com/product/gen_31,Libas Tops,p_id_36892,Tops,Libas,,
myntra_fallback_32,Myntra,Myntra,2026-06-18 18:38:59,,Extremely disappointing,"Extremely poor experience with the Here&Now Shoes. Sizing chart was completely wrong, fits very tight. Will return it and request a refund.",3.0,https://myntra.com/product/gen_32,Here&Now Shoes,p_id_92407,Shoes,Here&Now,,
myntra_fallback_33,Myntra,Myntra,2026-06-13 18:38:59,,Extremely disappointing,Extremely poor experience with the Anouk Dresses. Color looks completely different than the picture. Wishlist item that turned out to be a disappointment.,3.0,https://myntra.com/product/gen_33,Anouk Dresses,p_id_25497,Dresses,Anouk,,
myntra_fallback_34,Myntra,Myntra,2026-07-08 18:38:59,,Beautiful fit and quality,Highly recommend this H&M Trousers. No color bleeding after first wash. Will definitely buy more from this brand.,5.0,https://myntra.com/product/gen_34,H&M Trousers,p_id_15232,Trousers,H&M,,
myntra_fallback_35,Myntra,Myntra,2026-06-16 18:38:59,,Extremely disappointing,"Okay product, but not great Roadster Kurtas. Color looks completely different than the picture. Suggest buying one size up for a better fit.",3.0,https://myntra.com/product/gen_35,Roadster Kurtas,p_id_37987,Kurtas,Roadster,,
myntra_fallback_36,Myntra,Myntra,2026-06-27 18:38:59,,Beautiful fit and quality,Highly recommend this Zara Jeans. Perfect for wedding wear or festive occasions. Delivery was super fast.,4.0,https://myntra.com/product/gen_36,Zara Jeans,p_id_19840,Jeans,Zara,,
myntra_fallback_37,Myntra,Myntra,2026-07-17 18:38:59,,Beautiful fit and quality,Great purchase of this Mast & Harbour Jeans. No color bleeding after first wash. Will definitely buy more from this brand.,5.0,https://myntra.com/product/gen_37,Mast & Harbour Jeans,p_id_61599,Jeans,Mast & Harbour,,
myntra_fallback_38,Myntra,Myntra,2026-07-20 18:38:59,,Extremely disappointing,"Disappointed with this Zara Sarees. Color looks completely different than the picture. Not worth the price, do not buy.",3.0,https://myntra.com/product/gen_38,Zara Sarees,p_id_82937,Sarees,Zara,,
myntra_fallback_39,Myntra,Myntra,2026-06-01 18:38:59,,Extremely disappointing,"Disappointed with this Libas Tops. Fabric feels rough and synthetic, not pure cotton. Not worth the price, do not buy.",2.0,https://myntra.com/product/gen_39,Libas Tops,p_id_61860,Tops,Libas,,
myntra_fallback_40,Myntra,Myntra,2026-07-07 18:38:59,,Extremely disappointing,"Extremely poor experience with the H&M Jeans. Sizing chart was completely wrong, fits very tight. Wishlist item that turned out to be a disappointment.",2.0,https://myntra.com/product/gen_40,H&M Jeans,p_id_97103,Jeans,H&M,,
myntra_fallback_41,Myntra,Myntra,2026-08-11 18:38:59,,Extremely disappointing,"Average quality for this Zara Tops. Stitching came loose after the first wash. Not worth the price, do not buy.",1.0,https://myntra.com/product/gen_41,Zara Tops,p_id_53842,Tops,Zara,,
myntra_fallback_42,Myntra,Myntra,2026-06-07 18:38:59,,Beautiful fit and quality,Very satisfied with this Zara T-shirts. True to size. Sizing fits me perfectly. Perfect addition to my wardrobe.,5.0,https://myntra.com/product/gen_42,Zara T-shirts,p_id_33883,T-shirts,Zara,,
myntra_fallback_43,Myntra,Myntra,2026-06-19 18:38:59,,Beautiful fit and quality,Very satisfied with this H&M Trousers. No color bleeding after first wash. Delivery was super fast.,5.0,https://myntra.com/product/gen_43,H&M Trousers,p_id_68244,Trousers,H&M,,
myntra_fallback_44,Myntra,Myntra,2026-08-11 18:38:59,,Extremely disappointing,Disappointed with this HRX Shoes. Color looks completely different than the picture. Sizing exchange is taking forever.,3.0,https://myntra.com/product/gen_44,HRX Shoes,p_id_27229,Shoes,HRX,,
myntra_fallback_45,Myntra,Myntra,2026-06-28 18:38:59,,Extremely disappointing,Extremely poor experience with the HRX Jeans. Color looks completely different than the picture. Suggest buying one size up for a better fit.,3.0,https://myntra.com/product/gen_45,HRX Jeans,p_id_51525,Jeans,HRX,,
myntra_fallback_46,Myntra,Myntra,2026-07-24 18:38:59,,Beautiful fit and quality,"Very satisfied with this Zara Dresses. The fabric is thick, soft, and feels premium. Delivery was super fast.",5.0,https://myntra.com/product/gen_46,Zara Dresses,p_id_91666,Dresses,Zara,,
myntra_fallback_47,Myntra,Myntra,2026-06-30 18:38:59,,Extremely disappointing,"Okay product, but not great Here&Now Shoes. Stitching came loose after the first wash. Sizing exchange is taking forever.",1.0,https://myntra.com/product/gen_47,Here&Now Shoes,p_id_23148,Shoes,Here&Now,,
myntra_fallback_48,Myntra,Myntra,2026-06-28 18:38:59,,Extremely disappointing,"Okay product, but not great Here&Now Shoes. Color looks completely different than the picture. Wishlist item that turned out to be a disappointment.",2.0,https://myntra.com/product/gen_48,Here&Now Shoes,p_id_96863,Shoes,Here&Now,,
myntra_fallback_49,Myntra,Myntra,2026-08-23 18:38:59,,Beautiful fit and quality,"Excellent quality for the H&M Shoes. The fabric is thick, soft, and feels premium. Value for money purchase.",4.0,https://myntra.com/product/gen_49,H&M Shoes,p_id_75622,Shoes,H&M,,
myntra_fallback_50,Myntra,Myntra,2026-06-28 18:38:59,,Extremely disappointing,Extremely poor experience with the Libas T-shirts. The material is very thin and transparent. Will return it and request a refund.,1.0,https://myntra.com/product/gen_50,Libas T-shirts,p_id_95078,T-shirts,Libas,,
myntra_fallback_51,Myntra,Myntra,2026-06-29 18:38:59,,Extremely disappointing,Disappointed with this Anouk T-shirts. Stitching came loose after the first wash. Wishlist item that turned out to be a disappointment.,2.0,https://myntra.com/product/gen_51,Anouk T-shirts,p_id_67214,T-shirts,Anouk,,
myntra_fallback_52,Myntra,Myntra,2026-06-01 18:38:59,,Extremely disappointing,Average quality for this Roadster Sarees. Color looks completely different than the picture. Wishlist item that turned out to be a disappointment.,2.0,https://myntra.com/product/gen_52,Roadster Sarees,p_id_37231,Sarees,Roadster,,
myntra_fallback_53,Myntra,Myntra,2026-06-13 18:38:59,,Extremely disappointing,"Average quality for this Libas Jeans. Sizing chart was completely wrong, fits very tight. Suggest buying one size up for a better fit.",2.0,https://myntra.com/product/gen_53,Libas Jeans,p_id_49125,Jeans,Libas,,
myntra_fallback_54,Myntra,Myntra,2026-06-28 18:38:59,,Extremely disappointing,"Disappointed with this HRX Kurtas. Stitching came loose after the first wash. Not worth the price, do not buy.",3.0,https://myntra.com/product/gen_54,HRX Kurtas,p_id_58390,Kurtas,HRX,,
myntra_fallback_55,Myntra,Myntra,2026-08-20 18:38:59,,Extremely disappointing,Extremely poor experience with the Libas Trousers. Stitching came loose after the first wash. Will return it and request a refund.,3.0,https://myntra.com/product/gen_55,Libas Trousers,p_id_36127,Trousers,Libas,,
myntra_fallback_56,Myntra,Myntra,2026-06-10 18:38:59,,Beautiful fit and quality,Highly recommend this W Jeans. True to size. Sizing fits me perfectly. Value for money purchase.,4.0,https://myntra.com/product/gen_56,W Jeans,p_id_26364,Jeans,W,,
myntra_fallback_57,Myntra,Myntra,2026-06-07 18:38:59,,Extremely disappointing,Very bad fit of the Roadster Trousers. The material is very thin and transparent. Wishlist item that turned out to be a disappointment.,2.0,https://myntra.com/product/gen_57,Roadster Trousers,p_id_27174,Trousers,Roadster,,
myntra_fallback_58,Myntra,Myntra,2026-06-15 18:38:59,,Extremely disappointing,Disappointed with this H&M T-shirts. The material is very thin and transparent. Sizing exchange is taking forever.,2.0,https://myntra.com/product/gen_58,H&M T-shirts,p_id_30668,T-shirts,H&M,,
myntra_fallback_59,Myntra,Myntra,2026-08-21 18:38:59,,Beautiful fit and quality,"Highly recommend this Libas Jeans. The color is exactly as shown in the catalog. Had it in wishlist for weeks, glad I bought it.",4.0,https://myntra.com/product/gen_59,Libas Jeans,p_id_52977,Jeans,Libas,,
myntra_fallback_60,Myntra,Myntra,2026-07-30 18:38:59,,Extremely disappointing,"Extremely poor experience with the Libas Shirts. Fabric feels rough and synthetic, not pure cotton. Not worth the price, do not buy.",3.0,https://myntra.com/product/gen_60,Libas Shirts,p_id_50582,Shirts,Libas,,
myntra_fallback_61,Myntra,Myntra,2026-06-23 18:38:59,,Beautiful fit and quality,Superb fit and comfort for HRX T-shirts. Perfect for wedding wear or festive occasions. Will definitely buy more from this brand.,4.0,https://myntra.com/product/gen_61,HRX T-shirts,p_id_59340,T-shirts,HRX,,
myntra_fallback_62,Myntra,Myntra,2026-05-29 18:38:59,,Extremely disappointing,"Very bad fit of the Mast & Harbour Trousers. Sizing chart was completely wrong, fits very tight. Not worth the price, do not buy.",1.0,https://myntra.com/product/gen_62,Mast & Harbour Trousers,p_id_86105,Trousers,Mast & Harbour,,
myntra_fallback_63,Myntra,Myntra,2026-08-06 18:38:59,,Beautiful fit and quality,"Highly recommend this Libas Trousers. No color bleeding after first wash. Had it in wishlist for weeks, glad I bought it.",4.0,https://myntra.com/product/gen_63,Libas Trousers,p_id_81484,Trousers,Libas,,
myntra_fallback_64,Myntra,Myntra,2026-08-05 18:38:59,,Extremely disappointing,"Okay product, but not great H&M Tops. The material is very thin and transparent. Not worth the price, do not buy.",1.0,https://myntra.com/product/gen_64,H&M Tops,p_id_34264,Tops,H&M,,
myntra_fallback_65,Myntra,Myntra,2026-07-25 18:38:59,,Extremely disappointing,Disappointed with this HRX T-shirts. Stitching came loose after the first wash. Suggest buying one size up for a better fit.,3.0,https://myntra.com/product/gen_65,HRX T-shirts,p_id_64333,T-shirts,HRX,,
myntra_fallback_66,Myntra,Myntra,2026-06-22 18:38:59,,Extremely disappointing,"Disappointed with this Zara Shirts. Fabric feels rough and synthetic, not pure cotton. Sizing exchange is taking forever.",2.0,https://myntra.com/product/gen_66,Zara Shirts,p_id_50281,Shirts,Zara,,
myntra_fallback_67,Myntra,Myntra,2026-06-02 18:38:59,,Beautiful fit and quality,"Excellent quality for the HRX Dresses. The fabric is thick, soft, and feels premium. Delivery was super fast.",4.0,https://myntra.com/product/gen_67,HRX Dresses,p_id_28527,Dresses,HRX,,
myntra_fallback_68,Myntra,Myntra,2026-07-09 18:38:59,,Extremely disappointing,"Okay product, but not great Roadster Sarees. Sizing chart was completely wrong, fits very tight. Sizing exchange is taking forever.",3.0,https://myntra.com/product/gen_68,Roadster Sarees,p_id_70842,Sarees,Roadster,,
myntra_fallback_69,Myntra,Myntra,2026-06-27 18:38:59,,Beautiful fit and quality,"Great purchase of this Zara Dresses. The fabric is thick, soft, and feels premium. Delivery was super fast.",4.0,https://myntra.com/product/gen_69,Zara Dresses,p_id_23956,Dresses,Zara,,
myntra_fallback_70,Myntra,Myntra,2026-07-18 18:38:59,,Beautiful fit and quality,"Highly recommend this Libas Jeans. The fabric is thick, soft, and feels premium. Perfect addition to my wardrobe.",5.0,https://myntra.com/product/gen_70,Libas Jeans,p_id_81999,Jeans,Libas,,
myntra_fallback_71,Myntra,Myntra,2026-07-01 18:38:59,,Extremely disappointing,"Okay product, but not great Libas Shirts. Color looks completely different than the picture. Not worth the price, do not buy.",2.0,https://myntra.com/product/gen_71,Libas Shirts,p_id_43093,Shirts,Libas,,
myntra_fallback_72,Myntra,Myntra,2026-07-16 18:38:59,,Extremely disappointing,"Disappointed with this Roadster Kurtas. Sizing chart was completely wrong, fits very tight. Not worth the price, do not buy.",1.0,https://myntra.com/product/gen_72,Roadster Kurtas,p_id_21025,Kurtas,Roadster,,
myntra_fallback_73,Myntra,Myntra,2026-06-18 18:38:59,,Beautiful fit and quality,"Highly recommend this Zara Kurtas. The fabric is thick, soft, and feels premium. Had it in wishlist for weeks, glad I bought it.",5.0,https://myntra.com/product/gen_73,Zara Kurtas,p_id_93034,Kurtas,Zara,,
myntra_fallback_74,Myntra,Myntra,2026-07-28 18:38:59,,Extremely disappointing,Disappointed with this Here&Now Dresses. The material is very thin and transparent. Will return it and request a refund.,1.0,https://myntra.com/product/gen_74,Here&Now Dresses,p_id_22420,Dresses,Here&Now,,
myntra_fallback_75,Myntra,Myntra,2026-08-19 18:38:59,,Extremely disappointing,Extremely poor experience with the W Shoes. Stitching came loose after the first wash. Wishlist item that turned out to be a disappointment.,3.0,https://myntra.com/product/gen_75,W Shoes,p_id_87432,Shoes,W,,
myntra_fallback_76,Myntra,Myntra,2026-07-10 18:38:59,,Beautiful fit and quality,Highly recommend this Here&Now Shirts. The color is exactly as shown in the catalog. Value for money purchase.,4.0,https://myntra.com/product/gen_76,Here&Now Shirts,p_id_30765,Shirts,Here&Now,,
myntra_fallback_77,Myntra,Myntra,2026-07-09 18:38:59,,Extremely disappointing,"Okay product, but not great H&M Tops. Sizing chart was completely wrong, fits very tight. Wishlist item that turned out to be a disappointment.",1.0,https://myntra.com/product/gen_77,H&M Tops,p_id_47143,Tops,H&M,,
myntra_fallback_78,Myntra,Myntra,2026-08-19 18:38:59,,Extremely disappointing,Average quality for this H&M Trousers. Color looks completely different than the picture. Will return it and request a refund.,3.0,https://myntra.com/product/gen_78,H&M Trousers,p_id_48933,Trousers,H&M,,
myntra_fallback_79,Myntra,Myntra,2026-08-16 18:38:59,,Beautiful fit and quality,Excellent quality for the Zara T-shirts. True to size. Sizing fits me perfectly. Value for money purchase.,5.0,https://myntra.com/product/gen_79,Zara T-shirts,p_id_73122,T-shirts,Zara,,
myntra_fallback_80,Myntra,Myntra,2026-08-16 18:38:59,,Beautiful fit and quality,Superb fit and comfort for Zara Sarees. Perfect for wedding wear or festive occasions. Value for money purchase.,4.0,https://myntra.com/product/gen_80,Zara Sarees,p_id_59960,Sarees,Zara,,
myntra_fallback_81,Myntra,Myntra,2026-08-04 18:38:59,,Beautiful fit and quality,"Highly recommend this Roadster Kurtas. True to size. Sizing fits me perfectly. Had it in wishlist for weeks, glad I bought it.",5.0,https://myntra.com/product/gen_81,Roadster Kurtas,p_id_74952,Kurtas,Roadster,,
myntra_fallback_82,Myntra,Myntra,2026-07-17 18:38:59,,Extremely disappointing,Extremely poor experience with the Roadster Shirts. Color looks completely different than the picture. Sizing exchange is taking forever.,1.0,https://myntra.com/product/gen_82,Roadster Shirts,p_id_56353,Shirts,Roadster,,
myntra_fallback_83,Myntra,Myntra,2026-06-21 18:38:59,,Beautiful fit and quality,"Very satisfied with this Anouk Trousers. The color is exactly as shown in the catalog. Had it in wishlist for weeks, glad I bought it.",5.0,https://myntra.com/product/gen_83,Anouk Trousers,p_id_10788,Trousers,Anouk,,
myntra_fallback_84,Myntra,Myntra,2026-07-22 18:38:59,,Extremely disappointing,Very bad fit of the H&M Sarees. Stitching came loose after the first wash. Sizing exchange is taking forever.,2.0,https://myntra.com/product/gen_84,H&M Sarees,p_id_30915,Sarees,H&M,,
myntra_fallback_85,Myntra,Myntra,2026-06-01 18:38:59,,Extremely disappointing,"Disappointed with this HRX Shoes. The material is very thin and transparent. Not worth the price, do not buy.",1.0,https://myntra.com/product/gen_85,HRX Shoes,p_id_82930,Shoes,HRX,,
myntra_fallback_86,Myntra,Myntra,2026-06-29 18:38:59,,Beautiful fit and quality,Highly recommend this HRX T-shirts. True to size. Sizing fits me perfectly. Perfect addition to my wardrobe.,5.0,https://myntra.com/product/gen_86,HRX T-shirts,p_id_14658,T-shirts,HRX,,
myntra_fallback_87,Myntra,Myntra,2026-06-08 18:38:59,,Extremely disappointing,"Okay product, but not great Anouk Jeans. The material is very thin and transparent. Wishlist item that turned out to be a disappointment.",2.0,https://myntra.com/product/gen_87,Anouk Jeans,p_id_62972,Jeans,Anouk,,
myntra_fallback_88,Myntra,Myntra,2026-08-03 18:38:59,,Beautiful fit and quality,"Highly recommend this Libas Shoes. The fabric is thick, soft, and feels premium. Value for money purchase.",5.0,https://myntra.com/product/gen_88,Libas Shoes,p_id_31760,Shoes,Libas,,
myntra_fallback_89,Myntra,Myntra,2026-08-04 18:38:59,,Extremely disappointing,"Very bad fit of the Roadster Trousers. Fabric feels rough and synthetic, not pure cotton. Suggest buying one size up for a better fit.",3.0,https://myntra.com/product/gen_89,Roadster Trousers,p_id_96056,Trousers,Roadster,,
myntra_fallback_90,Myntra,Myntra,2026-08-08 18:38:59,,Beautiful fit and quality,Superb fit and comfort for Mast & Harbour Dresses. Perfect for wedding wear or festive occasions. Perfect addition to my wardrobe.,5.0,https://myntra.com/product/gen_90,Mast & Harbour Dresses,p_id_90790,Dresses,Mast & Harbour,,
myntra_fallback_91,Myntra,Myntra,2026-08-07 18:38:59,,Extremely disappointing,"Okay product, but not great Here&Now Shirts. Sizing chart was completely wrong, fits very tight. Suggest buying one size up for a better fit.",3.0,https://myntra.com/product/gen_91,Here&Now Shirts,p_id_60210,Shirts,Here&Now,,
myntra_fallback_92,Myntra,Myntra,2026-08-11 18:38:59,,Beautiful fit and quality,Highly recommend this Here&Now Jeans. True to size. Sizing fits me perfectly. Delivery was super fast.,4.0,https://myntra.com/product/gen_92,Here&Now Jeans,p_id_77872,Jeans,Here&Now,,
myntra_fallback_93,Myntra,Myntra,2026-06-17 18:38:59,,Extremely disappointing,"Okay product, but not great HRX T-shirts. Fabric feels rough and synthetic, not pure cotton. Wishlist item that turned out to be a disappointment.",2.0,https://myntra.com/product/gen_93,HRX T-shirts,p_id_45095,T-shirts,HRX,,
myntra_fallback_94,Myntra,Myntra,2026-08-01 18:38:59,,Beautiful fit and quality,Very satisfied with this Here&Now Tops. The color is exactly as shown in the catalog. Delivery was super fast.,5.0,https://myntra.com/product/gen_94,Here&Now Tops,p_id_95682,Tops,Here&Now,,
myntra_fallback_95,Myntra,Myntra,2026-07-14 18:38:59,,Extremely disappointing,Very bad fit of the Libas Shoes. Stitching came loose after the first wash. Wishlist item that turned out to be a disappointment.,2.0,https://myntra.com/product/gen_95,Libas Shoes,p_id_66705,Shoes,Libas,,
myntra_fallback_96,Myntra,Myntra,2026-07-15 18:38:59,,Beautiful fit and quality,Superb fit and comfort for Here&Now Dresses. True to size. Sizing fits me perfectly. Perfect addition to my wardrobe.,4.0,https://myntra.com/product/gen_96,Here&Now Dresses,p_id_38606,Dresses,Here&Now,,
myntra_fallback_97,Myntra,Myntra,2026-05-27 18:38:59,,Extremely disappointing,"Disappointed with this Zara Tops. Fabric feels rough and synthetic, not pure cotton. Will return it and request a refund.",3.0,https://myntra.com/product/gen_97,Zara Tops,p_id_43111,Tops,Zara,,
myntra_fallback_98,Myntra,Myntra,2026-07-26 18:38:59,,Beautiful fit and quality,"Great purchase of this W Sarees. No color bleeding after first wash. Had it in wishlist for weeks, glad I bought it.",4.0,https://myntra.com/product/gen_98,W Sarees,p_id_12766,Sarees,W,,
myntra_fallback_99,Myntra,Myntra,2026-07-31 18:38:59,,Beautiful fit and quality,Very satisfied with this HRX Trousers. No color bleeding after first wash. Value for money purchase.,4.0,https://myntra.com/product/gen_99,HRX Trousers,p_id_23548,Trousers,HRX,,
myntra_fallback_100,Myntra,Myntra,2026-07-05 18:38:59,,Extremely disappointing,Disappointed with this Libas Dresses. Color looks completely different than the picture. Suggest buying one size up for a better fit.,1.0,https://myntra.com/product/gen_100,Libas Dresses,p_id_65855,Dresses,Libas,,
myntra_fallback_101,Myntra,Myntra,2026-08-05 18:38:59,,Beautiful fit and quality,Great purchase of this W Tops. The color is exactly as shown in the catalog. Value for money purchase.,5.0,https://myntra.com/product/gen_101,W Tops,p_id_33243,Tops,W,,
myntra_fallback_102,Myntra,Myntra,2026-06-16 18:38:59,,Extremely disappointing,Very bad fit of the Here&Now Tops. Stitching came loose after the first wash. Suggest buying one size up for a better fit.,1.0,https://myntra.com/product/gen_102,Here&Now Tops,p_id_95876,Tops,Here&Now,,
myntra_fallback_103,Myntra,Myntra,2026-08-21 18:38:59,,Extremely disappointing,"Very bad fit of the HRX Jeans. Fabric feels rough and synthetic, not pure cotton. Will return it and request a refund.",3.0,https://myntra.com/product/gen_103,HRX Jeans,p_id_83525,Jeans,HRX,,
myntra_fallback_104,Myntra,Myntra,2026-05-29 18:38:59,,Extremely disappointing,"Average quality for this Anouk Tops. Sizing chart was completely wrong, fits very tight. Wishlist item that turned out to be a disappointment.",2.0,https://myntra.com/product/gen_104,Anouk Tops,p_id_11725,Tops,Anouk,,
myntra_fallback_105,Myntra,Myntra,2026-08-11 18:38:59,,Beautiful fit and quality,Excellent quality for the Libas Tops. True to size. Sizing fits me perfectly. Perfect addition to my wardrobe.,5.0,https://myntra.com/product/gen_105,Libas Tops,p_id_98679,Tops,Libas,,
myntra_fallback_106,Myntra,Myntra,2026-08-03 18:38:59,,Extremely disappointing,Disappointed with this Here&Now Kurtas. Stitching came loose after the first wash. Will return it and request a refund.,2.0,https://myntra.com/product/gen_106,Here&Now Kurtas,p_id_35718,Kurtas,Here&Now,,
myntra_fallback_107,Myntra,Myntra,2026-06-12 18:38:59,,Extremely disappointing,"Disappointed with this Zara Trousers. Sizing chart was completely wrong, fits very tight. Suggest buying one size up for a better fit.",2.0,https://myntra.com/product/gen_107,Zara Trousers,p_id_52740,Trousers,Zara,,
myntra_fallback_108,Myntra,Myntra,2026-07-18 18:38:59,,Extremely disappointing,Disappointed with this H&M Sarees. The material is very thin and transparent. Suggest buying one size up for a better fit.,2.0,https://myntra.com/product/gen_108,H&M Sarees,p_id_69077,Sarees,H&M,,
myntra_fallback_109,Myntra,Myntra,2026-06-28 18:38:59,,Beautiful fit and quality,"Great purchase of this Libas Sarees. The fabric is thick, soft, and feels premium. Perfect addition to my wardrobe.",5.0,https://myntra.com/product/gen_109,Libas Sarees,p_id_79621,Sarees,Libas,,
myntra_fallback_110,Myntra,Myntra,2026-06-04 18:38:59,,Beautiful fit and quality,Superb fit and comfort for Mast & Harbour Shirts. The color is exactly as shown in the catalog. Delivery was super fast.,5.0,https://myntra.com/product/gen_110,Mast & Harbour Shirts,p_id_92953,Shirts,Mast & Harbour,,
myntra_fallback_111,Myntra,Myntra,2026-06-22 18:38:59,,Extremely disappointing,"Extremely poor experience with the Libas Kurtas. Fabric feels rough and synthetic, not pure cotton. Wishlist item that turned out to be a disappointment.",1.0,https://myntra.com/product/gen_111,Libas Kurtas,p_id_49870,Kurtas,Libas,,
myntra_fallback_112,Myntra,Myntra,2026-06-06 18:38:59,,Extremely disappointing,"Disappointed with this W Tops. Sizing chart was completely wrong, fits very tight. Wishlist item that turned out to be a disappointment.",3.0,https://myntra.com/product/gen_112,W Tops,p_id_41786,Tops,W,,
myntra_fallback_113,Myntra,Myntra,2026-06-28 18:38:59,,Beautiful fit and quality,"Great purchase of this HRX Jeans. The color is exactly as shown in the catalog. Had it in wishlist for weeks, glad I bought it.",4.0,https://myntra.com/product/gen_113,HRX Jeans,p_id_91956,Jeans,HRX,,
myntra_fallback_114,Myntra,Myntra,2026-06-30 18:38:59,,Extremely disappointing,"Okay product, but not great Zara Dresses. The material is very thin and transparent. Sizing exchange is taking forever.",1.0,https://myntra.com/product/gen_114,Zara Dresses,p_id_46094,Dresses,Zara,,
myntra_fallback_115,Myntra,Myntra,2026-08-02 18:38:59,,Beautiful fit and quality,Highly recommend this Roadster Shirts. No color bleeding after first wash. Value for money purchase.,4.0,https://myntra.com/product/gen_115,Roadster Shirts,p_id_66789,Shirts,Roadster,,
myntra_fallback_116,Myntra,Myntra,2026-06-08 18:38:59,,Extremely disappointing,"Extremely poor experience with the W T-shirts. Color looks completely different than the picture. Not worth the price, do not buy.",3.0,https://myntra.com/product/gen_116,W T-shirts,p_id_24317,T-shirts,W,,
myntra_fallback_117,Myntra,Myntra,2026-08-06 18:38:59,,Extremely disappointing,"Average quality for this H&M Jeans. Sizing chart was completely wrong, fits very tight. Will return it and request a refund.",3.0,https://myntra.com/product/gen_117,H&M Jeans,p_id_77362,Jeans,H&M,,
myntra_fallback_118,Myntra,Myntra,2026-06-22 18:38:59,,Extremely disappointing,Average quality for this Roadster Trousers. Stitching came loose after the first wash. Wishlist item that turned out to be a disappointment.,1.0,https://myntra.com/product/gen_118,Roadster Trousers,p_id_31575,Trousers,Roadster,,
myntra_fallback_119,Myntra,Myntra,2026-07-31 18:38:59,,Extremely disappointing,"Extremely poor experience with the Anouk Shirts. Sizing chart was completely wrong, fits very tight. Sizing exchange is taking forever.",3.0,https://myntra.com/product/gen_119,Anouk Shirts,p_id_39241,Shirts,Anouk,,
myntra_fallback_120,Myntra,Myntra,2026-08-20 18:38:59,,Extremely disappointing,"Okay product, but not great Mast & Harbour Shirts. Fabric feels rough and synthetic, not pure cotton. Sizing exchange is taking forever.",2.0,https://myntra.com/product/gen_120,Mast & Harbour Shirts,p_id_95078,Shirts,Mast & Harbour,,
myntra_fallback_121,Myntra,Myntra,2026-06-30 18:38:59,,Extremely disappointing,"Disappointed with this Here&Now Dresses. Fabric feels rough and synthetic, not pure cotton. Suggest buying one size up for a better fit.",3.0,https://myntra.com/product/gen_121,Here&Now Dresses,p_id_77771,Dresses,Here&Now,,
myntra_fallback_122,Myntra,Myntra,2026-07-30 18:38:59,,Extremely disappointing,Extremely poor experience with the Anouk Shirts. Color looks completely different than the picture. Will return it and request a refund.,1.0,https://myntra.com/product/gen_122,Anouk Shirts,p_id_10725,Shirts,Anouk,,
myntra_fallback_123,Myntra,Myntra,2026-07-02 18:38:59,,Beautiful fit and quality,"Great purchase of this Mast & Harbour Trousers. The fabric is thick, soft, and feels premium. Had it in wishlist for weeks, glad I bought it.",5.0,https://myntra.com/product/gen_123,Mast & Harbour Trousers,p_id_23130,Trousers,Mast & Harbour,,
myntra_fallback_124,Myntra,Myntra,2026-06-28 18:38:59,,Extremely disappointing,Extremely poor experience with the Here&Now Dresses. The material is very thin and transparent. Sizing exchange is taking forever.,2.0,https://myntra.com/product/gen_124,Here&Now Dresses,p_id_52778,Dresses,Here&Now,,
myntra_fallback_125,Myntra,Myntra,2026-07-18 18:38:59,,Extremely disappointing,"Average quality for this Anouk Dresses. The material is very thin and transparent. Not worth the price, do not buy.",3.0,https://myntra.com/product/gen_125,Anouk Dresses,p_id_46032,Dresses,Anouk,,
myntra_fallback_126,Myntra,Myntra,2026-08-21 18:38:59,,Extremely disappointing,Very bad fit of the Anouk T-shirts. Stitching came loose after the first wash. Will return it and request a refund.,2.0,https://myntra.com/product/gen_126,Anouk T-shirts,p_id_38124,T-shirts,Anouk,,
myntra_fallback_127,Myntra,Myntra,2026-08-11 18:38:59,,Extremely disappointing,"Very bad fit of the Here&Now Sarees. Sizing chart was completely wrong, fits very tight. Sizing exchange is taking forever.",1.0,https://myntra.com/product/gen_127,Here&Now Sarees,p_id_37498,Sarees,Here&Now,,
myntra_fallback_128,Myntra,Myntra,2026-06-21 18:38:59,,Extremely disappointing,Extremely poor experience with the Zara T-shirts. Stitching came loose after the first wash. Suggest buying one size up for a better fit.,1.0,https://myntra.com/product/gen_128,Zara T-shirts,p_id_74864,T-shirts,Zara,,
myntra_fallback_129,Myntra,Myntra,2026-07-18 18:38:59,,Beautiful fit and quality,Great purchase of this Zara Trousers. No color bleeding after first wash. Value for money purchase.,5.0,https://myntra.com/product/gen_129,Zara Trousers,p_id_38412,Trousers,Zara,,
myntra_fallback_130,Myntra,Myntra,2026-07-18 18:38:59,,Beautiful fit and quality,"Great purchase of this HRX Shoes. True to size. Sizing fits me perfectly. Had it in wishlist for weeks, glad I bought it.",5.0,https://myntra.com/product/gen_130,HRX Shoes,p_id_89230,Shoes,HRX,,
myntra_fallback_131,Myntra,Myntra,2026-07-07 18:38:59,,Extremely disappointing,"Very bad fit of the Roadster Shirts. Sizing chart was completely wrong, fits very tight. Suggest buying one size up for a better fit.",3.0,https://myntra.com/product/gen_131,Roadster Shirts,p_id_73740,Shirts,Roadster,,
myntra_fallback_132,Myntra,Myntra,2026-07-15 18:38:59,,Beautiful fit and quality,Very satisfied with this W T-shirts. Perfect for wedding wear or festive occasions. Perfect addition to my wardrobe.,5.0,https://myntra.com/product/gen_132,W T-shirts,p_id_21922,T-shirts,W,,
myntra_fallback_133,Myntra,Myntra,2026-08-16 18:38:59,,Extremely disappointing,"Average quality for this W Dresses. Fabric feels rough and synthetic, not pure cotton. Will return it and request a refund.",2.0,https://myntra.com/product/gen_133,W Dresses,p_id_25224,Dresses,W,,
myntra_fallback_134,Myntra,Myntra,2026-07-28 18:38:59,,Extremely disappointing,"Average quality for this Here&Now Shirts. Fabric feels rough and synthetic, not pure cotton. Not worth the price, do not buy.",2.0,https://myntra.com/product/gen_134,Here&Now Shirts,p_id_66422,Shirts,Here&Now,,
myntra_fallback_135,Myntra,Myntra,2026-07-03 18:38:59,,Extremely disappointing,"Okay product, but not great W Shirts. Fabric feels rough and synthetic, not pure cotton. Will return it and request a refund.",3.0,https://myntra.com/product/gen_135,W Shirts,p_id_61605,Shirts,W,,
myntra_fallback_136,Myntra,Myntra,2026-07-14 18:38:59,,Beautiful fit and quality,Highly recommend this Mast & Harbour Shoes. No color bleeding after first wash. Delivery was super fast.,4.0,https://myntra.com/product/gen_136,Mast & Harbour Shoes,p_id_51000,Shoes,Mast & Harbour,,
myntra_fallback_137,Myntra,Myntra,2026-07-06 18:38:59,,Extremely disappointing,"Okay product, but not great Mast & Harbour Shirts. Sizing chart was completely wrong, fits very tight. Will return it and request a refund.",2.0,https://myntra.com/product/gen_137,Mast & Harbour Shirts,p_id_95545,Shirts,Mast & Harbour,,
myntra_fallback_138,Myntra,Myntra,2026-07-17 18:38:59,,Beautiful fit and quality,"Excellent quality for the Zara Shirts. The fabric is thick, soft, and feels premium. Had it in wishlist for weeks, glad I bought it.",5.0,https://myntra.com/product/gen_138,Zara Shirts,p_id_76643,Shirts,Zara,,
myntra_fallback_139,Myntra,Myntra,2026-08-04 18:38:59,,Beautiful fit and quality,Superb fit and comfort for Zara Shirts. No color bleeding after first wash. Delivery was super fast.,5.0,https://myntra.com/product/gen_139,Zara Shirts,p_id_48972,Shirts,Zara,,
myntra_fallback_140,Myntra,Myntra,2026-08-21 18:38:59,,Extremely disappointing,"Very bad fit of the Here&Now Shirts. Stitching came loose after the first wash. Not worth the price, do not buy.",2.0,https://myntra.com/product/gen_140,Here&Now Shirts,p_id_68809,Shirts,Here&Now,,
myntra_fallback_141,Myntra,Myntra,2026-06-07 18:38:59,,Extremely disappointing,Average quality for this W Sarees. Color looks completely different than the picture. Suggest buying one size up for a better fit.,1.0,https://myntra.com/product/gen_141,W Sarees,p_id_96209,Sarees,W,,
myntra_fallback_142,Myntra,Myntra,2026-07-06 18:38:59,,Beautiful fit and quality,Very satisfied with this Libas Kurtas. The color is exactly as shown in the catalog. Value for money purchase.,4.0,https://myntra.com/product/gen_142,Libas Kurtas,p_id_81967,Kurtas,Libas,,
myntra_fallback_143,Myntra,Myntra,2026-07-17 18:38:59,,Beautiful fit and quality,"Superb fit and comfort for H&M T-shirts. The color is exactly as shown in the catalog. Had it in wishlist for weeks, glad I bought it.",5.0,https://myntra.com/product/gen_143,H&M T-shirts,p_id_99507,T-shirts,H&M,,
myntra_fallback_144,Myntra,Myntra,2026-06-16 18:38:59,,Beautiful fit and quality,Superb fit and comfort for Zara Dresses. No color bleeding after first wash. Will definitely buy more from this brand.,5.0,https://myntra.com/product/gen_144,Zara Dresses,p_id_76620,Dresses,Zara,,
myntra_fallback_145,Myntra,Myntra,2026-08-03 18:38:59,,Extremely disappointing,Extremely poor experience with the W T-shirts. Stitching came loose after the first wash. Sizing exchange is taking forever.,2.0,https://myntra.com/product/gen_145,W T-shirts,p_id_87834,T-shirts,W,,
myntra_fallback_146,Myntra,Myntra,2026-08-01 18:38:59,,Extremely disappointing,Average quality for this Zara Sarees. The material is very thin and transparent. Will return it and request a refund.,3.0,https://myntra.com/product/gen_146,Zara Sarees,p_id_46113,Sarees,Zara,,
myntra_fallback_147,Myntra,Myntra,2026-06-23 18:38:59,,Beautiful fit and quality,Excellent quality for the Zara Tops. The color is exactly as shown in the catalog. Delivery was super fast.,4.0,https://myntra.com/product/gen_147,Zara Tops,p_id_80263,Tops,Zara,,
myntra_fallback_148,Myntra,Myntra,2026-07-24 18:38:59,,Extremely disappointing,Average quality for this H&M Kurtas. Stitching came loose after the first wash. Sizing exchange is taking forever.,3.0,https://myntra.com/product/gen_148,H&M Kurtas,p_id_89336,Kurtas,H&M,,
myntra_fallback_149,Myntra,Myntra,2026-07-20 18:38:59,,Beautiful fit and quality,"Great purchase of this Libas Sarees. The fabric is thick, soft, and feels premium. Will definitely buy more from this brand.",5.0,https://myntra.com/product/gen_149,Libas Sarees,p_id_69064,Sarees,Libas,,
myntra_fallback_150,Myntra,Myntra,2026-08-11 18:38:59,,Beautiful fit and quality,Great purchase of this Libas Trousers. Perfect for wedding wear or festive occasions. Perfect addition to my wardrobe.,5.0,https://myntra.com/product/gen_150,Libas Trousers,p_id_57792,Trousers,Libas,,
myntra_fallback_151,Myntra,Myntra,2026-07-22 18:38:59,,Beautiful fit and quality,Excellent quality for the Zara T-shirts. Perfect for wedding wear or festive occasions. Delivery was super fast.,4.0,https://myntra.com/product/gen_151,Zara T-shirts,p_id_89706,T-shirts,Zara,,
myntra_fallback_152,Myntra,Myntra,2026-07-29 18:38:59,,Beautiful fit and quality,Great purchase of this Roadster Sarees. True to size. Sizing fits me perfectly. Delivery was super fast.,5.0,https://myntra.com/product/gen_152,Roadster Sarees,p_id_27349,Sarees,Roadster,,
myntra_fallback_153,Myntra,Myntra,2026-07-11 18:38:59,,Extremely disappointing,Disappointed with this Libas Shirts. Color looks completely different than the picture. Will return it and request a refund.,1.0,https://myntra.com/product/gen_153,Libas Shirts,p_id_91559,Shirts,Libas,,
myntra_fallback_154,Myntra,Myntra,2026-08-05 18:38:59,,Beautiful fit and quality,"Highly recommend this H&M Shoes. The fabric is thick, soft, and feels premium. Will definitely buy more from this brand.",5.0,https://myntra.com/product/gen_154,H&M Shoes,p_id_48048,Shoes,H&M,,
myntra_fallback_155,Myntra,Myntra,2026-08-19 18:38:59,,Extremely disappointing,Very bad fit of the Mast & Harbour Shirts. Color looks completely different than the picture. Wishlist item that turned out to be a disappointment.,3.0,https://myntra.com/product/gen_155,Mast & Harbour Shirts,p_id_29917,Shirts,Mast & Harbour,,
myntra_fallback_156,Myntra,Myntra,2026-06-12 18:38:59,,Extremely disappointing,Disappointed with this Libas Sarees. The material is very thin and transparent. Wishlist item that turned out to be a disappointment.,2.0,https://myntra.com/product/gen_156,Libas Sarees,p_id_82325,Sarees,Libas,,
myntra_fallback_157,Myntra,Myntra,2026-05-27 18:38:59,,Extremely disappointing,"Extremely poor experience with the HRX Kurtas. Sizing chart was completely wrong, fits very tight. Will return it and request a refund.",1.0,https://myntra.com/product/gen_157,HRX Kurtas,p_id_49790,Kurtas,HRX,,
myntra_fallback_158,Myntra,Myntra,2026-07-27 18:38:59,,Extremely disappointing,Extremely poor experience with the Here&Now Jeans. Color looks completely different than the picture. Wishlist item that turned out to be a disappointment.,2.0,https://myntra.com/product/gen_158,Here&Now Jeans,p_id_84256,Jeans,Here&Now,,
myntra_fallback_159,Myntra,Myntra,2026-07-01 18:38:59,,Extremely disappointing,"Very bad fit of the Anouk Trousers. The material is very thin and transparent. Not worth the price, do not buy.",1.0,https://myntra.com/product/gen_159,Anouk Trousers,p_id_35458,Trousers,Anouk,,
myntra_fallback_160,Myntra,Myntra,2026-07-25 18:38:59,,Beautiful fit and quality,"Superb fit and comfort for H&M Shirts. The fabric is thick, soft, and feels premium. Will definitely buy more from this brand.",5.0,https://myntra.com/product/gen_160,H&M Shirts,p_id_57849,Shirts,H&M,,
myntra_fallback_161,Myntra,Myntra,2026-08-06 18:38:59,,Extremely disappointing,"Okay product, but not great H&M Trousers. Sizing chart was completely wrong, fits very tight. Not worth the price, do not buy.",2.0,https://myntra.com/product/gen_161,H&M Trousers,p_id_24563,Trousers,H&M,,
myntra_fallback_162,Myntra,Myntra,2026-08-17 18:38:59,,Beautiful fit and quality,Great purchase of this Here&Now Kurtas. No color bleeding after first wash. Will definitely buy more from this brand.,5.0,https://myntra.com/product/gen_162,Here&Now Kurtas,p_id_46383,Kurtas,Here&Now,,
myntra_fallback_163,Myntra,Myntra,2026-07-12 18:38:59,,Extremely disappointing,"Disappointed with this Anouk Shirts. Color looks completely different than the picture. Not worth the price, do not buy.",2.0,https://myntra.com/product/gen_163,Anouk Shirts,p_id_94636,Shirts,Anouk,,
myntra_fallback_164,Myntra,Myntra,2026-07-02 18:38:59,,Extremely disappointing,"Disappointed with this Mast & Harbour Dresses. Fabric feels rough and synthetic, not pure cotton. Not worth the price, do not buy.",1.0,https://myntra.com/product/gen_164,Mast & Harbour Dresses,p_id_43679,Dresses,Mast & Harbour,,
myntra_fallback_165,Myntra,Myntra,2026-06-22 18:38:59,,Extremely disappointing,"Extremely poor experience with the Zara Sarees. Sizing chart was completely wrong, fits very tight. Wishlist item that turned out to be a disappointment.",3.0,https://myntra.com/product/gen_165,Zara Sarees,p_id_58092,Sarees,Zara,,
myntra_fallback_166,Myntra,Myntra,2026-06-12 18:38:59,,Beautiful fit and quality,Superb fit and comfort for Here&Now Jeans. True to size. Sizing fits me perfectly. Value for money purchase.,5.0,https://myntra.com/product/gen_166,Here&Now Jeans,p_id_20531,Jeans,Here&Now,,
myntra_fallback_167,Myntra,Myntra,2026-07-17 18:38:59,,Extremely disappointing,Disappointed with this Anouk Shoes. Color looks completely different than the picture. Wishlist item that turned out to be a disappointment.,1.0,https://myntra.com/product/gen_167,Anouk Shoes,p_id_22954,Shoes,Anouk,,
myntra_fallback_168,Myntra,Myntra,2026-07-10 18:38:59,,Extremely disappointing,"Extremely poor experience with the Here&Now Sarees. Sizing chart was completely wrong, fits very tight. Suggest buying one size up for a better fit.",2.0,https://myntra.com/product/gen_168,Here&Now Sarees,p_id_45970,Sarees,Here&Now,,
myntra_fallback_169,Myntra,Myntra,2026-06-27 18:38:59,,Extremely disappointing,Disappointed with this HRX Shoes. Color looks completely different than the picture. Sizing exchange is taking forever.,2.0,https://myntra.com/product/gen_169,HRX Shoes,p_id_62120,Shoes,HRX,,
myntra_fallback_170,Myntra,Myntra,2026-08-01 18:38:59,,Extremely disappointing,Extremely poor experience with the Anouk Jeans. Color looks completely different than the picture. Suggest buying one size up for a better fit.,3.0,https://myntra.com/product/gen_170,Anouk Jeans,p_id_96612,Jeans,Anouk,,
myntra_fallback_171,Myntra,Myntra,2026-05-30 18:38:59,,Beautiful fit and quality,"Very satisfied with this W Trousers. The fabric is thick, soft, and feels premium. Delivery was super fast.",5.0,https://myntra.com/product/gen_171,W Trousers,p_id_94981,Trousers,W,,
myntra_fallback_172,Myntra,Myntra,2026-07-21 18:38:59,,Beautiful fit and quality,Highly recommend this Here&Now Trousers. Perfect for wedding wear or festive occasions. Perfect addition to my wardrobe.,5.0,https://myntra.com/product/gen_172,Here&Now Trousers,p_id_30565,Trousers,Here&Now,,
myntra_fallback_173,Myntra,Myntra,2026-07-22 18:38:59,,Beautiful fit and quality,Excellent quality for the Roadster Trousers. True to size. Sizing fits me perfectly. Delivery was super fast.,4.0,https://myntra.com/product/gen_173,Roadster Trousers,p_id_10977,Trousers,Roadster,,
myntra_fallback_174,Myntra,Myntra,2026-05-29 18:38:59,,Beautiful fit and quality,"Excellent quality for the Mast & Harbour Dresses. The fabric is thick, soft, and feels premium. Value for money purchase.",4.0,https://myntra.com/product/gen_174,Mast & Harbour Dresses,p_id_57729,Dresses,Mast & Harbour,,
myntra_fallback_175,Myntra,Myntra,2026-08-04 18:38:59,,Extremely disappointing,Extremely poor experience with the W Shoes. The material is very thin and transparent. Will return it and request a refund.,2.0,https://myntra.com/product/gen_175,W Shoes,p_id_82553,Shoes,W,,
myntra_fallback_176,Myntra,Myntra,2026-06-12 18:38:59,,Beautiful fit and quality,Excellent quality for the Zara Sarees. No color bleeding after first wash. Value for money purchase.,5.0,https://myntra.com/product/gen_176,Zara Sarees,p_id_82542,Sarees,Zara,,
myntra_fallback_177,Myntra,Myntra,2026-06-06 18:38:59,,Beautiful fit and quality,"Highly recommend this Libas Kurtas. The fabric is thick, soft, and feels premium. Delivery was super fast.",5.0,https://myntra.com/product/gen_177,Libas Kurtas,p_id_37452,Kurtas,Libas,,
myntra_fallback_178,Myntra,Myntra,2026-07-10 18:38:59,,Extremely disappointing,"Average quality for this Zara Kurtas. Sizing chart was completely wrong, fits very tight. Suggest buying one size up for a better fit.",1.0,https://myntra.com/product/gen_178,Zara Kurtas,p_id_38641,Kurtas,Zara,,
myntra_fallback_179,Myntra,Myntra,2026-07-26 18:38:59,,Extremely disappointing,"Disappointed with this Anouk Kurtas. Stitching came loose after the first wash. Not worth the price, do not buy.",3.0,https://myntra.com/product/gen_179,Anouk Kurtas,p_id_47200,Kurtas,Anouk,,
myntra_fallback_180,Myntra,Myntra,2026-08-12 18:38:59,,Extremely disappointing,Extremely poor experience with the H&M Dresses. Stitching came loose after the first wash. Will return it and request a refund.,1.0,https://myntra.com/product/gen_180,H&M Dresses,p_id_50949,Dresses,H&M,,
myntra_fallback_181,Myntra,Myntra,2026-07-31 18:38:59,,Beautiful fit and quality,Highly recommend this Libas Shoes. True to size. Sizing fits me perfectly. Value for money purchase.,4.0,https://myntra.com/product/gen_181,Libas Shoes,p_id_66034,Shoes,Libas,,
myntra_fallback_182,Myntra,Myntra,2026-06-18 18:38:59,,Beautiful fit and quality,Excellent quality for the Roadster Trousers. No color bleeding after first wash. Will definitely buy more from this brand.,5.0,https://myntra.com/product/gen_182,Roadster Trousers,p_id_94386,Trousers,Roadster,,
myntra_fallback_183,Myntra,Myntra,2026-07-29 18:38:59,,Extremely disappointing,Disappointed with this Roadster Kurtas. The material is very thin and transparent. Sizing exchange is taking forever.,1.0,https://myntra.com/product/gen_183,Roadster Kurtas,p_id_28557,Kurtas,Roadster,,
myntra_fallback_184,Myntra,Myntra,2026-06-16 18:38:59,,Extremely disappointing,Average quality for this W Dresses. Stitching came loose after the first wash. Will return it and request a refund.,1.0,https://myntra.com/product/gen_184,W Dresses,p_id_25837,Dresses,W,,
myntra_fallback_185,Myntra,Myntra,2026-07-06 18:38:59,,Beautiful fit and quality,Great purchase of this Roadster Kurtas. No color bleeding after first wash. Delivery was super fast.,4.0,https://myntra.com/product/gen_185,Roadster Kurtas,p_id_63023,Kurtas,Roadster,,
myntra_fallback_186,Myntra,Myntra,2026-06-14 18:38:59,,Beautiful fit and quality,Superb fit and comfort for Mast & Harbour Tops. Perfect for wedding wear or festive occasions. Will definitely buy more from this brand.,5.0,https://myntra.com/product/gen_186,Mast & Harbour Tops,p_id_39179,Tops,Mast & Harbour,,
myntra_fallback_187,Myntra,Myntra,2026-06-01 18:38:59,,Beautiful fit and quality,Great purchase of this H&M Shoes. Perfect for wedding wear or festive occasions. Will definitely buy more from this brand.,5.0,https://myntra.com/product/gen_187,H&M Shoes,p_id_20205,Shoes,H&M,,
myntra_fallback_188,Myntra,Myntra,2026-05-28 18:38:59,,Extremely disappointing,"Very bad fit of the Roadster Dresses. Sizing chart was completely wrong, fits very tight. Will return it and request a refund.",1.0,https://myntra.com/product/gen_188,Roadster Dresses,p_id_99657,Dresses,Roadster,,
myntra_fallback_189,Myntra,Myntra,2026-06-20 18:38:59,,Extremely disappointing,"Okay product, but not great HRX Jeans. The material is very thin and transparent. Not worth the price, do not buy.",2.0,https://myntra.com/product/gen_189,HRX Jeans,p_id_77140,Jeans,HRX,,
myntra_fallback_190,Myntra,Myntra,2026-07-26 18:38:59,,Extremely disappointing,Disappointed with this Roadster Kurtas. Stitching came loose after the first wash. Suggest buying one size up for a better fit.,3.0,https://myntra.com/product/gen_190,Roadster Kurtas,p_id_65934,Kurtas,Roadster,,
myntra_fallback_191,Myntra,Myntra,2026-06-25 18:38:59,,Extremely disappointing,"Disappointed with this Anouk Dresses. Fabric feels rough and synthetic, not pure cotton. Sizing exchange is taking forever.",2.0,https://myntra.com/product/gen_191,Anouk Dresses,p_id_90758,Dresses,Anouk,,
myntra_fallback_192,Myntra,Myntra,2026-07-02 18:38:59,,Beautiful fit and quality,"Excellent quality for the W Trousers. The fabric is thick, soft, and feels premium. Delivery was super fast.",5.0,https://myntra.com/product/gen_192,W Trousers,p_id_27895,Trousers,W,,
myntra_fallback_193,Myntra,Myntra,2026-05-29 18:38:59,,Extremely disappointing,"Okay product, but not great HRX Shirts. Sizing chart was completely wrong, fits very tight. Sizing exchange is taking forever.",1.0,https://myntra.com/product/gen_193,HRX Shirts,p_id_29669,Shirts,HRX,,
myntra_fallback_194,Myntra,Myntra,2026-05-26 18:38:59,,Beautiful fit and quality,"Great purchase of this Zara Trousers. The fabric is thick, soft, and feels premium. Delivery was super fast.",4.0,https://myntra.com/product/gen_194,Zara Trousers,p_id_24000,Trousers,Zara,,
myntra_fallback_195,Myntra,Myntra,2026-08-19 18:38:59,,Beautiful fit and quality,"Highly recommend this Roadster Tops. The fabric is thick, soft, and feels premium. Perfect addition to my wardrobe.",5.0,https://myntra.com/product/gen_195,Roadster Tops,p_id_66003,Tops,Roadster,,
myntra_fallback_196,Myntra,Myntra,2026-06-25 18:38:59,,Extremely disappointing,"Okay product, but not great HRX Kurtas. Color looks completely different than the picture. Not worth the price, do not buy.",2.0,https://myntra.com/product/gen_196,HRX Kurtas,p_id_16965,Kurtas,HRX,,
myntra_fallback_197,Myntra,Myntra,2026-05-27 18:38:59,,Beautiful fit and quality,"Very satisfied with this Here&Now Shoes. The fabric is thick, soft, and feels premium. Value for money purchase.",4.0,https://myntra.com/product/gen_197,Here&Now Shoes,p_id_55855,Shoes,Here&Now,,
myntra_fallback_198,Myntra,Myntra,2026-07-11 18:38:59,,Extremely disappointing,"Average quality for this Here&Now T-shirts. Fabric feels rough and synthetic, not pure cotton. Sizing exchange is taking forever.",3.0,https://myntra.com/product/gen_198,Here&Now T-shirts,p_id_65273,T-shirts,Here&Now,,
myntra_fallback_199,Myntra,Myntra,2026-06-25 18:38:59,,Extremely disappointing,Disappointed with this Mast & Harbour Dresses. The material is very thin and transparent. Will return it and request a refund.,3.0,https://myntra.com/product/gen_199,Mast & Harbour Dresses,p_id_63096,Dresses,Mast & Harbour,,
myntra_fallback_200,Myntra,Myntra,2026-08-09 18:38:59,,Extremely disappointing,Extremely poor experience with the HRX Dresses. Stitching came loose after the first wash. Wishlist item that turned out to be a disappointment.,2.0,https://myntra.com/product/gen_200,HRX Dresses,p_id_43360,Dresses,HRX,,
myntra_fallback_201,Myntra,Myntra,2026-07-13 18:38:59,,Extremely disappointing,Extremely poor experience with the HRX Jeans. The material is very thin and transparent. Suggest buying one size up for a better fit.,2.0,https://myntra.com/product/gen_201,HRX Jeans,p_id_91962,Jeans,HRX,,
myntra_fallback_202,Myntra,Myntra,2026-06-22 18:38:59,,Beautiful fit and quality,"Excellent quality for the Mast & Harbour Kurtas. The color is exactly as shown in the catalog. Had it in wishlist for weeks, glad I bought it.",5.0,https://myntra.com/product/gen_202,Mast & Harbour Kurtas,p_id_51065,Kurtas,Mast & Harbour,,
myntra_fallback_203,Myntra,Myntra,2026-07-29 18:38:59,,Extremely disappointing,Average quality for this Roadster Jeans. Color looks completely different than the picture. Will return it and request a refund.,2.0,https://myntra.com/product/gen_203,Roadster Jeans,p_id_41293,Jeans,Roadster,,
myntra_fallback_204,Myntra,Myntra,2026-07-09 18:38:59,,Beautiful fit and quality,Excellent quality for the Mast & Harbour Tops. True to size. Sizing fits me perfectly. Value for money purchase.,5.0,https://myntra.com/product/gen_204,Mast & Harbour Tops,p_id_11139,Tops,Mast & Harbour,,
myntra_fallback_205,Myntra,Myntra,2026-08-21 18:38:59,,Extremely disappointing,"Extremely poor experience with the Roadster Dresses. Stitching came loose after the first wash. Not worth the price, do not buy.",2.0,https://myntra.com/product/gen_205,Roadster Dresses,p_id_98363,Dresses,Roadster,,
myntra_fallback_206,Myntra,Myntra,2026-06-30 18:38:59,,Beautiful fit and quality,"Highly recommend this HRX Dresses. True to size. Sizing fits me perfectly. Had it in wishlist for weeks, glad I bought it.",5.0,https://myntra.com/product/gen_206,HRX Dresses,p_id_48370,Dresses,HRX,,
myntra_fallback_207,Myntra,Myntra,2026-06-02 18:38:59,,Extremely disappointing,Extremely poor experience with the Here&Now Sarees. Color looks completely different than the picture. Sizing exchange is taking forever.,3.0,https://myntra.com/product/gen_207,Here&Now Sarees,p_id_45520,Sarees,Here&Now,,
myntra_fallback_208,Myntra,Myntra,2026-07-19 18:38:59,,Extremely disappointing,Very bad fit of the Anouk Kurtas. Color looks completely different than the picture. Suggest buying one size up for a better fit.,2.0,https://myntra.com/product/gen_208,Anouk Kurtas,p_id_97841,Kurtas,Anouk,,
myntra_fallback_209,Myntra,Myntra,2026-08-15 18:38:59,,Beautiful fit and quality,"Excellent quality for the Mast & Harbour Dresses. The fabric is thick, soft, and feels premium. Perfect addition to my wardrobe.",5.0,https://myntra.com/product/gen_209,Mast & Harbour Dresses,p_id_36104,Dresses,Mast & Harbour,,
myntra_fallback_210,Myntra,Myntra,2026-07-05 18:38:59,,Extremely disappointing,"Disappointed with this Here&Now Tops. The material is very thin and transparent. Not worth the price, do not buy.",1.0,https://myntra.com/product/gen_210,Here&Now Tops,p_id_17213,Tops,Here&Now,,
myntra_fallback_211,Myntra,Myntra,2026-08-15 18:38:59,,Beautiful fit and quality,Highly recommend this Libas Sarees. True to size. Sizing fits me perfectly. Perfect addition to my wardrobe.,5.0,https://myntra.com/product/gen_211,Libas Sarees,p_id_12400,Sarees,Libas,,
myntra_fallback_212,Myntra,Myntra,2026-08-14 18:38:59,,Extremely disappointing,"Okay product, but not great Roadster Kurtas. The material is very thin and transparent. Wishlist item that turned out to be a disappointment.",3.0,https://myntra.com/product/gen_212,Roadster Kurtas,p_id_55949,Kurtas,Roadster,,
myntra_fallback_213,Myntra,Myntra,2026-08-19 18:38:59,,Beautiful fit and quality,"Highly recommend this Mast & Harbour Dresses. The fabric is thick, soft, and feels premium. Value for money purchase.",5.0,https://myntra.com/product/gen_213,Mast & Harbour Dresses,p_id_34969,Dresses,Mast & Harbour,,
myntra_fallback_214,Myntra,Myntra,2026-08-03 18:38:59,,Beautiful fit and quality,Superb fit and comfort for HRX T-shirts. No color bleeding after first wash. Value for money purchase.,5.0,https://myntra.com/product/gen_214,HRX T-shirts,p_id_66597,T-shirts,HRX,,
myntra_fallback_215,Myntra,Myntra,2026-06-14 18:38:59,,Extremely disappointing,"Okay product, but not great Roadster Shoes. Fabric feels rough and synthetic, not pure cotton. Suggest buying one size up for a better fit.",3.0,https://myntra.com/product/gen_215,Roadster Shoes,p_id_62361,Shoes,Roadster,,
myntra_fallback_216,Myntra,Myntra,2026-07-12 18:38:59,,Extremely disappointing,"Okay product, but not great Anouk Dresses. Sizing chart was completely wrong, fits very tight. Suggest buying one size up for a better fit.",1.0,https://myntra.com/product/gen_216,Anouk Dresses,p_id_51922,Dresses,Anouk,,
myntra_fallback_217,Myntra,Myntra,2026-06-07 18:38:59,,Beautiful fit and quality,Highly recommend this W Shirts. True to size. Sizing fits me perfectly. Delivery was super fast.,4.0,https://myntra.com/product/gen_217,W Shirts,p_id_52877,Shirts,W,,
myntra_fallback_218,Myntra,Myntra,2026-07-06 18:38:59,,Extremely disappointing,"Okay product, but not great H&M Kurtas. Fabric feels rough and synthetic, not pure cotton. Wishlist item that turned out to be a disappointment.",1.0,https://myntra.com/product/gen_218,H&M Kurtas,p_id_27272,Kurtas,H&M,,
myntra_fallback_219,Myntra,Myntra,2026-07-26 18:38:59,,Extremely disappointing,Average quality for this Roadster Jeans. Stitching came loose after the first wash. Suggest buying one size up for a better fit.,3.0,https://myntra.com/product/gen_219,Roadster Jeans,p_id_14614,Jeans,Roadster,,
myntra_fallback_220,Myntra,Myntra,2026-08-22 18:38:59,,Extremely disappointing,Very bad fit of the Here&Now Sarees. Stitching came loose after the first wash. Wishlist item that turned out to be a disappointment.,3.0,https://myntra.com/product/gen_220,Here&Now Sarees,p_id_84619,Sarees,Here&Now,,
myntra_fallback_221,Myntra,Myntra,2026-07-30 18:38:59,,Beautiful fit and quality,Superb fit and comfort for Anouk Shirts. True to size. Sizing fits me perfectly. Perfect addition to my wardrobe.,5.0,https://myntra.com/product/gen_221,Anouk Shirts,p_id_58131,Shirts,Anouk,,
myntra_fallback_222,Myntra,Myntra,2026-06-05 18:38:59,,Beautiful fit and quality,Highly recommend this HRX Kurtas. The color is exactly as shown in the catalog. Delivery was super fast.,4.0,https://myntra.com/product/gen_222,HRX Kurtas,p_id_89307,Kurtas,HRX,,
myntra_fallback_223,Myntra,Myntra,2026-06-03 18:38:59,,Extremely disappointing,Very bad fit of the Anouk Dresses. The material is very thin and transparent. Will return it and request a refund.,2.0,https://myntra.com/product/gen_223,Anouk Dresses,p_id_42311,Dresses,Anouk,,
myntra_fallback_224,Myntra,Myntra,2026-08-10 18:38:59,,Extremely disappointing,Average quality for this H&M Tops. Color looks completely different than the picture. Sizing exchange is taking forever.,2.0,https://myntra.com/product/gen_224,H&M Tops,p_id_83844,Tops,H&M,,
myntra_fallback_225,Myntra,Myntra,2026-08-06 18:38:59,,Extremely disappointing,Disappointed with this Roadster Dresses. Color looks completely different than the picture. Suggest buying one size up for a better fit.,1.0,https://myntra.com/product/gen_225,Roadster Dresses,p_id_70478,Dresses,Roadster,,
myntra_fallback_226,Myntra,Myntra,2026-08-08 18:38:59,,Extremely disappointing,Average quality for this Here&Now Jeans. The material is very thin and transparent. Suggest buying one size up for a better fit.,2.0,https://myntra.com/product/gen_226,Here&Now Jeans,p_id_71448,Jeans,Here&Now,,
myntra_fallback_227,Myntra,Myntra,2026-05-27 18:38:59,,Beautiful fit and quality,Very satisfied with this H&M Tops. The color is exactly as shown in the catalog. Perfect addition to my wardrobe.,5.0,https://myntra.com/product/gen_227,H&M Tops,p_id_13245,Tops,H&M,,
myntra_fallback_228,Myntra,Myntra,2026-07-07 18:38:59,,Beautiful fit and quality,"Excellent quality for the Zara T-shirts. No color bleeding after first wash. Had it in wishlist for weeks, glad I bought it.",5.0,https://myntra.com/product/gen_228,Zara T-shirts,p_id_59936,T-shirts,Zara,,
myntra_fallback_229,Myntra,Myntra,2026-08-06 18:38:59,,Extremely disappointing,"Average quality for this HRX T-shirts. Sizing chart was completely wrong, fits very tight. Wishlist item that turned out to be a disappointment.",1.0,https://myntra.com/product/gen_229,HRX T-shirts,p_id_15688,T-shirts,HRX,,
myntra_fallback_230,Myntra,Myntra,2026-06-02 18:38:59,,Extremely disappointing,"Okay product, but not great Zara T-shirts. Stitching came loose after the first wash. Not worth the price, do not buy.",1.0,https://myntra.com/product/gen_230,Zara T-shirts,p_id_72507,T-shirts,Zara,,
myntra_fallback_231,Myntra,Myntra,2026-06-30 18:38:59,,Extremely disappointing,Disappointed with this HRX Kurtas. Stitching came loose after the first wash. Will return it and request a refund.,2.0,https://myntra.com/product/gen_231,HRX Kurtas,p_id_69114,Kurtas,HRX,,
myntra_fallback_232,Myntra,Myntra,2026-07-17 18:38:59,,Beautiful fit and quality,Highly recommend this Mast & Harbour Shirts. Perfect for wedding wear or festive occasions. Will definitely buy more from this brand.,4.0,https://myntra.com/product/gen_232,Mast & Harbour Shirts,p_id_76485,Shirts,Mast & Harbour,,
myntra_fallback_233,Myntra,Myntra,2026-06-01 18:38:59,,Extremely disappointing,Disappointed with this W Kurtas. The material is very thin and transparent. Suggest buying one size up for a better fit.,1.0,https://myntra.com/product/gen_233,W Kurtas,p_id_17371,Kurtas,W,,
myntra_fallback_234,Myntra,Myntra,2026-05-29 18:38:59,,Extremely disappointing,"Disappointed with this W Shoes. Sizing chart was completely wrong, fits very tight. Will return it and request a refund.",2.0,https://myntra.com/product/gen_234,W Shoes,p_id_35072,Shoes,W,,
myntra_fallback_235,Myntra,Myntra,2026-06-06 18:38:59,,Extremely disappointing,Average quality for this HRX Sarees. The material is very thin and transparent. Sizing exchange is taking forever.,1.0,https://myntra.com/product/gen_235,HRX Sarees,p_id_27146,Sarees,HRX,,
myntra_fallback_236,Myntra,Myntra,2026-06-29 18:38:59,,Extremely disappointing,"Extremely poor experience with the Zara Shoes. Fabric feels rough and synthetic, not pure cotton. Wishlist item that turned out to be a disappointment.",2.0,https://myntra.com/product/gen_236,Zara Shoes,p_id_86510,Shoes,Zara,,
myntra_fallback_237,Myntra,Myntra,2026-08-17 18:38:59,,Extremely disappointing,"Disappointed with this Zara Shoes. Sizing chart was completely wrong, fits very tight. Wishlist item that turned out to be a disappointment.",1.0,https://myntra.com/product/gen_237,Zara Shoes,p_id_18502,Shoes,Zara,,
myntra_fallback_238,Myntra,Myntra,2026-07-07 18:38:59,,Extremely disappointing,"Okay product, but not great W T-shirts. Stitching came loose after the first wash. Suggest buying one size up for a better fit.",3.0,https://myntra.com/product/gen_238,W T-shirts,p_id_85892,T-shirts,W,,
myntra_fallback_239,Myntra,Myntra,2026-08-05 18:38:59,,Extremely disappointing,"Okay product, but not great Anouk Sarees. The material is very thin and transparent. Sizing exchange is taking forever.",3.0,https://myntra.com/product/gen_239,Anouk Sarees,p_id_45214,Sarees,Anouk,,
myntra_fallback_240,Myntra,Myntra,2026-08-19 18:38:59,,Extremely disappointing,"Average quality for this W Shoes. Sizing chart was completely wrong, fits very tight. Sizing exchange is taking forever.",2.0,https://myntra.com/product/gen_240,W Shoes,p_id_69017,Shoes,W,,
myntra_fallback_241,Myntra,Myntra,2026-06-21 18:38:59,,Extremely disappointing,"Extremely poor experience with the Libas Dresses. Color looks completely different than the picture. Not worth the price, do not buy.",1.0,https://myntra.com/product/gen_241,Libas Dresses,p_id_40835,Dresses,Libas,,
myntra_fallback_242,Myntra,Myntra,2026-08-10 18:38:59,,Extremely disappointing,"Average quality for this Mast & Harbour T-shirts. Sizing chart was completely wrong, fits very tight. Will return it and request a refund.",2.0,https://myntra.com/product/gen_242,Mast & Harbour T-shirts,p_id_59657,T-shirts,Mast & Harbour,,
myntra_fallback_243,Myntra,Myntra,2026-05-31 18:38:59,,Beautiful fit and quality,"Very satisfied with this Mast & Harbour Kurtas. Perfect for wedding wear or festive occasions. Had it in wishlist for weeks, glad I bought it.",4.0,https://myntra.com/product/gen_243,Mast & Harbour Kurtas,p_id_85981,Kurtas,Mast & Harbour,,
myntra_fallback_244,Myntra,Myntra,2026-07-01 18:38:59,,Extremely disappointing,"Extremely poor experience with the Here&Now Shoes. Sizing chart was completely wrong, fits very tight. Sizing exchange is taking forever.",2.0,https://myntra.com/product/gen_244,Here&Now Shoes,p_id_27835,Shoes,Here&Now,,
myntra_fallback_245,Myntra,Myntra,2026-06-08 18:38:59,,Extremely disappointing,"Okay product, but not great Roadster Jeans. Fabric feels rough and synthetic, not pure cotton. Sizing exchange is taking forever.",2.0,https://myntra.com/product/gen_245,Roadster Jeans,p_id_72542,Jeans,Roadster,,
myntra_fallback_246,Myntra,Myntra,2026-07-03 18:38:59,,Extremely disappointing,"Disappointed with this H&M Shoes. Fabric feels rough and synthetic, not pure cotton. Suggest buying one size up for a better fit.",3.0,https://myntra.com/product/gen_246,H&M Shoes,p_id_49402,Shoes,H&M,,
myntra_fallback_247,Myntra,Myntra,2026-08-09 18:38:59,,Beautiful fit and quality,Great purchase of this H&M Shirts. Perfect for wedding wear or festive occasions. Delivery was super fast.,5.0,https://myntra.com/product/gen_247,H&M Shirts,p_id_60766,Shirts,H&M,,
myntra_fallback_248,Myntra,Myntra,2026-07-28 18:38:59,,Extremely disappointing,"Average quality for this Zara Kurtas. Sizing chart was completely wrong, fits very tight. Not worth the price, do not buy.",1.0,https://myntra.com/product/gen_248,Zara Kurtas,p_id_13580,Kurtas,Zara,,
myntra_fallback_249,Myntra,Myntra,2026-07-25 18:38:59,,Beautiful fit and quality,"Great purchase of this Roadster Jeans. Perfect for wedding wear or festive occasions. Had it in wishlist for weeks, glad I bought it.",5.0,https://myntra.com/product/gen_249,Roadster Jeans,p_id_87631,Jeans,Roadster,,
myntra_fallback_250,Myntra,Myntra,2026-06-23 18:38:59,,Beautiful fit and quality,Superb fit and comfort for Zara Jeans. Perfect for wedding wear or festive occasions. Delivery was super fast.,5.0,https://myntra.com/product/gen_250,Zara Jeans,p_id_71848,Jeans,Zara,,
myntra_fallback_251,Myntra,Myntra,2026-07-30 18:38:59,,Extremely disappointing,Very bad fit of the Mast & Harbour Shoes. Stitching came loose after the first wash. Will return it and request a refund.,2.0,https://myntra.com/product/gen_251,Mast & Harbour Shoes,p_id_17816,Shoes,Mast & Harbour,,
myntra_fallback_252,Myntra,Myntra,2026-06-13 18:38:59,,Extremely disappointing,"Very bad fit of the Libas Kurtas. Sizing chart was completely wrong, fits very tight. Sizing exchange is taking forever.",2.0,https://myntra.com/product/gen_252,Libas Kurtas,p_id_19245,Kurtas,Libas,,
myntra_fallback_253,Myntra,Myntra,2026-08-06 18:38:59,,Beautiful fit and quality,"Very satisfied with this H&M Sarees. True to size. Sizing fits me perfectly. Had it in wishlist for weeks, glad I bought it.",5.0,https://myntra.com/product/gen_253,H&M Sarees,p_id_88083,Sarees,H&M,,
myntra_fallback_254,Myntra,Myntra,2026-06-24 18:38:59,,Extremely disappointing,Very bad fit of the HRX Jeans. Color looks completely different than the picture. Will return it and request a refund.,2.0,https://myntra.com/product/gen_254,HRX Jeans,p_id_47445,Jeans,HRX,,
myntra_fallback_255,Myntra,Myntra,2026-07-23 18:38:59,,Extremely disappointing,"Disappointed with this Here&Now Dresses. Sizing chart was completely wrong, fits very tight. Sizing exchange is taking forever.",2.0,https://myntra.com/product/gen_255,Here&Now Dresses,p_id_38342,Dresses,Here&Now,,
myntra_fallback_256,Myntra,Myntra,2026-07-23 18:38:59,,Extremely disappointing,"Very bad fit of the Here&Now Dresses. Sizing chart was completely wrong, fits very tight. Suggest buying one size up for a better fit.",1.0,https://myntra.com/product/gen_256,Here&Now Dresses,p_id_51673,Dresses,Here&Now,,
myntra_fallback_257,Myntra,Myntra,2026-06-02 18:38:59,,Beautiful fit and quality,Very satisfied with this Zara Sarees. Perfect for wedding wear or festive occasions. Perfect addition to my wardrobe.,4.0,https://myntra.com/product/gen_257,Zara Sarees,p_id_72707,Sarees,Zara,,
myntra_fallback_258,Myntra,Myntra,2026-07-21 18:38:59,,Extremely disappointing,"Average quality for this Zara Jeans. Fabric feels rough and synthetic, not pure cotton. Will return it and request a refund.",1.0,https://myntra.com/product/gen_258,Zara Jeans,p_id_76773,Jeans,Zara,,
myntra_fallback_259,Myntra,Myntra,2026-08-23 18:38:59,,Beautiful fit and quality,Highly recommend this H&M Shirts. True to size. Sizing fits me perfectly. Will definitely buy more from this brand.,4.0,https://myntra.com/product/gen_259,H&M Shirts,p_id_12284,Shirts,H&M,,
myntra_fallback_260,Myntra,Myntra,2026-05-26 18:38:59,,Extremely disappointing,"Okay product, but not great Here&Now Shirts. Fabric feels rough and synthetic, not pure cotton. Will return it and request a refund.",3.0,https://myntra.com/product/gen_260,Here&Now Shirts,p_id_26798,Shirts,Here&Now,,
myntra_fallback_261,Myntra,Myntra,2026-06-12 18:38:59,,Beautiful fit and quality,Highly recommend this Here&Now Tops. No color bleeding after first wash. Delivery was super fast.,4.0,https://myntra.com/product/gen_261,Here&Now Tops,p_id_77816,Tops,Here&Now,,
myntra_fallback_262,Myntra,Myntra,2026-06-14 18:38:59,,Extremely disappointing,"Okay product, but not great Here&Now Dresses. Sizing chart was completely wrong, fits very tight. Will return it and request a refund.",1.0,https://myntra.com/product/gen_262,Here&Now Dresses,p_id_98168,Dresses,Here&Now,,
myntra_fallback_263,Myntra,Myntra,2026-08-18 18:38:59,,Extremely disappointing,"Okay product, but not great Zara Shoes. Stitching came loose after the first wash. Will return it and request a refund.",1.0,https://myntra.com/product/gen_263,Zara Shoes,p_id_41366,Shoes,Zara,,
myntra_fallback_264,Myntra,Myntra,2026-08-07 18:38:59,,Beautiful fit and quality,Superb fit and comfort for W Shirts. No color bleeding after first wash. Delivery was super fast.,4.0,https://myntra.com/product/gen_264,W Shirts,p_id_10844,Shirts,W,,
myntra_fallback_265,Myntra,Myntra,2026-06-29 18:38:59,,Extremely disappointing,"Very bad fit of the Libas Jeans. Stitching came loose after the first wash. Not worth the price, do not buy.",3.0,https://myntra.com/product/gen_265,Libas Jeans,p_id_70702,Jeans,Libas,,
myntra_fallback_266,Myntra,Myntra,2026-06-21 18:38:59,,Beautiful fit and quality,Excellent quality for the HRX Sarees. The color is exactly as shown in the catalog. Will definitely buy more from this brand.,5.0,https://myntra.com/product/gen_266,HRX Sarees,p_id_19982,Sarees,HRX,,
myntra_fallback_267,Myntra,Myntra,2026-05-30 18:38:59,,Extremely disappointing,Very bad fit of the Roadster Shoes. The material is very thin and transparent. Suggest buying one size up for a better fit.,2.0,https://myntra.com/product/gen_267,Roadster Shoes,p_id_39106,Shoes,Roadster,,
myntra_fallback_268,Myntra,Myntra,2026-08-02 18:38:59,,Extremely disappointing,Very bad fit of the Zara Jeans. The material is very thin and transparent. Sizing exchange is taking forever.,1.0,https://myntra.com/product/gen_268,Zara Jeans,p_id_99360,Jeans,Zara,,
myntra_fallback_269,Myntra,Myntra,2026-08-04 18:38:59,,Beautiful fit and quality,Superb fit and comfort for Zara Sarees. No color bleeding after first wash. Will definitely buy more from this brand.,5.0,https://myntra.com/product/gen_269,Zara Sarees,p_id_29138,Sarees,Zara,,
myntra_fallback_270,Myntra,Myntra,2026-06-27 18:38:59,,Extremely disappointing,Extremely poor experience with the Zara Dresses. Stitching came loose after the first wash. Sizing exchange is taking forever.,2.0,https://myntra.com/product/gen_270,Zara Dresses,p_id_69833,Dresses,Zara,,
myntra_fallback_271,Myntra,Myntra,2026-05-26 18:38:59,,Beautiful fit and quality,Great purchase of this Libas Trousers. True to size. Sizing fits me perfectly. Will definitely buy more from this brand.,5.0,https://myntra.com/product/gen_271,Libas Trousers,p_id_13868,Trousers,Libas,,
myntra_fallback_272,Myntra,Myntra,2026-06-24 18:38:59,,Extremely disappointing,"Okay product, but not great Roadster Shoes. Stitching came loose after the first wash. Wishlist item that turned out to be a disappointment.",1.0,https://myntra.com/product/gen_272,Roadster Shoes,p_id_76893,Shoes,Roadster,,
myntra_fallback_273,Myntra,Myntra,2026-06-10 18:38:59,,Extremely disappointing,Average quality for this Anouk Tops. Stitching came loose after the first wash. Sizing exchange is taking forever.,1.0,https://myntra.com/product/gen_273,Anouk Tops,p_id_51677,Tops,Anouk,,
myntra_fallback_274,Myntra,Myntra,2026-05-28 18:38:59,,Beautiful fit and quality,"Great purchase of this Roadster Shirts. The fabric is thick, soft, and feels premium. Will definitely buy more from this brand.",4.0,https://myntra.com/product/gen_274,Roadster Shirts,p_id_12026,Shirts,Roadster,,
myntra_fallback_275,Myntra,Myntra,2026-08-02 18:38:59,,Extremely disappointing,"Extremely poor experience with the Roadster Trousers. Sizing chart was completely wrong, fits very tight. Not worth the price, do not buy.",3.0,https://myntra.com/product/gen_275,Roadster Trousers,p_id_70755,Trousers,Roadster,,
myntra_fallback_276,Myntra,Myntra,2026-06-20 18:38:59,,Extremely disappointing,"Very bad fit of the HRX Jeans. Color looks completely different than the picture. Not worth the price, do not buy.",2.0,https://myntra.com/product/gen_276,HRX Jeans,p_id_99154,Jeans,HRX,,
myntra_fallback_277,Myntra,Myntra,2026-08-20 18:38:59,,Extremely disappointing,"Okay product, but not great Mast & Harbour Dresses. Color looks completely different than the picture. Sizing exchange is taking forever.",2.0,https://myntra.com/product/gen_277,Mast & Harbour Dresses,p_id_44805,Dresses,Mast & Harbour,,
myntra_fallback_278,Myntra,Myntra,2026-05-26 18:38:59,,Extremely disappointing,Disappointed with this Roadster Tops. Color looks completely different than the picture. Will return it and request a refund.,1.0,https://myntra.com/product/gen_278,Roadster Tops,p_id_27092,Tops,Roadster,,
myntra_fallback_279,Myntra,Myntra,2026-07-30 18:38:59,,Extremely disappointing,"Extremely poor experience with the Libas Sarees. Fabric feels rough and synthetic, not pure cotton. Will return it and request a refund.",1.0,https://myntra.com/product/gen_279,Libas Sarees,p_id_65758,Sarees,Libas,,
myntra_fallback_280,Myntra,Myntra,2026-08-10 18:38:59,,Extremely disappointing,Very bad fit of the Anouk Jeans. Color looks completely different than the picture. Wishlist item that turned out to be a disappointment.,1.0,https://myntra.com/product/gen_280,Anouk Jeans,p_id_37234,Jeans,Anouk,,
myntra_fallback_281,Myntra,Myntra,2026-07-31 18:38:59,,Beautiful fit and quality,"Excellent quality for the Roadster Jeans. Perfect for wedding wear or festive occasions. Had it in wishlist for weeks, glad I bought it.",4.0,https://myntra.com/product/gen_281,Roadster Jeans,p_id_11169,Jeans,Roadster,,
myntra_fallback_282,Myntra,Myntra,2026-06-20 18:38:59,,Beautiful fit and quality,"Very satisfied with this Mast & Harbour Trousers. The fabric is thick, soft, and feels premium. Will definitely buy more from this brand.",4.0,https://myntra.com/product/gen_282,Mast & Harbour Trousers,p_id_50171,Trousers,Mast & Harbour,,
myntra_fallback_283,Myntra,Myntra,2026-06-14 18:38:59,,Extremely disappointing,Extremely poor experience with the Libas Sarees. Color looks completely different than the picture. Wishlist item that turned out to be a disappointment.,2.0,https://myntra.com/product/gen_283,Libas Sarees,p_id_46761,Sarees,Libas,,
myntra_fallback_284,Myntra,Myntra,2026-08-02 18:38:59,,Beautiful fit and quality,Highly recommend this Mast & Harbour Shoes. No color bleeding after first wash. Will definitely buy more from this brand.,5.0,https://myntra.com/product/gen_284,Mast & Harbour Shoes,p_id_21275,Shoes,Mast & Harbour,,
myntra_fallback_285,Myntra,Myntra,2026-06-28 18:38:59,,Beautiful fit and quality,"Superb fit and comfort for Here&Now Shoes. The fabric is thick, soft, and feels premium. Will definitely buy more from this brand.",5.0,https://myntra.com/product/gen_285,Here&Now Shoes,p_id_79945,Shoes,Here&Now,,
myntra_fallback_286,Myntra,Myntra,2026-08-09 18:38:59,,Beautiful fit and quality,Highly recommend this H&M Kurtas. Perfect for wedding wear or festive occasions. Delivery was super fast.,5.0,https://myntra.com/product/gen_286,H&M Kurtas,p_id_32744,Kurtas,H&M,,
myntra_fallback_287,Myntra,Myntra,2026-06-23 18:38:59,,Extremely disappointing,Extremely poor experience with the Here&Now Jeans. The material is very thin and transparent. Wishlist item that turned out to be a disappointment.,2.0,https://myntra.com/product/gen_287,Here&Now Jeans,p_id_63382,Jeans,Here&Now,,
myntra_fallback_288,Myntra,Myntra,2026-06-08 18:38:59,,Extremely disappointing,"Disappointed with this Mast & Harbour Dresses. Color looks completely different than the picture. Not worth the price, do not buy.",2.0,https://myntra.com/product/gen_288,Mast & Harbour Dresses,p_id_68270,Dresses,Mast & Harbour,,
myntra_fallback_289,Myntra,Myntra,2026-08-14 18:38:59,,Beautiful fit and quality,"Superb fit and comfort for Here&Now Jeans. The fabric is thick, soft, and feels premium. Had it in wishlist for weeks, glad I bought it.",5.0,https://myntra.com/product/gen_289,Here&Now Jeans,p_id_42363,Jeans,Here&Now,,
myntra_fallback_290,Myntra,Myntra,2026-06-10 18:38:59,,Extremely disappointing,"Extremely poor experience with the Roadster Tops. Sizing chart was completely wrong, fits very tight. Wishlist item that turned out to be a disappointment.",1.0,https://myntra.com/product/gen_290,Roadster Tops,p_id_50522,Tops,Roadster,,
myntra_fallback_291,Myntra,Myntra,2026-08-03 18:38:59,,Extremely disappointing,"Average quality for this H&M Tops. Stitching came loose after the first wash. Not worth the price, do not buy.",1.0,https://myntra.com/product/gen_291,H&M Tops,p_id_48364,Tops,H&M,,
myntra_fallback_292,Myntra,Myntra,2026-07-05 18:38:59,,Extremely disappointing,Disappointed with this H&M Shirts. Color looks completely different than the picture. Wishlist item that turned out to be a disappointment.,1.0,https://myntra.com/product/gen_292,H&M Shirts,p_id_59710,Shirts,H&M,,
myntra_fallback_293,Myntra,Myntra,2026-07-12 18:38:59,,Beautiful fit and quality,Very satisfied with this W Shoes. No color bleeding after first wash. Delivery was super fast.,5.0,https://myntra.com/product/gen_293,W Shoes,p_id_38338,Shoes,W,,
myntra_fallback_294,Myntra,Myntra,2026-07-21 18:38:59,,Extremely disappointing,Disappointed with this Zara T-shirts. Color looks completely different than the picture. Sizing exchange is taking forever.,1.0,https://myntra.com/product/gen_294,Zara T-shirts,p_id_49953,T-shirts,Zara,,
myntra_fallback_295,Myntra,Myntra,2026-06-12 18:38:59,,Beautiful fit and quality,"Very satisfied with this Libas Shirts. No color bleeding after first wash. Had it in wishlist for weeks, glad I bought it.",5.0,https://myntra.com/product/gen_295,Libas Shirts,p_id_40435,Shirts,Libas,,
myntra_fallback_296,Myntra,Myntra,2026-07-31 18:38:59,,Extremely disappointing,"Extremely poor experience with the Mast & Harbour Jeans. Fabric feels rough and synthetic, not pure cotton. Suggest buying one size up for a better fit.",3.0,https://myntra.com/product/gen_296,Mast & Harbour Jeans,p_id_86581,Jeans,Mast & Harbour,,
myntra_fallback_297,Myntra,Myntra,2026-05-29 18:38:59,,Extremely disappointing,"Okay product, but not great Mast & Harbour Trousers. Stitching came loose after the first wash. Sizing exchange is taking forever.",1.0,https://myntra.com/product/gen_297,Mast & Harbour Trousers,p_id_57125,Trousers,Mast & Harbour,,
myntra_fallback_298,Myntra,Myntra,2026-08-23 18:38:59,,Extremely disappointing,"Okay product, but not great H&M Dresses. Color looks completely different than the picture. Wishlist item that turned out to be a disappointment.",2.0,https://myntra.com/product/gen_298,H&M Dresses,p_id_50927,Dresses,H&M,,
myntra_fallback_299,Myntra,Myntra,2026-06-22 18:38:59,,Extremely disappointing,"Average quality for this Here&Now Tops. Fabric feels rough and synthetic, not pure cotton. Wishlist item that turned out to be a disappointment.",1.0,https://myntra.com/product/gen_299,Here&Now Tops,p_id_24892,Tops,Here&Now,,
myntra_fallback_300,Myntra,Myntra,2026-07-29 18:38:59,,Beautiful fit and quality,Excellent quality for the HRX Tops. No color bleeding after first wash. Delivery was super fast.,4.0,https://myntra.com/product/gen_300,HRX Tops,p_id_72927,Tops,HRX,,
myntra_fallback_301,Myntra,Myntra,2026-08-16 18:38:59,,Beautiful fit and quality,Excellent quality for the Here&Now Dresses. No color bleeding after first wash. Value for money purchase.,4.0,https://myntra.com/product/gen_301,Here&Now Dresses,p_id_66410,Dresses,Here&Now,,
myntra_fallback_302,Myntra,Myntra,2026-07-18 18:38:59,,Extremely disappointing,Average quality for this W Shirts. Color looks completely different than the picture. Wishlist item that turned out to be a disappointment.,3.0,https://myntra.com/product/gen_302,W Shirts,p_id_41163,Shirts,W,,
myntra_fallback_303,Myntra,Myntra,2026-08-19 18:38:59,,Extremely disappointing,"Average quality for this HRX Dresses. Sizing chart was completely wrong, fits very tight. Suggest buying one size up for a better fit.",3.0,https://myntra.com/product/gen_303,HRX Dresses,p_id_46187,Dresses,HRX,,
myntra_fallback_304,Myntra,Myntra,2026-08-11 18:38:59,,Extremely disappointing,"Disappointed with this H&M Jeans. Stitching came loose after the first wash. Not worth the price, do not buy.",3.0,https://myntra.com/product/gen_304,H&M Jeans,p_id_80985,Jeans,H&M,,
myntra_fallback_305,Myntra,Myntra,2026-06-23 18:38:59,,Extremely disappointing,Extremely poor experience with the HRX Trousers. Stitching came loose after the first wash. Will return it and request a refund.,1.0,https://myntra.com/product/gen_305,HRX Trousers,p_id_80572,Trousers,HRX,,
myntra_fallback_306,Myntra,Myntra,2026-06-11 18:38:59,,Extremely disappointing,"Very bad fit of the Mast & Harbour Dresses. Fabric feels rough and synthetic, not pure cotton. Sizing exchange is taking forever.",1.0,https://myntra.com/product/gen_306,Mast & Harbour Dresses,p_id_51476,Dresses,Mast & Harbour,,
myntra_fallback_307,Myntra,Myntra,2026-07-25 18:38:59,,Extremely disappointing,Very bad fit of the Libas Shirts. The material is very thin and transparent. Wishlist item that turned out to be a disappointment.,1.0,https://myntra.com/product/gen_307,Libas Shirts,p_id_72094,Shirts,Libas,,
myntra_fallback_308,Myntra,Myntra,2026-07-06 18:38:59,,Extremely disappointing,Disappointed with this Here&Now Trousers. The material is very thin and transparent. Sizing exchange is taking forever.,2.0,https://myntra.com/product/gen_308,Here&Now Trousers,p_id_22200,Trousers,Here&Now,,
myntra_fallback_309,Myntra,Myntra,2026-07-13 18:38:59,,Extremely disappointing,Average quality for this Libas Tops. Stitching came loose after the first wash. Will return it and request a refund.,3.0,https://myntra.com/product/gen_309,Libas Tops,p_id_79736,Tops,Libas,,
myntra_fallback_310,Myntra,Myntra,2026-08-09 18:38:59,,Beautiful fit and quality,Great purchase of this W Tops. No color bleeding after first wash. Delivery was super fast.,4.0,https://myntra.com/product/gen_310,W Tops,p_id_40461,Tops,W,,
myntra_fallback_311,Myntra,Myntra,2026-07-20 18:38:59,,Extremely disappointing,Average quality for this Here&Now Sarees. The material is very thin and transparent. Wishlist item that turned out to be a disappointment.,1.0,https://myntra.com/product/gen_311,Here&Now Sarees,p_id_68269,Sarees,Here&Now,,
myntra_fallback_312,Myntra,Myntra,2026-08-01 18:38:59,,Extremely disappointing,"Very bad fit of the Here&Now Trousers. Sizing chart was completely wrong, fits very tight. Not worth the price, do not buy.",1.0,https://myntra.com/product/gen_312,Here&Now Trousers,p_id_63281,Trousers,Here&Now,,
myntra_fallback_313,Myntra,Myntra,2026-07-01 18:38:59,,Extremely disappointing,"Very bad fit of the Libas Shoes. Sizing chart was completely wrong, fits very tight. Will return it and request a refund.",2.0,https://myntra.com/product/gen_313,Libas Shoes,p_id_40738,Shoes,Libas,,
myntra_fallback_314,Myntra,Myntra,2026-06-10 18:38:59,,Extremely disappointing,"Okay product, but not great Here&Now Shirts. The material is very thin and transparent. Not worth the price, do not buy.",1.0,https://myntra.com/product/gen_314,Here&Now Shirts,p_id_37416,Shirts,Here&Now,,
myntra_fallback_315,Myntra,Myntra,2026-06-15 18:38:59,,Extremely disappointing,Disappointed with this W Tops. Stitching came loose after the first wash. Suggest buying one size up for a better fit.,3.0,https://myntra.com/product/gen_315,W Tops,p_id_10683,Tops,W,,
myntra_fallback_316,Myntra,Myntra,2026-06-20 18:38:59,,Extremely disappointing,"Disappointed with this Libas Dresses. Fabric feels rough and synthetic, not pure cotton. Sizing exchange is taking forever.",3.0,https://myntra.com/product/gen_316,Libas Dresses,p_id_20866,Dresses,Libas,,
myntra_fallback_317,Myntra,Myntra,2026-08-01 18:38:59,,Beautiful fit and quality,"Excellent quality for the HRX Dresses. The fabric is thick, soft, and feels premium. Delivery was super fast.",4.0,https://myntra.com/product/gen_317,HRX Dresses,p_id_30382,Dresses,HRX,,
myntra_fallback_318,Myntra,Myntra,2026-05-26 18:38:59,,Beautiful fit and quality,"Superb fit and comfort for Here&Now Tops. The fabric is thick, soft, and feels premium. Delivery was super fast.",5.0,https://myntra.com/product/gen_318,Here&Now Tops,p_id_60044,Tops,Here&Now,,
myntra_fallback_319,Myntra,Myntra,2026-07-30 18:38:59,,Extremely disappointing,"Extremely poor experience with the Here&Now Tops. Fabric feels rough and synthetic, not pure cotton. Sizing exchange is taking forever.",1.0,https://myntra.com/product/gen_319,Here&Now Tops,p_id_56231,Tops,Here&Now,,
myntra_fallback_320,Myntra,Myntra,2026-06-27 18:38:59,,Extremely disappointing,Very bad fit of the Anouk Dresses. Color looks completely different than the picture. Sizing exchange is taking forever.,1.0,https://myntra.com/product/gen_320,Anouk Dresses,p_id_95912,Dresses,Anouk,,
myntra_fallback_321,Myntra,Myntra,2026-08-03 18:38:59,,Beautiful fit and quality,Superb fit and comfort for H&M Kurtas. The color is exactly as shown in the catalog. Value for money purchase.,5.0,https://myntra.com/product/gen_321,H&M Kurtas,p_id_93973,Kurtas,H&M,,
myntra_fallback_322,Myntra,Myntra,2026-06-16 18:38:59,,Extremely disappointing,"Disappointed with this Mast & Harbour T-shirts. Sizing chart was completely wrong, fits very tight. Not worth the price, do not buy.",1.0,https://myntra.com/product/gen_322,Mast & Harbour T-shirts,p_id_47840,T-shirts,Mast & Harbour,,
myntra_fallback_323,Myntra,Myntra,2026-08-22 18:38:59,,Extremely disappointing,"Average quality for this Here&Now T-shirts. Fabric feels rough and synthetic, not pure cotton. Sizing exchange is taking forever.",3.0,https://myntra.com/product/gen_323,Here&Now T-shirts,p_id_93971,T-shirts,Here&Now,,
myntra_fallback_324,Myntra,Myntra,2026-07-02 18:38:59,,Extremely disappointing,Disappointed with this Roadster Trousers. The material is very thin and transparent. Will return it and request a refund.,1.0,https://myntra.com/product/gen_324,Roadster Trousers,p_id_72121,Trousers,Roadster,,
myntra_fallback_325,Myntra,Myntra,2026-08-23 18:38:59,,Extremely disappointing,Extremely poor experience with the Roadster Dresses. Stitching came loose after the first wash. Wishlist item that turned out to be a disappointment.,2.0,https://myntra.com/product/gen_325,Roadster Dresses,p_id_21312,Dresses,Roadster,,
myntra_fallback_326,Myntra,Myntra,2026-08-09 18:38:59,,Extremely disappointing,Extremely poor experience with the Mast & Harbour Jeans. The material is very thin and transparent. Suggest buying one size up for a better fit.,2.0,https://myntra.com/product/gen_326,Mast & Harbour Jeans,p_id_35850,Jeans,Mast & Harbour,,
myntra_fallback_327,Myntra,Myntra,2026-08-10 18:38:59,,Beautiful fit and quality,"Excellent quality for the HRX Shoes. The color is exactly as shown in the catalog. Had it in wishlist for weeks, glad I bought it.",5.0,https://myntra.com/product/gen_327,HRX Shoes,p_id_51939,Shoes,HRX,,
myntra_fallback_328,Myntra,Myntra,2026-06-04 18:38:59,,Beautiful fit and quality,"Superb fit and comfort for Anouk Sarees. The fabric is thick, soft, and feels premium. Perfect addition to my wardrobe.",5.0,https://myntra.com/product/gen_328,Anouk Sarees,p_id_78669,Sarees,Anouk,,
myntra_fallback_329,Myntra,Myntra,2026-05-29 18:38:59,,Extremely disappointing,"Okay product, but not great Libas Kurtas. Fabric feels rough and synthetic, not pure cotton. Not worth the price, do not buy.",3.0,https://myntra.com/product/gen_329,Libas Kurtas,p_id_20101,Kurtas,Libas,,
myntra_fallback_330,Myntra,Myntra,2026-07-11 18:38:59,,Extremely disappointing,"Extremely poor experience with the HRX Jeans. Stitching came loose after the first wash. Not worth the price, do not buy.",1.0,https://myntra.com/product/gen_330,HRX Jeans,p_id_33004,Jeans,HRX,,
myntra_fallback_331,Myntra,Myntra,2026-05-29 18:38:59,,Beautiful fit and quality,"Highly recommend this HRX Dresses. True to size. Sizing fits me perfectly. Had it in wishlist for weeks, glad I bought it.",5.0,https://myntra.com/product/gen_331,HRX Dresses,p_id_67598,Dresses,HRX,,
myntra_fallback_332,Myntra,Myntra,2026-07-30 18:38:59,,Extremely disappointing,Extremely poor experience with the Anouk Dresses. Color looks completely different than the picture. Sizing exchange is taking forever.,3.0,https://myntra.com/product/gen_332,Anouk Dresses,p_id_28075,Dresses,Anouk,,
myntra_fallback_333,Myntra,Myntra,2026-06-17 18:38:59,,Beautiful fit and quality,"Very satisfied with this Roadster Shoes. The color is exactly as shown in the catalog. Had it in wishlist for weeks, glad I bought it.",4.0,https://myntra.com/product/gen_333,Roadster Shoes,p_id_34122,Shoes,Roadster,,
myntra_fallback_334,Myntra,Myntra,2026-08-18 18:38:59,,Beautiful fit and quality,"Excellent quality for the Roadster Dresses. The fabric is thick, soft, and feels premium. Perfect addition to my wardrobe.",5.0,https://myntra.com/product/gen_334,Roadster Dresses,p_id_62859,Dresses,Roadster,,
myntra_fallback_335,Myntra,Myntra,2026-06-16 18:38:59,,Extremely disappointing,"Disappointed with this H&M Kurtas. The material is very thin and transparent. Not worth the price, do not buy.",3.0,https://myntra.com/product/gen_335,H&M Kurtas,p_id_65615,Kurtas,H&M,,
myntra_fallback_336,Myntra,Myntra,2026-08-20 18:38:59,,Beautiful fit and quality,Highly recommend this Anouk Tops. True to size. Sizing fits me perfectly. Perfect addition to my wardrobe.,5.0,https://myntra.com/product/gen_336,Anouk Tops,p_id_90693,Tops,Anouk,,
myntra_fallback_337,Myntra,Myntra,2026-08-02 18:38:59,,Extremely disappointing,"Okay product, but not great Here&Now Jeans. The material is very thin and transparent. Wishlist item that turned out to be a disappointment.",3.0,https://myntra.com/product/gen_337,Here&Now Jeans,p_id_80951,Jeans,Here&Now,,
myntra_fallback_338,Myntra,Myntra,2026-05-30 18:38:59,,Beautiful fit and quality,"Highly recommend this W T-shirts. The fabric is thick, soft, and feels premium. Value for money purchase.",4.0,https://myntra.com/product/gen_338,W T-shirts,p_id_66755,T-shirts,W,,
myntra_fallback_339,Myntra,Myntra,2026-07-19 18:38:59,,Beautiful fit and quality,Superb fit and comfort for Roadster Sarees. No color bleeding after first wash. Value for money purchase.,5.0,https://myntra.com/product/gen_339,Roadster Sarees,p_id_94892,Sarees,Roadster,,
myntra_fallback_340,Myntra,Myntra,2026-05-26 18:38:59,,Extremely disappointing,"Okay product, but not great H&M Jeans. Fabric feels rough and synthetic, not pure cotton. Suggest buying one size up for a better fit.",1.0,https://myntra.com/product/gen_340,H&M Jeans,p_id_82346,Jeans,H&M,,
myntra_fallback_341,Myntra,Myntra,2026-06-26 18:38:59,,Beautiful fit and quality,Very satisfied with this Mast & Harbour Tops. True to size. Sizing fits me perfectly. Will definitely buy more from this brand.,5.0,https://myntra.com/product/gen_341,Mast & Harbour Tops,p_id_68190,Tops,Mast & Harbour,,
myntra_fallback_342,Myntra,Myntra,2026-08-21 18:38:59,,Beautiful fit and quality,Highly recommend this Zara T-shirts. True to size. Sizing fits me perfectly. Delivery was super fast.,5.0,https://myntra.com/product/gen_342,Zara T-shirts,p_id_29193,T-shirts,Zara,,
myntra_fallback_343,Myntra,Myntra,2026-07-28 18:38:59,,Extremely disappointing,"Okay product, but not great Mast & Harbour Tops. Fabric feels rough and synthetic, not pure cotton. Wishlist item that turned out to be a disappointment.",2.0,https://myntra.com/product/gen_343,Mast & Harbour Tops,p_id_44197,Tops,Mast & Harbour,,
myntra_fallback_344,Myntra,Myntra,2026-06-18 18:38:59,,Extremely disappointing,Average quality for this Anouk Sarees. Stitching came loose after the first wash. Suggest buying one size up for a better fit.,3.0,https://myntra.com/product/gen_344,Anouk Sarees,p_id_35752,Sarees,Anouk,,
myntra_fallback_345,Myntra,Myntra,2026-07-18 18:38:59,,Extremely disappointing,Very bad fit of the Libas Jeans. Stitching came loose after the first wash. Wishlist item that turned out to be a disappointment.,1.0,https://myntra.com/product/gen_345,Libas Jeans,p_id_76010,Jeans,Libas,,
myntra_fallback_346,Myntra,Myntra,2026-06-23 18:38:59,,Beautiful fit and quality,Superb fit and comfort for Roadster Shoes. True to size. Sizing fits me perfectly. Perfect addition to my wardrobe.,4.0,https://myntra.com/product/gen_346,Roadster Shoes,p_id_22451,Shoes,Roadster,,
myntra_fallback_347,Myntra,Myntra,2026-06-13 18:38:59,,Beautiful fit and quality,Highly recommend this Roadster Trousers. The color is exactly as shown in the catalog. Delivery was super fast.,5.0,https://myntra.com/product/gen_347,Roadster Trousers,p_id_38425,Trousers,Roadster,,
myntra_fallback_348,Myntra,Myntra,2026-08-13 18:38:59,,Beautiful fit and quality,"Great purchase of this Zara Kurtas. No color bleeding after first wash. Had it in wishlist for weeks, glad I bought it.",4.0,https://myntra.com/product/gen_348,Zara Kurtas,p_id_98378,Kurtas,Zara,,
myntra_fallback_349,Myntra,Myntra,2026-05-30 18:38:59,,Extremely disappointing,Average quality for this Mast & Harbour Dresses. Color looks completely different than the picture. Sizing exchange is taking forever.,1.0,https://myntra.com/product/gen_349,Mast & Harbour Dresses,p_id_38150,Dresses,Mast & Harbour,,
myntra_fallback_350,Myntra,Myntra,2026-08-07 18:38:59,,Beautiful fit and quality,"Very satisfied with this H&M Dresses. The fabric is thick, soft, and feels premium. Perfect addition to my wardrobe.",4.0,https://myntra.com/product/gen_350,H&M Dresses,p_id_76106,Dresses,H&M,,
myntra_fallback_351,Myntra,Myntra,2026-07-28 18:38:59,,Beautiful fit and quality,Great purchase of this Here&Now Shoes. The color is exactly as shown in the catalog. Value for money purchase.,4.0,https://myntra.com/product/gen_351,Here&Now Shoes,p_id_98681,Shoes,Here&Now,,
myntra_fallback_352,Myntra,Myntra,2026-07-11 18:38:59,,Beautiful fit and quality,Very satisfied with this Roadster Jeans. The color is exactly as shown in the catalog. Perfect addition to my wardrobe.,5.0,https://myntra.com/product/gen_352,Roadster Jeans,p_id_22348,Jeans,Roadster,,
myntra_fallback_353,Myntra,Myntra,2026-06-26 18:38:59,,Beautiful fit and quality,"Excellent quality for the Libas Kurtas. No color bleeding after first wash. Had it in wishlist for weeks, glad I bought it.",4.0,https://myntra.com/product/gen_353,Libas Kurtas,p_id_15593,Kurtas,Libas,,
myntra_fallback_354,Myntra,Myntra,2026-08-01 18:38:59,,Extremely disappointing,"Average quality for this Anouk Tops. Sizing chart was completely wrong, fits very tight. Wishlist item that turned out to be a disappointment.",2.0,https://myntra.com/product/gen_354,Anouk Tops,p_id_40603,Tops,Anouk,,
myntra_fallback_355,Myntra,Myntra,2026-07-28 18:38:59,,Extremely disappointing,"Okay product, but not great Zara Sarees. Stitching came loose after the first wash. Not worth the price, do not buy.",1.0,https://myntra.com/product/gen_355,Zara Sarees,p_id_80302,Sarees,Zara,,
myntra_fallback_356,Myntra,Myntra,2026-06-03 18:38:59,,Extremely disappointing,Disappointed with this Mast & Harbour Sarees. Stitching came loose after the first wash. Will return it and request a refund.,1.0,https://myntra.com/product/gen_356,Mast & Harbour Sarees,p_id_94780,Sarees,Mast & Harbour,,
myntra_fallback_357,Myntra,Myntra,2026-07-04 18:38:59,,Extremely disappointing,"Disappointed with this Zara Jeans. Sizing chart was completely wrong, fits very tight. Suggest buying one size up for a better fit.",1.0,https://myntra.com/product/gen_357,Zara Jeans,p_id_31275,Jeans,Zara,,
myntra_fallback_358,Myntra,Myntra,2026-06-23 18:38:59,,Extremely disappointing,Disappointed with this W Tops. The material is very thin and transparent. Suggest buying one size up for a better fit.,1.0,https://myntra.com/product/gen_358,W Tops,p_id_88143,Tops,W,,
myntra_fallback_359,Myntra,Myntra,2026-07-30 18:38:59,,Extremely disappointing,"Disappointed with this Here&Now Shoes. Sizing chart was completely wrong, fits very tight. Will return it and request a refund.",1.0,https://myntra.com/product/gen_359,Here&Now Shoes,p_id_90217,Shoes,Here&Now,,
myntra_fallback_360,Myntra,Myntra,2026-06-01 18:38:59,,Extremely disappointing,Average quality for this Roadster Trousers. The material is very thin and transparent. Sizing exchange is taking forever.,2.0,https://myntra.com/product/gen_360,Roadster Trousers,p_id_64000,Trousers,Roadster,,
myntra_fallback_361,Myntra,Myntra,2026-06-04 18:38:59,,Extremely disappointing,"Extremely poor experience with the Anouk Shirts. Fabric feels rough and synthetic, not pure cotton. Wishlist item that turned out to be a disappointment.",3.0,https://myntra.com/product/gen_361,Anouk Shirts,p_id_21674,Shirts,Anouk,,
myntra_fallback_362,Myntra,Myntra,2026-06-08 18:38:59,,Beautiful fit and quality,Great purchase of this Roadster Sarees. The color is exactly as shown in the catalog. Will definitely buy more from this brand.,4.0,https://myntra.com/product/gen_362,Roadster Sarees,p_id_77300,Sarees,Roadster,,
myntra_fallback_363,Myntra,Myntra,2026-07-06 18:38:59,,Beautiful fit and quality,"Great purchase of this H&M Trousers. The color is exactly as shown in the catalog. Had it in wishlist for weeks, glad I bought it.",5.0,https://myntra.com/product/gen_363,H&M Trousers,p_id_18026,Trousers,H&M,,
myntra_fallback_364,Myntra,Myntra,2026-07-17 18:38:59,,Beautiful fit and quality,Great purchase of this H&M T-shirts. The color is exactly as shown in the catalog. Delivery was super fast.,4.0,https://myntra.com/product/gen_364,H&M T-shirts,p_id_98892,T-shirts,H&M,,
myntra_fallback_365,Myntra,Myntra,2026-08-14 18:38:59,,Extremely disappointing,"Average quality for this Roadster Shoes. Sizing chart was completely wrong, fits very tight. Sizing exchange is taking forever.",2.0,https://myntra.com/product/gen_365,Roadster Shoes,p_id_17523,Shoes,Roadster,,
myntra_fallback_366,Myntra,Myntra,2026-07-08 18:38:59,,Beautiful fit and quality,Superb fit and comfort for Zara T-shirts. The color is exactly as shown in the catalog. Perfect addition to my wardrobe.,5.0,https://myntra.com/product/gen_366,Zara T-shirts,p_id_42203,T-shirts,Zara,,
myntra_fallback_367,Myntra,Myntra,2026-08-17 18:38:59,,Beautiful fit and quality,"Superb fit and comfort for Here&Now Trousers. True to size. Sizing fits me perfectly. Had it in wishlist for weeks, glad I bought it.",5.0,https://myntra.com/product/gen_367,Here&Now Trousers,p_id_29957,Trousers,Here&Now,,
myntra_fallback_368,Myntra,Myntra,2026-07-26 18:38:59,,Extremely disappointing,Average quality for this Zara Shoes. Stitching came loose after the first wash. Wishlist item that turned out to be a disappointment.,1.0,https://myntra.com/product/gen_368,Zara Shoes,p_id_72300,Shoes,Zara,,
myntra_fallback_369,Myntra,Myntra,2026-07-17 18:38:59,,Extremely disappointing,"Extremely poor experience with the Roadster T-shirts. Sizing chart was completely wrong, fits very tight. Sizing exchange is taking forever.",3.0,https://myntra.com/product/gen_369,Roadster T-shirts,p_id_20318,T-shirts,Roadster,,
myntra_fallback_370,Myntra,Myntra,2026-06-01 18:38:59,,Beautiful fit and quality,Highly recommend this Zara Trousers. Perfect for wedding wear or festive occasions. Value for money purchase.,5.0,https://myntra.com/product/gen_370,Zara Trousers,p_id_43348,Trousers,Zara,,
myntra_fallback_371,Myntra,Myntra,2026-08-13 18:38:59,,Beautiful fit and quality,"Great purchase of this Mast & Harbour T-shirts. The fabric is thick, soft, and feels premium. Value for money purchase.",5.0,https://myntra.com/product/gen_371,Mast & Harbour T-shirts,p_id_67836,T-shirts,Mast & Harbour,,
myntra_fallback_372,Myntra,Myntra,2026-06-03 18:38:59,,Extremely disappointing,Extremely poor experience with the HRX Sarees. Color looks completely different than the picture. Will return it and request a refund.,2.0,https://myntra.com/product/gen_372,HRX Sarees,p_id_29212,Sarees,HRX,,
myntra_fallback_373,Myntra,Myntra,2026-07-19 18:38:59,,Beautiful fit and quality,"Great purchase of this HRX Jeans. The fabric is thick, soft, and feels premium. Had it in wishlist for weeks, glad I bought it.",4.0,https://myntra.com/product/gen_373,HRX Jeans,p_id_74768,Jeans,HRX,,
myntra_fallback_374,Myntra,Myntra,2026-07-29 18:38:59,,Extremely disappointing,Extremely poor experience with the Libas Jeans. The material is very thin and transparent. Sizing exchange is taking forever.,1.0,https://myntra.com/product/gen_374,Libas Jeans,p_id_61743,Jeans,Libas,,
myntra_fallback_375,Myntra,Myntra,2026-07-06 18:38:59,,Extremely disappointing,"Average quality for this W Sarees. The material is very thin and transparent. Not worth the price, do not buy.",1.0,https://myntra.com/product/gen_375,W Sarees,p_id_94191,Sarees,W,,
myntra_fallback_376,Myntra,Myntra,2026-07-15 18:38:59,,Beautiful fit and quality,"Superb fit and comfort for W Tops. The fabric is thick, soft, and feels premium. Value for money purchase.",4.0,https://myntra.com/product/gen_376,W Tops,p_id_12676,Tops,W,,
myntra_fallback_377,Myntra,Myntra,2026-06-09 18:38:59,,Beautiful fit and quality,"Very satisfied with this Roadster Sarees. The fabric is thick, soft, and feels premium. Had it in wishlist for weeks, glad I bought it.",4.0,https://myntra.com/product/gen_377,Roadster Sarees,p_id_16328,Sarees,Roadster,,
myntra_fallback_378,Myntra,Myntra,2026-06-21 18:38:59,,Beautiful fit and quality,"Very satisfied with this Mast & Harbour Shirts. True to size. Sizing fits me perfectly. Had it in wishlist for weeks, glad I bought it.",5.0,https://myntra.com/product/gen_378,Mast & Harbour Shirts,p_id_17239,Shirts,Mast & Harbour,,
myntra_fallback_379,Myntra,Myntra,2026-05-30 18:38:59,,Beautiful fit and quality,Great purchase of this HRX T-shirts. No color bleeding after first wash. Value for money purchase.,4.0,https://myntra.com/product/gen_379,HRX T-shirts,p_id_56766,T-shirts,HRX,,
myntra_fallback_380,Myntra,Myntra,2026-08-12 18:38:59,,Extremely disappointing,"Disappointed with this Mast & Harbour Shoes. Sizing chart was completely wrong, fits very tight. Sizing exchange is taking forever.",2.0,https://myntra.com/product/gen_380,Mast & Harbour Shoes,p_id_38154,Shoes,Mast & Harbour,,
myntra_fallback_381,Myntra,Myntra,2026-06-10 18:38:59,,Extremely disappointing,"Very bad fit of the Libas Dresses. Sizing chart was completely wrong, fits very tight. Suggest buying one size up for a better fit.",2.0,https://myntra.com/product/gen_381,Libas Dresses,p_id_58250,Dresses,Libas,,
myntra_fallback_382,Myntra,Myntra,2026-08-15 18:38:59,,Extremely disappointing,"Very bad fit of the Mast & Harbour Kurtas. Sizing chart was completely wrong, fits very tight. Wishlist item that turned out to be a disappointment.",3.0,https://myntra.com/product/gen_382,Mast & Harbour Kurtas,p_id_32398,Kurtas,Mast & Harbour,,
myntra_fallback_383,Myntra,Myntra,2026-05-29 18:38:59,,Extremely disappointing,"Average quality for this W Jeans. Fabric feels rough and synthetic, not pure cotton. Will return it and request a refund.",3.0,https://myntra.com/product/gen_383,W Jeans,p_id_43724,Jeans,W,,
myntra_fallback_384,Myntra,Myntra,2026-07-01 18:38:59,,Extremely disappointing,"Average quality for this Anouk Jeans. Fabric feels rough and synthetic, not pure cotton. Not worth the price, do not buy.",2.0,https://myntra.com/product/gen_384,Anouk Jeans,p_id_56363,Jeans,Anouk,,
myntra_fallback_385,Myntra,Myntra,2026-08-20 18:38:59,,Extremely disappointing,"Okay product, but not great HRX Trousers. Fabric feels rough and synthetic, not pure cotton. Will return it and request a refund.",3.0,https://myntra.com/product/gen_385,HRX Trousers,p_id_95039,Trousers,HRX,,
myntra_fallback_386,Myntra,Myntra,2026-06-10 18:38:59,,Beautiful fit and quality,Highly recommend this Roadster Shirts. No color bleeding after first wash. Delivery was super fast.,4.0,https://myntra.com/product/gen_386,Roadster Shirts,p_id_84930,Shirts,Roadster,,
myntra_fallback_387,Myntra,Myntra,2026-05-31 18:38:59,,Beautiful fit and quality,Excellent quality for the Roadster Shirts. True to size. Sizing fits me perfectly. Will definitely buy more from this brand.,4.0,https://myntra.com/product/gen_387,Roadster Shirts,p_id_82189,Shirts,Roadster,,
myntra_fallback_388,Myntra,Myntra,2026-06-23 18:38:59,,Beautiful fit and quality,"Excellent quality for the Mast & Harbour Jeans. The fabric is thick, soft, and feels premium. Had it in wishlist for weeks, glad I bought it.",5.0,https://myntra.com/product/gen_388,Mast & Harbour Jeans,p_id_56448,Jeans,Mast & Harbour,,
myntra_fallback_389,Myntra,Myntra,2026-06-04 18:38:59,,Extremely disappointing,"Okay product, but not great Zara Jeans. The material is very thin and transparent. Suggest buying one size up for a better fit.",3.0,https://myntra.com/product/gen_389,Zara Jeans,p_id_37820,Jeans,Zara,,
myntra_fallback_390,Myntra,Myntra,2026-08-02 18:38:59,,Extremely disappointing,"Very bad fit of the Libas Shirts. Stitching came loose after the first wash. Not worth the price, do not buy.",2.0,https://myntra.com/product/gen_390,Libas Shirts,p_id_43730,Shirts,Libas,,
myntra_fallback_391,Myntra,Myntra,2026-08-06 18:38:59,,Beautiful fit and quality,Excellent quality for the Zara T-shirts. The color is exactly as shown in the catalog. Will definitely buy more from this brand.,4.0,https://myntra.com/product/gen_391,Zara T-shirts,p_id_91229,T-shirts,Zara,,
myntra_fallback_392,Myntra,Myntra,2026-07-04 18:38:59,,Beautiful fit and quality,Very satisfied with this HRX Sarees. The color is exactly as shown in the catalog. Value for money purchase.,4.0,https://myntra.com/product/gen_392,HRX Sarees,p_id_92153,Sarees,HRX,,
myntra_fallback_393,Myntra,Myntra,2026-07-18 18:38:59,,Extremely disappointing,Very bad fit of the H&M Tops. The material is very thin and transparent. Sizing exchange is taking forever.,3.0,https://myntra.com/product/gen_393,H&M Tops,p_id_90482,Tops,H&M,,
myntra_fallback_394,Myntra,Myntra,2026-08-16 18:38:59,,Extremely disappointing,"Okay product, but not great Libas Dresses. Color looks completely different than the picture. Will return it and request a refund.",1.0,https://myntra.com/product/gen_394,Libas Dresses,p_id_58823,Dresses,Libas,,
myntra_fallback_395,Myntra,Myntra,2026-06-05 18:38:59,,Beautiful fit and quality,Very satisfied with this Roadster T-shirts. Perfect for wedding wear or festive occasions. Will definitely buy more from this brand.,4.0,https://myntra.com/product/gen_395,Roadster T-shirts,p_id_32575,T-shirts,Roadster,,
myntra_fallback_396,Myntra,Myntra,2026-07-21 18:38:59,,Extremely disappointing,Average quality for this Anouk T-shirts. The material is very thin and transparent. Will return it and request a refund.,3.0,https://myntra.com/product/gen_396,Anouk T-shirts,p_id_57395,T-shirts,Anouk,,
myntra_fallback_397,Myntra,Myntra,2026-07-22 18:38:59,,Beautiful fit and quality,Excellent quality for the W Jeans. The color is exactly as shown in the catalog. Delivery was super fast.,4.0,https://myntra.com/product/gen_397,W Jeans,p_id_49924,Jeans,W,,
myntra_fallback_398,Myntra,Myntra,2026-07-30 18:38:59,,Beautiful fit and quality,Great purchase of this W Sarees. Perfect for wedding wear or festive occasions. Value for money purchase.,5.0,https://myntra.com/product/gen_398,W Sarees,p_id_54613,Sarees,W,,
myntra_fallback_399,Myntra,Myntra,2026-06-26 18:38:59,,Extremely disappointing,"Average quality for this W Trousers. Color looks completely different than the picture. Not worth the price, do not buy.",3.0,https://myntra.com/product/gen_399,W Trousers,p_id_52046,Trousers,W,,
myntra_fallback_400,Myntra,Myntra,2026-07-22 18:38:59,,Extremely disappointing,"Extremely poor experience with the W Sarees. Sizing chart was completely wrong, fits very tight. Not worth the price, do not buy.",3.0,https://myntra.com/product/gen_400,W Sarees,p_id_43259,Sarees,W,,
myntra_fallback_401,Myntra,Myntra,2026-06-08 18:38:59,,Beautiful fit and quality,Excellent quality for the H&M Shoes. Perfect for wedding wear or festive occasions. Delivery was super fast.,5.0,https://myntra.com/product/gen_401,H&M Shoes,p_id_31040,Shoes,H&M,,
myntra_fallback_402,Myntra,Myntra,2026-05-27 18:38:59,,Extremely disappointing,"Okay product, but not great Libas Trousers. Color looks completely different than the picture. Sizing exchange is taking forever.",2.0,https://myntra.com/product/gen_402,Libas Trousers,p_id_48781,Trousers,Libas,,
myntra_fallback_403,Myntra,Myntra,2026-06-23 18:38:59,,Beautiful fit and quality,Excellent quality for the H&M Dresses. Perfect for wedding wear or festive occasions. Value for money purchase.,5.0,https://myntra.com/product/gen_403,H&M Dresses,p_id_89761,Dresses,H&M,,
myntra_fallback_404,Myntra,Myntra,2026-07-23 18:38:59,,Beautiful fit and quality,"Highly recommend this Roadster Kurtas. The fabric is thick, soft, and feels premium. Will definitely buy more from this brand.",5.0,https://myntra.com/product/gen_404,Roadster Kurtas,p_id_87706,Kurtas,Roadster,,
myntra_fallback_405,Myntra,Myntra,2026-07-24 18:38:59,,Extremely disappointing,Very bad fit of the Here&Now Jeans. Color looks completely different than the picture. Wishlist item that turned out to be a disappointment.,2.0,https://myntra.com/product/gen_405,Here&Now Jeans,p_id_72365,Jeans,Here&Now,,
myntra_fallback_406,Myntra,Myntra,2026-06-24 18:38:59,,Extremely disappointing,Disappointed with this Libas Trousers. The material is very thin and transparent. Wishlist item that turned out to be a disappointment.,2.0,https://myntra.com/product/gen_406,Libas Trousers,p_id_49393,Trousers,Libas,,
myntra_fallback_407,Myntra,Myntra,2026-08-07 18:38:59,,Extremely disappointing,"Extremely poor experience with the Here&Now Dresses. Sizing chart was completely wrong, fits very tight. Will return it and request a refund.",1.0,https://myntra.com/product/gen_407,Here&Now Dresses,p_id_45266,Dresses,Here&Now,,
myntra_fallback_408,Myntra,Myntra,2026-07-24 18:38:59,,Beautiful fit and quality,Excellent quality for the W Kurtas. Perfect for wedding wear or festive occasions. Will definitely buy more from this brand.,4.0,https://myntra.com/product/gen_408,W Kurtas,p_id_37770,Kurtas,W,,
myntra_fallback_409,Myntra,Myntra,2026-06-15 18:38:59,,Beautiful fit and quality,Highly recommend this W Jeans. No color bleeding after first wash. Will definitely buy more from this brand.,4.0,https://myntra.com/product/gen_409,W Jeans,p_id_63322,Jeans,W,,
myntra_fallback_410,Myntra,Myntra,2026-08-15 18:38:59,,Beautiful fit and quality,"Superb fit and comfort for Mast & Harbour Jeans. The fabric is thick, soft, and feels premium. Will definitely buy more from this brand.",5.0,https://myntra.com/product/gen_410,Mast & Harbour Jeans,p_id_63054,Jeans,Mast & Harbour,,
myntra_fallback_411,Myntra,Myntra,2026-06-23 18:38:59,,Extremely disappointing,"Okay product, but not great Anouk Dresses. Sizing chart was completely wrong, fits very tight. Not worth the price, do not buy.",1.0,https://myntra.com/product/gen_411,Anouk Dresses,p_id_17845,Dresses,Anouk,,
myntra_fallback_412,Myntra,Myntra,2026-05-26 18:38:59,,Beautiful fit and quality,Great purchase of this Here&Now Kurtas. No color bleeding after first wash. Will definitely buy more from this brand.,4.0,https://myntra.com/product/gen_412,Here&Now Kurtas,p_id_83129,Kurtas,Here&Now,,
myntra_fallback_413,Myntra,Myntra,2026-06-30 18:38:59,,Extremely disappointing,"Disappointed with this HRX Shoes. Color looks completely different than the picture. Not worth the price, do not buy.",1.0,https://myntra.com/product/gen_413,HRX Shoes,p_id_94503,Shoes,HRX,,
myntra_fallback_414,Myntra,Myntra,2026-06-28 18:38:59,,Beautiful fit and quality,"Superb fit and comfort for Here&Now Sarees. The fabric is thick, soft, and feels premium. Had it in wishlist for weeks, glad I bought it.",5.0,https://myntra.com/product/gen_414,Here&Now Sarees,p_id_74776,Sarees,Here&Now,,
myntra_fallback_415,Myntra,Myntra,2026-08-01 18:38:59,,Extremely disappointing,"Extremely poor experience with the H&M Shoes. Sizing chart was completely wrong, fits very tight. Wishlist item that turned out to be a disappointment.",2.0,https://myntra.com/product/gen_415,H&M Shoes,p_id_44421,Shoes,H&M,,
myntra_fallback_416,Myntra,Myntra,2026-06-01 18:38:59,,Extremely disappointing,"Average quality for this Here&Now Dresses. Stitching came loose after the first wash. Not worth the price, do not buy.",1.0,https://myntra.com/product/gen_416,Here&Now Dresses,p_id_28608,Dresses,Here&Now,,
myntra_fallback_417,Myntra,Myntra,2026-07-18 18:38:59,,Beautiful fit and quality,Very satisfied with this Anouk T-shirts. True to size. Sizing fits me perfectly. Perfect addition to my wardrobe.,4.0,https://myntra.com/product/gen_417,Anouk T-shirts,p_id_62205,T-shirts,Anouk,,
myntra_fallback_418,Myntra,Myntra,2026-08-05 18:38:59,,Extremely disappointing,"Extremely poor experience with the Mast & Harbour Dresses. Sizing chart was completely wrong, fits very tight. Suggest buying one size up for a better fit.",2.0,https://myntra.com/product/gen_418,Mast & Harbour Dresses,p_id_20614,Dresses,Mast & Harbour,,
myntra_fallback_419,Myntra,Myntra,2026-08-22 18:38:59,,Beautiful fit and quality,Superb fit and comfort for W Tops. No color bleeding after first wash. Perfect addition to my wardrobe.,4.0,https://myntra.com/product/gen_419,W Tops,p_id_34440,Tops,W,,
myntra_fallback_420,Myntra,Myntra,2026-06-28 18:38:59,,Beautiful fit and quality,"Very satisfied with this Here&Now Kurtas. No color bleeding after first wash. Had it in wishlist for weeks, glad I bought it.",5.0,https://myntra.com/product/gen_420,Here&Now Kurtas,p_id_44722,Kurtas,Here&Now,,
myntra_fallback_421,Myntra,Myntra,2026-08-15 18:38:59,,Beautiful fit and quality,"Very satisfied with this W Shirts. The fabric is thick, soft, and feels premium. Delivery was super fast.",4.0,https://myntra.com/product/gen_421,W Shirts,p_id_11687,Shirts,W,,
myntra_fallback_422,Myntra,Myntra,2026-06-10 18:38:59,,Extremely disappointing,"Okay product, but not great W Tops. Stitching came loose after the first wash. Sizing exchange is taking forever.",3.0,https://myntra.com/product/gen_422,W Tops,p_id_92325,Tops,W,,
myntra_fallback_423,Myntra,Myntra,2026-06-04 18:38:59,,Beautiful fit and quality,Excellent quality for the Libas Shirts. True to size. Sizing fits me perfectly. Delivery was super fast.,5.0,https://myntra.com/product/gen_423,Libas Shirts,p_id_49881,Shirts,Libas,,
myntra_fallback_424,Myntra,Myntra,2026-07-11 18:38:59,,Beautiful fit and quality,"Excellent quality for the Anouk Kurtas. The fabric is thick, soft, and feels premium. Value for money purchase.",4.0,https://myntra.com/product/gen_424,Anouk Kurtas,p_id_89775,Kurtas,Anouk,,
myntra_fallback_425,Myntra,Myntra,2026-08-04 18:38:59,,Extremely disappointing,Extremely poor experience with the Here&Now Shirts. The material is very thin and transparent. Will return it and request a refund.,3.0,https://myntra.com/product/gen_425,Here&Now Shirts,p_id_71308,Shirts,Here&Now,,
myntra_fallback_426,Myntra,Myntra,2026-07-04 18:38:59,,Extremely disappointing,Disappointed with this HRX Shirts. Stitching came loose after the first wash. Wishlist item that turned out to be a disappointment.,2.0,https://myntra.com/product/gen_426,HRX Shirts,p_id_41947,Shirts,HRX,,
myntra_fallback_427,Myntra,Myntra,2026-07-24 18:38:59,,Beautiful fit and quality,"Highly recommend this HRX Dresses. The fabric is thick, soft, and feels premium. Delivery was super fast.",4.0,https://myntra.com/product/gen_427,HRX Dresses,p_id_56817,Dresses,HRX,,
myntra_fallback_428,Myntra,Myntra,2026-05-31 18:38:59,,Extremely disappointing,"Average quality for this HRX Kurtas. Sizing chart was completely wrong, fits very tight. Suggest buying one size up for a better fit.",1.0,https://myntra.com/product/gen_428,HRX Kurtas,p_id_73637,Kurtas,HRX,,
myntra_fallback_429,Myntra,Myntra,2026-06-09 18:38:59,,Beautiful fit and quality,Great purchase of this W Shoes. True to size. Sizing fits me perfectly. Value for money purchase.,4.0,https://myntra.com/product/gen_429,W Shoes,p_id_56572,Shoes,W,,
myntra_fallback_430,Myntra,Myntra,2026-06-15 18:38:59,,Extremely disappointing,Extremely poor experience with the HRX Tops. Stitching came loose after the first wash. Will return it and request a refund.,2.0,https://myntra.com/product/gen_430,HRX Tops,p_id_91681,Tops,HRX,,
myntra_fallback_431,Myntra,Myntra,2026-08-06 18:38:59,,Extremely disappointing,"Very bad fit of the Zara Tops. Fabric feels rough and synthetic, not pure cotton. Sizing exchange is taking forever.",1.0,https://myntra.com/product/gen_431,Zara Tops,p_id_25363,Tops,Zara,,
myntra_fallback_432,Myntra,Myntra,2026-08-10 18:38:59,,Beautiful fit and quality,Excellent quality for the H&M Tops. No color bleeding after first wash. Will definitely buy more from this brand.,4.0,https://myntra.com/product/gen_432,H&M Tops,p_id_56007,Tops,H&M,,
myntra_fallback_433,Myntra,Myntra,2026-05-27 18:38:59,,Beautiful fit and quality,Very satisfied with this Libas Dresses. The color is exactly as shown in the catalog. Will definitely buy more from this brand.,5.0,https://myntra.com/product/gen_433,Libas Dresses,p_id_78906,Dresses,Libas,,
myntra_fallback_434,Myntra,Myntra,2026-06-05 18:38:59,,Extremely disappointing,Average quality for this H&M Jeans. Stitching came loose after the first wash. Will return it and request a refund.,2.0,https://myntra.com/product/gen_434,H&M Jeans,p_id_62171,Jeans,H&M,,
myntra_fallback_435,Myntra,Myntra,2026-06-19 18:38:59,,Extremely disappointing,"Extremely poor experience with the Anouk Shoes. Fabric feels rough and synthetic, not pure cotton. Not worth the price, do not buy.",2.0,https://myntra.com/product/gen_435,Anouk Shoes,p_id_37670,Shoes,Anouk,,
myntra_fallback_436,Myntra,Myntra,2026-08-13 18:38:59,,Beautiful fit and quality,Superb fit and comfort for Here&Now Kurtas. Perfect for wedding wear or festive occasions. Will definitely buy more from this brand.,4.0,https://myntra.com/product/gen_436,Here&Now Kurtas,p_id_30945,Kurtas,Here&Now,,
myntra_fallback_437,Myntra,Myntra,2026-06-11 18:38:59,,Beautiful fit and quality,Great purchase of this HRX Sarees. Perfect for wedding wear or festive occasions. Will definitely buy more from this brand.,4.0,https://myntra.com/product/gen_437,HRX Sarees,p_id_59809,Sarees,HRX,,
myntra_fallback_438,Myntra,Myntra,2026-06-08 18:38:59,,Extremely disappointing,"Very bad fit of the Libas Jeans. Sizing chart was completely wrong, fits very tight. Will return it and request a refund.",1.0,https://myntra.com/product/gen_438,Libas Jeans,p_id_43747,Jeans,Libas,,
myntra_fallback_439,Myntra,Myntra,2026-08-14 18:38:59,,Extremely disappointing,"Okay product, but not great Here&Now Kurtas. The material is very thin and transparent. Not worth the price, do not buy.",2.0,https://myntra.com/product/gen_439,Here&Now Kurtas,p_id_29379,Kurtas,Here&Now,,
myntra_fallback_440,Myntra,Myntra,2026-07-10 18:38:59,,Beautiful fit and quality,"Highly recommend this W T-shirts. Perfect for wedding wear or festive occasions. Had it in wishlist for weeks, glad I bought it.",4.0,https://myntra.com/product/gen_440,W T-shirts,p_id_47319,T-shirts,W,,
myntra_fallback_441,Myntra,Myntra,2026-06-06 18:38:59,,Extremely disappointing,"Disappointed with this Libas Jeans. Fabric feels rough and synthetic, not pure cotton. Sizing exchange is taking forever.",1.0,https://myntra.com/product/gen_441,Libas Jeans,p_id_94493,Jeans,Libas,,
myntra_fallback_442,Myntra,Myntra,2026-05-27 18:38:59,,Extremely disappointing,"Okay product, but not great Here&Now Shirts. The material is very thin and transparent. Will return it and request a refund.",1.0,https://myntra.com/product/gen_442,Here&Now Shirts,p_id_83522,Shirts,Here&Now,,
myntra_fallback_443,Myntra,Myntra,2026-07-04 18:38:59,,Extremely disappointing,"Okay product, but not great W Sarees. Sizing chart was completely wrong, fits very tight. Sizing exchange is taking forever.",2.0,https://myntra.com/product/gen_443,W Sarees,p_id_30348,Sarees,W,,
myntra_fallback_444,Myntra,Myntra,2026-07-23 18:38:59,,Extremely disappointing,"Extremely poor experience with the H&M Shirts. Fabric feels rough and synthetic, not pure cotton. Sizing exchange is taking forever.",2.0,https://myntra.com/product/gen_444,H&M Shirts,p_id_69349,Shirts,H&M,,
myntra_fallback_445,Myntra,Myntra,2026-08-01 18:38:59,,Beautiful fit and quality,"Highly recommend this Here&Now Shirts. The fabric is thick, soft, and feels premium. Perfect addition to my wardrobe.",4.0,https://myntra.com/product/gen_445,Here&Now Shirts,p_id_29547,Shirts,Here&Now,,
myntra_fallback_446,Myntra,Myntra,2026-06-14 18:38:59,,Beautiful fit and quality,Superb fit and comfort for HRX Dresses. The color is exactly as shown in the catalog. Value for money purchase.,5.0,https://myntra.com/product/gen_446,HRX Dresses,p_id_57413,Dresses,HRX,,
myntra_fallback_447,Myntra,Myntra,2026-06-12 18:38:59,,Extremely disappointing,"Disappointed with this Mast & Harbour Trousers. Sizing chart was completely wrong, fits very tight. Not worth the price, do not buy.",3.0,https://myntra.com/product/gen_447,Mast & Harbour Trousers,p_id_76705,Trousers,Mast & Harbour,,
myntra_fallback_448,Myntra,Myntra,2026-06-29 18:38:59,,Extremely disappointing,"Average quality for this Zara Jeans. Fabric feels rough and synthetic, not pure cotton. Sizing exchange is taking forever.",1.0,https://myntra.com/product/gen_448,Zara Jeans,p_id_59813,Jeans,Zara,,
myntra_fallback_449,Myntra,Myntra,2026-07-13 18:38:59,,Beautiful fit and quality,Excellent quality for the H&M Shoes. No color bleeding after first wash. Perfect addition to my wardrobe.,4.0,https://myntra.com/product/gen_449,H&M Shoes,p_id_78966,Shoes,H&M,,
myntra_fallback_450,Myntra,Myntra,2026-07-05 18:38:59,,Extremely disappointing,Extremely poor experience with the Libas Sarees. Stitching came loose after the first wash. Wishlist item that turned out to be a disappointment.,2.0,https://myntra.com/product/gen_450,Libas Sarees,p_id_37209,Sarees,Libas,,
myntra_fallback_451,Myntra,Myntra,2026-06-16 18:38:59,,Beautiful fit and quality,Highly recommend this Libas Sarees. The color is exactly as shown in the catalog. Value for money purchase.,5.0,https://myntra.com/product/gen_451,Libas Sarees,p_id_80628,Sarees,Libas,,
myntra_fallback_452,Myntra,Myntra,2026-08-19 18:38:59,,Beautiful fit and quality,"Excellent quality for the Anouk Dresses. The color is exactly as shown in the catalog. Had it in wishlist for weeks, glad I bought it.",5.0,https://myntra.com/product/gen_452,Anouk Dresses,p_id_33047,Dresses,Anouk,,
myntra_fallback_453,Myntra,Myntra,2026-07-08 18:38:59,,Beautiful fit and quality,"Superb fit and comfort for Roadster Jeans. The fabric is thick, soft, and feels premium. Perfect addition to my wardrobe.",5.0,https://myntra.com/product/gen_453,Roadster Jeans,p_id_15873,Jeans,Roadster,,
myntra_fallback_454,Myntra,Myntra,2026-07-17 18:38:59,,Extremely disappointing,"Okay product, but not great Zara Shirts. Fabric feels rough and synthetic, not pure cotton. Not worth the price, do not buy.",1.0,https://myntra.com/product/gen_454,Zara Shirts,p_id_46334,Shirts,Zara,,
myntra_fallback_455,Myntra,Myntra,2026-06-21 18:38:59,,Beautiful fit and quality,Superb fit and comfort for Roadster Dresses. Perfect for wedding wear or festive occasions. Value for money purchase.,4.0,https://myntra.com/product/gen_455,Roadster Dresses,p_id_38464,Dresses,Roadster,,
myntra_fallback_456,Myntra,Myntra,2026-06-05 18:38:59,,Beautiful fit and quality,"Highly recommend this Roadster Tops. True to size. Sizing fits me perfectly. Had it in wishlist for weeks, glad I bought it.",5.0,https://myntra.com/product/gen_456,Roadster Tops,p_id_55788,Tops,Roadster,,
myntra_fallback_457,Myntra,Myntra,2026-07-21 18:38:59,,Extremely disappointing,Extremely poor experience with the Zara Shirts. Color looks completely different than the picture. Sizing exchange is taking forever.,2.0,https://myntra.com/product/gen_457,Zara Shirts,p_id_58484,Shirts,Zara,,
myntra_fallback_458,Myntra,Myntra,2026-08-19 18:38:59,,Extremely disappointing,Very bad fit of the HRX Shoes. Color looks completely different than the picture. Suggest buying one size up for a better fit.,1.0,https://myntra.com/product/gen_458,HRX Shoes,p_id_54582,Shoes,HRX,,
myntra_fallback_459,Myntra,Myntra,2026-07-05 18:38:59,,Beautiful fit and quality,"Excellent quality for the HRX Tops. The fabric is thick, soft, and feels premium. Perfect addition to my wardrobe.",5.0,https://myntra.com/product/gen_459,HRX Tops,p_id_17403,Tops,HRX,,
myntra_fallback_460,Myntra,Myntra,2026-07-16 18:38:59,,Extremely disappointing,"Disappointed with this H&M Tops. The material is very thin and transparent. Not worth the price, do not buy.",3.0,https://myntra.com/product/gen_460,H&M Tops,p_id_50168,Tops,H&M,,
myntra_fallback_461,Myntra,Myntra,2026-05-26 18:38:59,,Extremely disappointing,"Average quality for this Roadster Kurtas. Fabric feels rough and synthetic, not pure cotton. Suggest buying one size up for a better fit.",1.0,https://myntra.com/product/gen_461,Roadster Kurtas,p_id_60616,Kurtas,Roadster,,
myntra_fallback_462,Myntra,Myntra,2026-05-31 18:38:59,,Extremely disappointing,"Okay product, but not great Libas Dresses. The material is very thin and transparent. Wishlist item that turned out to be a disappointment.",3.0,https://myntra.com/product/gen_462,Libas Dresses,p_id_43015,Dresses,Libas,,
myntra_fallback_463,Myntra,Myntra,2026-07-07 18:38:59,,Beautiful fit and quality,"Highly recommend this Roadster Dresses. The fabric is thick, soft, and feels premium. Value for money purchase.",4.0,https://myntra.com/product/gen_463,Roadster Dresses,p_id_45366,Dresses,Roadster,,
myntra_fallback_464,Myntra,Myntra,2026-07-09 18:38:59,,Beautiful fit and quality,Superb fit and comfort for Anouk Jeans. No color bleeding after first wash. Value for money purchase.,5.0,https://myntra.com/product/gen_464,Anouk Jeans,p_id_45583,Jeans,Anouk,,
myntra_fallback_465,Myntra,Myntra,2026-08-17 18:38:59,,Extremely disappointing,"Okay product, but not great H&M Trousers. Fabric feels rough and synthetic, not pure cotton. Suggest buying one size up for a better fit.",3.0,https://myntra.com/product/gen_465,H&M Trousers,p_id_12640,Trousers,H&M,,
myntra_fallback_466,Myntra,Myntra,2026-07-03 18:38:59,,Beautiful fit and quality,Very satisfied with this Zara T-shirts. True to size. Sizing fits me perfectly. Will definitely buy more from this brand.,5.0,https://myntra.com/product/gen_466,Zara T-shirts,p_id_48563,T-shirts,Zara,,
myntra_fallback_467,Myntra,Myntra,2026-07-21 18:38:59,,Beautiful fit and quality,Highly recommend this Anouk Kurtas. True to size. Sizing fits me perfectly. Delivery was super fast.,4.0,https://myntra.com/product/gen_467,Anouk Kurtas,p_id_42769,Kurtas,Anouk,,
myntra_fallback_468,Myntra,Myntra,2026-07-01 18:38:59,,Beautiful fit and quality,Very satisfied with this Here&Now Dresses. Perfect for wedding wear or festive occasions. Value for money purchase.,4.0,https://myntra.com/product/gen_468,Here&Now Dresses,p_id_81773,Dresses,Here&Now,,
myntra_fallback_469,Myntra,Myntra,2026-06-11 18:38:59,,Extremely disappointing,Average quality for this Here&Now Trousers. Stitching came loose after the first wash. Suggest buying one size up for a better fit.,1.0,https://myntra.com/product/gen_469,Here&Now Trousers,p_id_82210,Trousers,Here&Now,,
myntra_fallback_470,Myntra,Myntra,2026-06-04 18:38:59,,Beautiful fit and quality,Excellent quality for the Here&Now Sarees. Perfect for wedding wear or festive occasions. Perfect addition to my wardrobe.,4.0,https://myntra.com/product/gen_470,Here&Now Sarees,p_id_41531,Sarees,Here&Now,,
myntra_fallback_471,Myntra,Myntra,2026-08-08 18:38:59,,Beautiful fit and quality,Superb fit and comfort for Mast & Harbour T-shirts. True to size. Sizing fits me perfectly. Perfect addition to my wardrobe.,4.0,https://myntra.com/product/gen_471,Mast & Harbour T-shirts,p_id_43070,T-shirts,Mast & Harbour,,
myntra_fallback_472,Myntra,Myntra,2026-06-17 18:38:59,,Extremely disappointing,"Disappointed with this Anouk Shoes. Fabric feels rough and synthetic, not pure cotton. Will return it and request a refund.",1.0,https://myntra.com/product/gen_472,Anouk Shoes,p_id_73937,Shoes,Anouk,,
myntra_fallback_473,Myntra,Myntra,2026-08-12 18:38:59,,Extremely disappointing,Very bad fit of the Roadster Kurtas. The material is very thin and transparent. Will return it and request a refund.,2.0,https://myntra.com/product/gen_473,Roadster Kurtas,p_id_78911,Kurtas,Roadster,,
myntra_fallback_474,Myntra,Myntra,2026-07-29 18:38:59,,Beautiful fit and quality,Very satisfied with this Zara Trousers. No color bleeding after first wash. Value for money purchase.,5.0,https://myntra.com/product/gen_474,Zara Trousers,p_id_74603,Trousers,Zara,,
myntra_fallback_475,Myntra,Myntra,2026-07-12 18:38:59,,Extremely disappointing,Disappointed with this Libas Tops. Color looks completely different than the picture. Suggest buying one size up for a better fit.,2.0,https://myntra.com/product/gen_475,Libas Tops,p_id_16649,Tops,Libas,,
myntra_fallback_476,Myntra,Myntra,2026-06-18 18:38:59,,Extremely disappointing,Average quality for this Zara Tops. The material is very thin and transparent. Suggest buying one size up for a better fit.,2.0,https://myntra.com/product/gen_476,Zara Tops,p_id_28236,Tops,Zara,,
myntra_fallback_477,Myntra,Myntra,2026-06-11 18:38:59,,Extremely disappointing,Very bad fit of the Anouk Sarees. Stitching came loose after the first wash. Suggest buying one size up for a better fit.,1.0,https://myntra.com/product/gen_477,Anouk Sarees,p_id_83567,Sarees,Anouk,,
myntra_fallback_478,Myntra,Myntra,2026-07-09 18:38:59,,Extremely disappointing,"Very bad fit of the H&M Jeans. Fabric feels rough and synthetic, not pure cotton. Will return it and request a refund.",2.0,https://myntra.com/product/gen_478,H&M Jeans,p_id_33735,Jeans,H&M,,
myntra_fallback_479,Myntra,Myntra,2026-06-03 18:38:59,,Beautiful fit and quality,Superb fit and comfort for Libas T-shirts. True to size. Sizing fits me perfectly. Delivery was super fast.,5.0,https://myntra.com/product/gen_479,Libas T-shirts,p_id_36655,T-shirts,Libas,,
myntra_fallback_480,Myntra,Myntra,2026-05-31 18:38:59,,Extremely disappointing,"Okay product, but not great HRX Sarees. Stitching came loose after the first wash. Not worth the price, do not buy.",1.0,https://myntra.com/product/gen_480,HRX Sarees,p_id_50340,Sarees,HRX,,
myntra_fallback_481,Myntra,Myntra,2026-08-02 18:38:59,,Extremely disappointing,Disappointed with this Zara Sarees. Stitching came loose after the first wash. Will return it and request a refund.,1.0,https://myntra.com/product/gen_481,Zara Sarees,p_id_49578,Sarees,Zara,,
myntra_fallback_482,Myntra,Myntra,2026-08-02 18:38:59,,Extremely disappointing,"Disappointed with this H&M Trousers. Sizing chart was completely wrong, fits very tight. Suggest buying one size up for a better fit.",2.0,https://myntra.com/product/gen_482,H&M Trousers,p_id_14663,Trousers,H&M,,
myntra_fallback_483,Myntra,Myntra,2026-06-18 18:38:59,,Extremely disappointing,Disappointed with this H&M Jeans. The material is very thin and transparent. Suggest buying one size up for a better fit.,2.0,https://myntra.com/product/gen_483,H&M Jeans,p_id_23770,Jeans,H&M,,
myntra_fallback_484,Myntra,Myntra,2026-08-15 18:38:59,,Extremely disappointing,"Disappointed with this HRX T-shirts. Sizing chart was completely wrong, fits very tight. Will return it and request a refund.",3.0,https://myntra.com/product/gen_484,HRX T-shirts,p_id_98229,T-shirts,HRX,,
myntra_fallback_485,Myntra,Myntra,2026-08-23 18:38:59,,Extremely disappointing,Average quality for this Anouk Shirts. The material is very thin and transparent. Sizing exchange is taking forever.,2.0,https://myntra.com/product/gen_485,Anouk Shirts,p_id_58606,Shirts,Anouk,,
myntra_fallback_486,Myntra,Myntra,2026-07-23 18:38:59,,Extremely disappointing,"Extremely poor experience with the H&M Tops. Fabric feels rough and synthetic, not pure cotton. Wishlist item that turned out to be a disappointment.",3.0,https://myntra.com/product/gen_486,H&M Tops,p_id_15771,Tops,H&M,,
myntra_fallback_487,Myntra,Myntra,2026-06-21 18:38:59,,Beautiful fit and quality,Great purchase of this Zara Dresses. The color is exactly as shown in the catalog. Will definitely buy more from this brand.,4.0,https://myntra.com/product/gen_487,Zara Dresses,p_id_27635,Dresses,Zara,,
myntra_fallback_488,Myntra,Myntra,2026-06-17 18:38:59,,Beautiful fit and quality,"Great purchase of this HRX Dresses. The color is exactly as shown in the catalog. Had it in wishlist for weeks, glad I bought it.",4.0,https://myntra.com/product/gen_488,HRX Dresses,p_id_30888,Dresses,HRX,,
myntra_fallback_489,Myntra,Myntra,2026-08-19 18:38:59,,Extremely disappointing,"Okay product, but not great Libas Kurtas. The material is very thin and transparent. Sizing exchange is taking forever.",1.0,https://myntra.com/product/gen_489,Libas Kurtas,p_id_10132,Kurtas,Libas,,
myntra_fallback_490,Myntra,Myntra,2026-07-01 18:38:59,,Extremely disappointing,"Average quality for this Zara Shirts. Sizing chart was completely wrong, fits very tight. Sizing exchange is taking forever.",3.0,https://myntra.com/product/gen_490,Zara Shirts,p_id_65290,Shirts,Zara,,
myntra_fallback_491,Myntra,Myntra,2026-07-03 18:38:59,,Beautiful fit and quality,Superb fit and comfort for Mast & Harbour Trousers. The color is exactly as shown in the catalog. Perfect addition to my wardrobe.,5.0,https://myntra.com/product/gen_491,Mast & Harbour Trousers,p_id_46265,Trousers,Mast & Harbour,,
myntra_fallback_492,Myntra,Myntra,2026-05-27 18:38:59,,Beautiful fit and quality,"Superb fit and comfort for Anouk T-shirts. True to size. Sizing fits me perfectly. Had it in wishlist for weeks, glad I bought it.",5.0,https://myntra.com/product/gen_492,Anouk T-shirts,p_id_61209,T-shirts,Anouk,,
myntra_fallback_493,Myntra,Myntra,2026-05-26 18:38:59,,Extremely disappointing,Average quality for this Anouk Sarees. Stitching came loose after the first wash. Wishlist item that turned out to be a disappointment.,2.0,https://myntra.com/product/gen_493,Anouk Sarees,p_id_26437,Sarees,Anouk,,
myntra_fallback_494,Myntra,Myntra,2026-06-02 18:38:59,,Extremely disappointing,"Extremely poor experience with the Mast & Harbour Jeans. Sizing chart was completely wrong, fits very tight. Sizing exchange is taking forever.",1.0,https://myntra.com/product/gen_494,Mast & Harbour Jeans,p_id_39960,Jeans,Mast & Harbour,,
myntra_fallback_495,Myntra,Myntra,2026-06-04 18:38:59,,Extremely disappointing,"Okay product, but not great HRX Shirts. Fabric feels rough and synthetic, not pure cotton. Sizing exchange is taking forever.",1.0,https://myntra.com/product/gen_495,HRX Shirts,p_id_88532,Shirts,HRX,,
myntra_fallback_496,Myntra,Myntra,2026-06-25 18:38:59,,Extremely disappointing,"Disappointed with this Zara Sarees. Fabric feels rough and synthetic, not pure cotton. Suggest buying one size up for a better fit.",3.0,https://myntra.com/product/gen_496,Zara Sarees,p_id_94562,Sarees,Zara,,
myntra_fallback_497,Myntra,Myntra,2026-06-29 18:38:59,,Beautiful fit and quality,Great purchase of this Anouk Jeans. Perfect for wedding wear or festive occasions. Delivery was super fast.,4.0,https://myntra.com/product/gen_497,Anouk Jeans,p_id_84156,Jeans,Anouk,,
myntra_fallback_498,Myntra,Myntra,2026-06-18 18:38:59,,Extremely disappointing,"Average quality for this Zara Shoes. Sizing chart was completely wrong, fits very tight. Not worth the price, do not buy.",3.0,https://myntra.com/product/gen_498,Zara Shoes,p_id_22874,Shoes,Zara,,
myntra_fallback_499,Myntra,Myntra,2026-08-03 18:38:59,,Beautiful fit and quality,"Great purchase of this Zara Jeans. Perfect for wedding wear or festive occasions. Had it in wishlist for weeks, glad I bought it.",4.0,https://myntra.com/product/gen_499,Zara Jeans,p_id_46059,Jeans,Zara,,
myntra_fallback_500,Myntra,Myntra,2026-08-21 18:38:59,,Beautiful fit and quality,Superb fit and comfort for Zara Trousers. Perfect for wedding wear or festive occasions. Delivery was super fast.,5.0,https://myntra.com/product/gen_500,Zara Trousers,p_id_67471,Trousers,Zara,,
myntra_fallback_501,Myntra,Myntra,2026-06-16 18:38:59,,Extremely disappointing,Very bad fit of the H&M Kurtas. Stitching came loose after the first wash. Will return it and request a refund.,2.0,https://myntra.com/product/gen_501,H&M Kurtas,p_id_40194,Kurtas,H&M,,
myntra_fallback_502,Myntra,Myntra,2026-08-08 18:38:59,,Beautiful fit and quality,"Very satisfied with this Roadster Sarees. The fabric is thick, soft, and feels premium. Had it in wishlist for weeks, glad I bought it.",5.0,https://myntra.com/product/gen_502,Roadster Sarees,p_id_14815,Sarees,Roadster,,
myntra_fallback_503,Myntra,Myntra,2026-07-13 18:38:59,,Extremely disappointing,Extremely poor experience with the Zara Sarees. Stitching came loose after the first wash. Suggest buying one size up for a better fit.,1.0,https://myntra.com/product/gen_503,Zara Sarees,p_id_17449,Sarees,Zara,,
myntra_fallback_504,Myntra,Myntra,2026-06-27 18:38:59,,Extremely disappointing,Very bad fit of the Here&Now T-shirts. Color looks completely different than the picture. Will return it and request a refund.,1.0,https://myntra.com/product/gen_504,Here&Now T-shirts,p_id_85330,T-shirts,Here&Now,,
myntra_fallback_505,Myntra,Myntra,2026-08-10 18:38:59,,Beautiful fit and quality,"Great purchase of this Zara Shirts. True to size. Sizing fits me perfectly. Had it in wishlist for weeks, glad I bought it.",5.0,https://myntra.com/product/gen_505,Zara Shirts,p_id_53683,Shirts,Zara,,
myntra_fallback_506,Myntra,Myntra,2026-05-30 18:38:59,,Extremely disappointing,"Very bad fit of the Roadster Tops. Sizing chart was completely wrong, fits very tight. Suggest buying one size up for a better fit.",2.0,https://myntra.com/product/gen_506,Roadster Tops,p_id_92500,Tops,Roadster,,
myntra_fallback_507,Myntra,Myntra,2026-08-11 18:38:59,,Extremely disappointing,"Very bad fit of the Zara Jeans. Sizing chart was completely wrong, fits very tight. Wishlist item that turned out to be a disappointment.",1.0,https://myntra.com/product/gen_507,Zara Jeans,p_id_18533,Jeans,Zara,,
myntra_fallback_508,Myntra,Myntra,2026-08-22 18:38:59,,Beautiful fit and quality,Very satisfied with this H&M Sarees. Perfect for wedding wear or festive occasions. Delivery was super fast.,5.0,https://myntra.com/product/gen_508,H&M Sarees,p_id_18397,Sarees,H&M,,
myntra_fallback_509,Myntra,Myntra,2026-08-21 18:38:59,,Extremely disappointing,"Average quality for this HRX Shirts. Fabric feels rough and synthetic, not pure cotton. Not worth the price, do not buy.",2.0,https://myntra.com/product/gen_509,HRX Shirts,p_id_47045,Shirts,HRX,,
myntra_fallback_510,Myntra,Myntra,2026-07-29 18:38:59,,Extremely disappointing,"Okay product, but not great Mast & Harbour Tops. Fabric feels rough and synthetic, not pure cotton. Will return it and request a refund.",3.0,https://myntra.com/product/gen_510,Mast & Harbour Tops,p_id_61389,Tops,Mast & Harbour,,
myntra_fallback_511,Myntra,Myntra,2026-07-20 18:38:59,,Extremely disappointing,"Extremely poor experience with the Here&Now Jeans. The material is very thin and transparent. Not worth the price, do not buy.",3.0,https://myntra.com/product/gen_511,Here&Now Jeans,p_id_67019,Jeans,Here&Now,,
myntra_fallback_512,Myntra,Myntra,2026-07-19 18:38:59,,Extremely disappointing,"Okay product, but not great HRX Tops. Sizing chart was completely wrong, fits very tight. Will return it and request a refund.",2.0,https://myntra.com/product/gen_512,HRX Tops,p_id_50828,Tops,HRX,,
myntra_fallback_513,Myntra,Myntra,2026-08-01 18:38:59,,Beautiful fit and quality,"Excellent quality for the Mast & Harbour Kurtas. The fabric is thick, soft, and feels premium. Had it in wishlist for weeks, glad I bought it.",5.0,https://myntra.com/product/gen_513,Mast & Harbour Kurtas,p_id_81899,Kurtas,Mast & Harbour,,
myntra_fallback_514,Myntra,Myntra,2026-06-10 18:38:59,,Beautiful fit and quality,Superb fit and comfort for Here&Now Trousers. No color bleeding after first wash. Delivery was super fast.,4.0,https://myntra.com/product/gen_514,Here&Now Trousers,p_id_23127,Trousers,Here&Now,,
myntra_fallback_515,Myntra,Myntra,2026-06-13 18:38:59,,Extremely disappointing,"Very bad fit of the Roadster Jeans. Stitching came loose after the first wash. Not worth the price, do not buy.",3.0,https://myntra.com/product/gen_515,Roadster Jeans,p_id_40630,Jeans,Roadster,,
myntra_fallback_516,Myntra,Myntra,2026-06-20 18:38:59,,Extremely disappointing,Average quality for this Anouk Trousers. Color looks completely different than the picture. Suggest buying one size up for a better fit.,2.0,https://myntra.com/product/gen_516,Anouk Trousers,p_id_34445,Trousers,Anouk,,
myntra_fallback_517,Myntra,Myntra,2026-06-30 18:38:59,,Extremely disappointing,Very bad fit of the Zara Shoes. The material is very thin and transparent. Suggest buying one size up for a better fit.,2.0,https://myntra.com/product/gen_517,Zara Shoes,p_id_77757,Shoes,Zara,,
myntra_fallback_518,Myntra,Myntra,2026-07-04 18:38:59,,Beautiful fit and quality,"Superb fit and comfort for Here&Now Dresses. The color is exactly as shown in the catalog. Had it in wishlist for weeks, glad I bought it.",4.0,https://myntra.com/product/gen_518,Here&Now Dresses,p_id_10762,Dresses,Here&Now,,
myntra_fallback_519,Myntra,Myntra,2026-07-26 18:38:59,,Beautiful fit and quality,Superb fit and comfort for Mast & Harbour Jeans. No color bleeding after first wash. Will definitely buy more from this brand.,4.0,https://myntra.com/product/gen_519,Mast & Harbour Jeans,p_id_10548,Jeans,Mast & Harbour,,
myntra_fallback_520,Myntra,Myntra,2026-08-20 18:38:59,,Beautiful fit and quality,Very satisfied with this Libas Shoes. Perfect for wedding wear or festive occasions. Will definitely buy more from this brand.,5.0,https://myntra.com/product/gen_520,Libas Shoes,p_id_14636,Shoes,Libas,,
myntra_fallback_521,Myntra,Myntra,2026-06-19 18:38:59,,Beautiful fit and quality,Great purchase of this Here&Now Tops. True to size. Sizing fits me perfectly. Will definitely buy more from this brand.,5.0,https://myntra.com/product/gen_521,Here&Now Tops,p_id_11484,Tops,Here&Now,,
myntra_fallback_522,Myntra,Myntra,2026-06-16 18:38:59,,Extremely disappointing,"Okay product, but not great HRX Trousers. Stitching came loose after the first wash. Wishlist item that turned out to be a disappointment.",1.0,https://myntra.com/product/gen_522,HRX Trousers,p_id_95174,Trousers,HRX,,
myntra_fallback_523,Myntra,Myntra,2026-06-04 18:38:59,,Beautiful fit and quality,Great purchase of this H&M Dresses. Perfect for wedding wear or festive occasions. Value for money purchase.,4.0,https://myntra.com/product/gen_523,H&M Dresses,p_id_14740,Dresses,H&M,,
myntra_fallback_524,Myntra,Myntra,2026-07-20 18:38:59,,Extremely disappointing,"Average quality for this Here&Now Sarees. Color looks completely different than the picture. Not worth the price, do not buy.",3.0,https://myntra.com/product/gen_524,Here&Now Sarees,p_id_90973,Sarees,Here&Now,,
myntra_fallback_525,Myntra,Myntra,2026-07-26 18:38:59,,Beautiful fit and quality,Great purchase of this Libas Shoes. Perfect for wedding wear or festive occasions. Perfect addition to my wardrobe.,4.0,https://myntra.com/product/gen_525,Libas Shoes,p_id_84078,Shoes,Libas,,
myntra_fallback_526,Myntra,Myntra,2026-07-03 18:38:59,,Beautiful fit and quality,Excellent quality for the Mast & Harbour Dresses. Perfect for wedding wear or festive occasions. Delivery was super fast.,5.0,https://myntra.com/product/gen_526,Mast & Harbour Dresses,p_id_55259,Dresses,Mast & Harbour,,
myntra_fallback_527,Myntra,Myntra,2026-07-22 18:38:59,,Extremely disappointing,"Okay product, but not great H&M Tops. Color looks completely different than the picture. Sizing exchange is taking forever.",3.0,https://myntra.com/product/gen_527,H&M Tops,p_id_39611,Tops,H&M,,
myntra_fallback_528,Myntra,Myntra,2026-08-11 18:38:59,,Beautiful fit and quality,Excellent quality for the HRX Jeans. Perfect for wedding wear or festive occasions. Value for money purchase.,5.0,https://myntra.com/product/gen_528,HRX Jeans,p_id_67205,Jeans,HRX,,
myntra_fallback_529,Myntra,Myntra,2026-05-31 18:38:59,,Beautiful fit and quality,"Highly recommend this Here&Now Trousers. The fabric is thick, soft, and feels premium. Will definitely buy more from this brand.",5.0,https://myntra.com/product/gen_529,Here&Now Trousers,p_id_85178,Trousers,Here&Now,,
myntra_fallback_530,Myntra,Myntra,2026-06-06 18:38:59,,Extremely disappointing,Very bad fit of the HRX Shoes. Color looks completely different than the picture. Wishlist item that turned out to be a disappointment.,2.0,https://myntra.com/product/gen_530,HRX Shoes,p_id_30001,Shoes,HRX,,
myntra_fallback_531,Myntra,Myntra,2026-05-31 18:38:59,,Beautiful fit and quality,"Excellent quality for the Roadster Shirts. Perfect for wedding wear or festive occasions. Had it in wishlist for weeks, glad I bought it.",5.0,https://myntra.com/product/gen_531,Roadster Shirts,p_id_18861,Shirts,Roadster,,
myntra_fallback_532,Myntra,Myntra,2026-08-03 18:38:59,,Extremely disappointing,"Extremely poor experience with the Libas Sarees. Sizing chart was completely wrong, fits very tight. Will return it and request a refund.",2.0,https://myntra.com/product/gen_532,Libas Sarees,p_id_59414,Sarees,Libas,,
myntra_fallback_533,Myntra,Myntra,2026-08-09 18:38:59,,Extremely disappointing,Extremely poor experience with the Libas Kurtas. Color looks completely different than the picture. Wishlist item that turned out to be a disappointment.,3.0,https://myntra.com/product/gen_533,Libas Kurtas,p_id_54611,Kurtas,Libas,,
myntra_fallback_534,Myntra,Myntra,2026-08-13 18:38:59,,Extremely disappointing,"Very bad fit of the Mast & Harbour Sarees. The material is very thin and transparent. Not worth the price, do not buy.",2.0,https://myntra.com/product/gen_534,Mast & Harbour Sarees,p_id_96142,Sarees,Mast & Harbour,,
myntra_fallback_535,Myntra,Myntra,2026-07-10 18:38:59,,Beautiful fit and quality,"Superb fit and comfort for H&M Trousers. The fabric is thick, soft, and feels premium. Will definitely buy more from this brand.",4.0,https://myntra.com/product/gen_535,H&M Trousers,p_id_51758,Trousers,H&M,,
myntra_fallback_536,Myntra,Myntra,2026-08-19 18:38:59,,Beautiful fit and quality,Highly recommend this Roadster Trousers. Perfect for wedding wear or festive occasions. Delivery was super fast.,5.0,https://myntra.com/product/gen_536,Roadster Trousers,p_id_47188,Trousers,Roadster,,
myntra_fallback_537,Myntra,Myntra,2026-06-22 18:38:59,,Beautiful fit and quality,Great purchase of this Zara Sarees. No color bleeding after first wash. Will definitely buy more from this brand.,4.0,https://myntra.com/product/gen_537,Zara Sarees,p_id_58071,Sarees,Zara,,
myntra_fallback_538,Myntra,Myntra,2026-07-08 18:38:59,,Beautiful fit and quality,Very satisfied with this H&M Kurtas. True to size. Sizing fits me perfectly. Delivery was super fast.,5.0,https://myntra.com/product/gen_538,H&M Kurtas,p_id_58541,Kurtas,H&M,,
myntra_fallback_539,Myntra,Myntra,2026-08-11 18:38:59,,Extremely disappointing,"Disappointed with this Libas Shoes. Fabric feels rough and synthetic, not pure cotton. Not worth the price, do not buy.",2.0,https://myntra.com/product/gen_539,Libas Shoes,p_id_43120,Shoes,Libas,,
myntra_fallback_540,Myntra,Myntra,2026-08-14 18:38:59,,Extremely disappointing,"Extremely poor experience with the Here&Now Trousers. Sizing chart was completely wrong, fits very tight. Wishlist item that turned out to be a disappointment.",3.0,https://myntra.com/product/gen_540,Here&Now Trousers,p_id_16506,Trousers,Here&Now,,
myntra_fallback_541,Myntra,Myntra,2026-05-31 18:38:59,,Beautiful fit and quality,Superb fit and comfort for HRX Kurtas. True to size. Sizing fits me perfectly. Value for money purchase.,5.0,https://myntra.com/product/gen_541,HRX Kurtas,p_id_58499,Kurtas,HRX,,
myntra_fallback_542,Myntra,Myntra,2026-06-16 18:38:59,,Extremely disappointing,Disappointed with this W Trousers. Color looks completely different than the picture. Wishlist item that turned out to be a disappointment.,3.0,https://myntra.com/product/gen_542,W Trousers,p_id_40727,Trousers,W,,
myntra_fallback_543,Myntra,Myntra,2026-07-05 18:38:59,,Extremely disappointing,"Extremely poor experience with the Mast & Harbour Trousers. Sizing chart was completely wrong, fits very tight. Suggest buying one size up for a better fit.",3.0,https://myntra.com/product/gen_543,Mast & Harbour Trousers,p_id_41249,Trousers,Mast & Harbour,,
myntra_fallback_544,Myntra,Myntra,2026-08-01 18:38:59,,Extremely disappointing,Disappointed with this H&M Trousers. Color looks completely different than the picture. Sizing exchange is taking forever.,3.0,https://myntra.com/product/gen_544,H&M Trousers,p_id_23007,Trousers,H&M,,
myntra_fallback_545,Myntra,Myntra,2026-08-09 18:38:59,,Extremely disappointing,Extremely poor experience with the HRX Shoes. Color looks completely different than the picture. Suggest buying one size up for a better fit.,3.0,https://myntra.com/product/gen_545,HRX Shoes,p_id_97273,Shoes,HRX,,
myntra_fallback_546,Myntra,Myntra,2026-08-14 18:38:59,,Beautiful fit and quality,"Very satisfied with this Zara Trousers. The fabric is thick, soft, and feels premium. Delivery was super fast.",4.0,https://myntra.com/product/gen_546,Zara Trousers,p_id_82424,Trousers,Zara,,
myntra_fallback_547,Myntra,Myntra,2026-07-06 18:38:59,,Extremely disappointing,"Okay product, but not great Roadster Dresses. Stitching came loose after the first wash. Sizing exchange is taking forever.",1.0,https://myntra.com/product/gen_547,Roadster Dresses,p_id_83799,Dresses,Roadster,,
myntra_fallback_548,Myntra,Myntra,2026-06-29 18:38:59,,Extremely disappointing,"Okay product, but not great W Jeans. Color looks completely different than the picture. Wishlist item that turned out to be a disappointment.",3.0,https://myntra.com/product/gen_548,W Jeans,p_id_43367,Jeans,W,,
myntra_fallback_549,Myntra,Myntra,2026-07-06 18:38:59,,Beautiful fit and quality,"Excellent quality for the Here&Now Shirts. The fabric is thick, soft, and feels premium. Value for money purchase.",4.0,https://myntra.com/product/gen_549,Here&Now Shirts,p_id_49639,Shirts,Here&Now,,
myntra_fallback_550,Myntra,Myntra,2026-06-18 18:38:59,,Beautiful fit and quality,Excellent quality for the W Trousers. No color bleeding after first wash. Delivery was super fast.,4.0,https://myntra.com/product/gen_550,W Trousers,p_id_83291,Trousers,W,,
myntra_fallback_551,Myntra,Myntra,2026-06-29 18:38:59,,Extremely disappointing,Disappointed with this Libas Trousers. Stitching came loose after the first wash. Wishlist item that turned out to be a disappointment.,3.0,https://myntra.com/product/gen_551,Libas Trousers,p_id_38591,Trousers,Libas,,
myntra_fallback_552,Myntra,Myntra,2026-06-21 18:38:59,,Beautiful fit and quality,"Highly recommend this W Kurtas. The fabric is thick, soft, and feels premium. Delivery was super fast.",4.0,https://myntra.com/product/gen_552,W Kurtas,p_id_38544,Kurtas,W,,
myntra_fallback_553,Myntra,Myntra,2026-07-27 18:38:59,,Extremely disappointing,"Average quality for this Libas Kurtas. Sizing chart was completely wrong, fits very tight. Suggest buying one size up for a better fit.",3.0,https://myntra.com/product/gen_553,Libas Kurtas,p_id_66037,Kurtas,Libas,,
myntra_fallback_554,Myntra,Myntra,2026-06-25 18:38:59,,Extremely disappointing,"Disappointed with this H&M Shirts. Stitching came loose after the first wash. Not worth the price, do not buy.",3.0,https://myntra.com/product/gen_554,H&M Shirts,p_id_86455,Shirts,H&M,,
myntra_fallback_555,Myntra,Myntra,2026-07-02 18:38:59,,Extremely disappointing,Extremely poor experience with the Anouk Tops. Stitching came loose after the first wash. Will return it and request a refund.,2.0,https://myntra.com/product/gen_555,Anouk Tops,p_id_13019,Tops,Anouk,,
myntra_fallback_556,Myntra,Myntra,2026-08-19 18:38:59,,Beautiful fit and quality,Highly recommend this Mast & Harbour Kurtas. True to size. Sizing fits me perfectly. Value for money purchase.,4.0,https://myntra.com/product/gen_556,Mast & Harbour Kurtas,p_id_15463,Kurtas,Mast & Harbour,,
myntra_fallback_557,Myntra,Myntra,2026-06-15 18:38:59,,Extremely disappointing,Very bad fit of the H&M Trousers. The material is very thin and transparent. Wishlist item that turned out to be a disappointment.,3.0,https://myntra.com/product/gen_557,H&M Trousers,p_id_54336,Trousers,H&M,,
myntra_fallback_558,Myntra,Myntra,2026-08-06 18:38:59,,Extremely disappointing,Disappointed with this Mast & Harbour T-shirts. The material is very thin and transparent. Sizing exchange is taking forever.,3.0,https://myntra.com/product/gen_558,Mast & Harbour T-shirts,p_id_88167,T-shirts,Mast & Harbour,,
myntra_fallback_559,Myntra,Myntra,2026-07-11 18:38:59,,Beautiful fit and quality,"Highly recommend this Anouk Dresses. The color is exactly as shown in the catalog. Had it in wishlist for weeks, glad I bought it.",5.0,https://myntra.com/product/gen_559,Anouk Dresses,p_id_70467,Dresses,Anouk,,
myntra_fallback_560,Myntra,Myntra,2026-06-28 18:38:59,,Extremely disappointing,"Extremely poor experience with the Mast & Harbour Shoes. Fabric feels rough and synthetic, not pure cotton. Not worth the price, do not buy.",1.0,https://myntra.com/product/gen_560,Mast & Harbour Shoes,p_id_87990,Shoes,Mast & Harbour,,
myntra_fallback_561,Myntra,Myntra,2026-07-31 18:38:59,,Beautiful fit and quality,Superb fit and comfort for Libas Kurtas. Perfect for wedding wear or festive occasions. Will definitely buy more from this brand.,4.0,https://myntra.com/product/gen_561,Libas Kurtas,p_id_35674,Kurtas,Libas,,
myntra_fallback_562,Myntra,Myntra,2026-07-20 18:38:59,,Beautiful fit and quality,Great purchase of this Here&Now Sarees. Perfect for wedding wear or festive occasions. Will definitely buy more from this brand.,4.0,https://myntra.com/product/gen_562,Here&Now Sarees,p_id_73448,Sarees,Here&Now,,
myntra_fallback_563,Myntra,Myntra,2026-07-16 18:38:59,,Extremely disappointing,"Very bad fit of the W T-shirts. Sizing chart was completely wrong, fits very tight. Will return it and request a refund.",3.0,https://myntra.com/product/gen_563,W T-shirts,p_id_12956,T-shirts,W,,
myntra_fallback_564,Myntra,Myntra,2026-08-11 18:38:59,,Beautiful fit and quality,Very satisfied with this Zara Trousers. True to size. Sizing fits me perfectly. Value for money purchase.,5.0,https://myntra.com/product/gen_564,Zara Trousers,p_id_67633,Trousers,Zara,,
myntra_fallback_565,Myntra,Myntra,2026-08-16 18:38:59,,Beautiful fit and quality,"Highly recommend this H&M Sarees. Perfect for wedding wear or festive occasions. Had it in wishlist for weeks, glad I bought it.",5.0,https://myntra.com/product/gen_565,H&M Sarees,p_id_88482,Sarees,H&M,,
myntra_fallback_566,Myntra,Myntra,2026-06-06 18:38:59,,Extremely disappointing,"Disappointed with this Libas Kurtas. Fabric feels rough and synthetic, not pure cotton. Sizing exchange is taking forever.",1.0,https://myntra.com/product/gen_566,Libas Kurtas,p_id_39343,Kurtas,Libas,,
myntra_fallback_567,Myntra,Myntra,2026-06-26 18:38:59,,Extremely disappointing,"Okay product, but not great Roadster Shirts. The material is very thin and transparent. Will return it and request a refund.",2.0,https://myntra.com/product/gen_567,Roadster Shirts,p_id_31187,Shirts,Roadster,,
myntra_fallback_568,Myntra,Myntra,2026-07-14 18:38:59,,Extremely disappointing,"Okay product, but not great Zara Jeans. Sizing chart was completely wrong, fits very tight. Sizing exchange is taking forever.",3.0,https://myntra.com/product/gen_568,Zara Jeans,p_id_73568,Jeans,Zara,,
myntra_fallback_569,Myntra,Myntra,2026-06-27 18:38:59,,Extremely disappointing,"Extremely poor experience with the Libas Shirts. Fabric feels rough and synthetic, not pure cotton. Sizing exchange is taking forever.",1.0,https://myntra.com/product/gen_569,Libas Shirts,p_id_91323,Shirts,Libas,,
myntra_fallback_570,Myntra,Myntra,2026-05-27 18:38:59,,Beautiful fit and quality,"Highly recommend this W Shoes. The fabric is thick, soft, and feels premium. Perfect addition to my wardrobe.",4.0,https://myntra.com/product/gen_570,W Shoes,p_id_44136,Shoes,W,,
myntra_fallback_571,Myntra,Myntra,2026-08-05 18:38:59,,Beautiful fit and quality,Superb fit and comfort for W T-shirts. The color is exactly as shown in the catalog. Value for money purchase.,4.0,https://myntra.com/product/gen_571,W T-shirts,p_id_84731,T-shirts,W,,
myntra_fallback_572,Myntra,Myntra,2026-06-30 18:38:59,,Extremely disappointing,"Disappointed with this Here&Now Shoes. Sizing chart was completely wrong, fits very tight. Not worth the price, do not buy.",2.0,https://myntra.com/product/gen_572,Here&Now Shoes,p_id_87970,Shoes,Here&Now,,
myntra_fallback_573,Myntra,Myntra,2026-07-13 18:38:59,,Extremely disappointing,"Average quality for this Mast & Harbour Shirts. Fabric feels rough and synthetic, not pure cotton. Sizing exchange is taking forever.",1.0,https://myntra.com/product/gen_573,Mast & Harbour Shirts,p_id_97760,Shirts,Mast & Harbour,,
myntra_fallback_574,Myntra,Myntra,2026-08-01 18:38:59,,Extremely disappointing,Disappointed with this H&M Shoes. The material is very thin and transparent. Will return it and request a refund.,2.0,https://myntra.com/product/gen_574,H&M Shoes,p_id_55577,Shoes,H&M,,
myntra_fallback_575,Myntra,Myntra,2026-07-24 18:38:59,,Extremely disappointing,Extremely poor experience with the H&M T-shirts. Stitching came loose after the first wash. Wishlist item that turned out to be a disappointment.,3.0,https://myntra.com/product/gen_575,H&M T-shirts,p_id_69764,T-shirts,H&M,,
myntra_fallback_576,Myntra,Myntra,2026-07-24 18:38:59,,Extremely disappointing,Extremely poor experience with the Zara Kurtas. The material is very thin and transparent. Suggest buying one size up for a better fit.,2.0,https://myntra.com/product/gen_576,Zara Kurtas,p_id_11634,Kurtas,Zara,,
myntra_fallback_577,Myntra,Myntra,2026-06-01 18:38:59,,Beautiful fit and quality,"Excellent quality for the H&M Tops. The color is exactly as shown in the catalog. Had it in wishlist for weeks, glad I bought it.",5.0,https://myntra.com/product/gen_577,H&M Tops,p_id_95525,Tops,H&M,,
myntra_fallback_578,Myntra,Myntra,2026-07-20 18:38:59,,Beautiful fit and quality,"Superb fit and comfort for Mast & Harbour Shoes. The fabric is thick, soft, and feels premium. Perfect addition to my wardrobe.",5.0,https://myntra.com/product/gen_578,Mast & Harbour Shoes,p_id_40072,Shoes,Mast & Harbour,,
myntra_fallback_579,Myntra,Myntra,2026-06-17 18:38:59,,Extremely disappointing,"Okay product, but not great Anouk Shoes. Fabric feels rough and synthetic, not pure cotton. Not worth the price, do not buy.",3.0,https://myntra.com/product/gen_579,Anouk Shoes,p_id_63313,Shoes,Anouk,,
myntra_fallback_580,Myntra,Myntra,2026-06-21 18:38:59,,Beautiful fit and quality,Superb fit and comfort for HRX Shirts. Perfect for wedding wear or festive occasions. Value for money purchase.,4.0,https://myntra.com/product/gen_580,HRX Shirts,p_id_67738,Shirts,HRX,,
myntra_fallback_581,Myntra,Myntra,2026-07-27 18:38:59,,Extremely disappointing,"Very bad fit of the Libas Kurtas. Fabric feels rough and synthetic, not pure cotton. Wishlist item that turned out to be a disappointment.",3.0,https://myntra.com/product/gen_581,Libas Kurtas,p_id_32374,Kurtas,Libas,,
myntra_fallback_582,Myntra,Myntra,2026-08-09 18:38:59,,Beautiful fit and quality,Highly recommend this Zara Dresses. The color is exactly as shown in the catalog. Perfect addition to my wardrobe.,4.0,https://myntra.com/product/gen_582,Zara Dresses,p_id_73616,Dresses,Zara,,
myntra_fallback_583,Myntra,Myntra,2026-06-23 18:38:59,,Extremely disappointing,Very bad fit of the HRX Jeans. Color looks completely different than the picture. Suggest buying one size up for a better fit.,3.0,https://myntra.com/product/gen_583,HRX Jeans,p_id_21216,Jeans,HRX,,
myntra_fallback_584,Myntra,Myntra,2026-07-31 18:38:59,,Extremely disappointing,Very bad fit of the Anouk Sarees. Stitching came loose after the first wash. Sizing exchange is taking forever.,2.0,https://myntra.com/product/gen_584,Anouk Sarees,p_id_92081,Sarees,Anouk,,
myntra_fallback_585,Myntra,Myntra,2026-08-10 18:38:59,,Extremely disappointing,"Disappointed with this Anouk Kurtas. The material is very thin and transparent. Not worth the price, do not buy.",1.0,https://myntra.com/product/gen_585,Anouk Kurtas,p_id_31057,Kurtas,Anouk,,
myntra_fallback_586,Myntra,Myntra,2026-07-13 18:38:59,,Extremely disappointing,"Average quality for this W Trousers. Fabric feels rough and synthetic, not pure cotton. Suggest buying one size up for a better fit.",2.0,https://myntra.com/product/gen_586,W Trousers,p_id_80617,Trousers,W,,
myntra_fallback_587,Myntra,Myntra,2026-08-03 18:38:59,,Extremely disappointing,"Okay product, but not great H&M Shirts. The material is very thin and transparent. Wishlist item that turned out to be a disappointment.",2.0,https://myntra.com/product/gen_587,H&M Shirts,p_id_21148,Shirts,H&M,,
myntra_fallback_588,Myntra,Myntra,2026-06-28 18:38:59,,Extremely disappointing,Disappointed with this Mast & Harbour Trousers. Stitching came loose after the first wash. Sizing exchange is taking forever.,2.0,https://myntra.com/product/gen_588,Mast & Harbour Trousers,p_id_62485,Trousers,Mast & Harbour,,
myntra_fallback_589,Myntra,Myntra,2026-05-29 18:38:59,,Extremely disappointing,"Very bad fit of the W Kurtas. Fabric feels rough and synthetic, not pure cotton. Suggest buying one size up for a better fit.",3.0,https://myntra.com/product/gen_589,W Kurtas,p_id_12268,Kurtas,W,,
myntra_fallback_590,Myntra,Myntra,2026-07-30 18:38:59,,Extremely disappointing,"Okay product, but not great Roadster Shirts. Fabric feels rough and synthetic, not pure cotton. Suggest buying one size up for a better fit.",1.0,https://myntra.com/product/gen_590,Roadster Shirts,p_id_16100,Shirts,Roadster,,
myntra_fallback_591,Myntra,Myntra,2026-07-05 18:38:59,,Extremely disappointing,"Okay product, but not great W Sarees. Sizing chart was completely wrong, fits very tight. Suggest buying one size up for a better fit.",2.0,https://myntra.com/product/gen_591,W Sarees,p_id_40626,Sarees,W,,
myntra_fallback_592,Myntra,Myntra,2026-08-23 18:38:59,,Extremely disappointing,"Disappointed with this Zara Tops. Fabric feels rough and synthetic, not pure cotton. Wishlist item that turned out to be a disappointment.",1.0,https://myntra.com/product/gen_592,Zara Tops,p_id_75667,Tops,Zara,,
myntra_fallback_593,Myntra,Myntra,2026-08-23 18:38:59,,Beautiful fit and quality,Very satisfied with this W Tops. Perfect for wedding wear or festive occasions. Value for money purchase.,4.0,https://myntra.com/product/gen_593,W Tops,p_id_55226,Tops,W,,
myntra_fallback_594,Myntra,Myntra,2026-08-20 18:38:59,,Beautiful fit and quality,Very satisfied with this Roadster Tops. The color is exactly as shown in the catalog. Delivery was super fast.,5.0,https://myntra.com/product/gen_594,Roadster Tops,p_id_99239,Tops,Roadster,,
myntra_fallback_595,Myntra,Myntra,2026-06-06 18:38:59,,Extremely disappointing,Very bad fit of the W Kurtas. Stitching came loose after the first wash. Wishlist item that turned out to be a disappointment.,3.0,https://myntra.com/product/gen_595,W Kurtas,p_id_83018,Kurtas,W,,
myntra_fallback_596,Myntra,Myntra,2026-08-11 18:38:59,,Extremely disappointing,"Very bad fit of the Anouk Kurtas. Fabric feels rough and synthetic, not pure cotton. Not worth the price, do not buy.",2.0,https://myntra.com/product/gen_596,Anouk Kurtas,p_id_56166,Kurtas,Anouk,,
myntra_fallback_597,Myntra,Myntra,2026-07-25 18:38:59,,Beautiful fit and quality,Highly recommend this H&M Dresses. The color is exactly as shown in the catalog. Delivery was super fast.,4.0,https://myntra.com/product/gen_597,H&M Dresses,p_id_61029,Dresses,H&M,,
myntra_fallback_598,Myntra,Myntra,2026-06-03 18:38:59,,Beautiful fit and quality,"Great purchase of this H&M Kurtas. No color bleeding after first wash. Had it in wishlist for weeks, glad I bought it.",4.0,https://myntra.com/product/gen_598,H&M Kurtas,p_id_33182,Kurtas,H&M,,
myntra_fallback_599,Myntra,Myntra,2026-08-12 18:38:59,,Beautiful fit and quality,Very satisfied with this HRX Shoes. No color bleeding after first wash. Value for money purchase.,4.0,https://myntra.com/product/gen_599,HRX Shoes,p_id_24053,Shoes,HRX,,
fc_post_0,Fashion Community,Fashion Community,2026-07-14 18:38:59,User_410,Community recommendation request,Looking for recommendations on western dresses for birthday party. I'm worried about color bleeding after washing. Any coupon codes currently working?,,,,,IndianFashionAddicts,,192.0,
fc_post_1,Fashion Community,Fashion Community,2026-07-22 18:38:59,User_722,Community recommendation request,Has anyone bought best fit jeans under 1500. How is the fabric thickness for daily wear? Any coupon codes currently working?,,,,,IndianFashionAddicts,,222.0,
fc_post_2,Fashion Community,Fashion Community,2026-07-18 18:38:59,User_213,Community recommendation request,Help me choose between premium leather shoes on Myntra. I'm worried about color bleeding after washing. Does it shrink after washing?,,,,,IndianFashionAddicts,,228.0,
fc_post_3,Fashion Community,Fashion Community,2026-06-22 18:38:59,User_645,Community recommendation request,Has anyone bought best fit jeans under 1500. How is the fabric thickness for daily wear? Any advice from those who bought it?,,,,,IndianFashionAddicts,,80.0,
fc_post_4,Fashion Community,Fashion Community,2026-06-28 18:38:59,User_480,Community recommendation request,"General sizing query regarding western dresses for birthday party. The size chart is confusing me, is it true to size? Does it shrink after washing?",,,,,IndianFashionAddicts,,206.0,
fc_post_5,Fashion Community,Fashion Community,2026-06-27 18:38:59,User_843,Community recommendation request,"Comparison question for everyone: premium leather shoes on Myntra. I have 10 of these in my wishlist, choice paralysis is real. Should I go one size higher?",,,,,IndianFashionAddicts,,209.0,
fc_post_6,Fashion Community,Fashion Community,2026-07-11 18:38:59,User_853,Community recommendation request,Has anyone bought high quality cotton ethnic wear. I'm worried about color bleeding after washing. Is Ajio a better option for this brand?,,,,,IndianFashionAddicts,,163.0,
fc_post_7,Fashion Community,Fashion Community,2026-07-21 18:38:59,User_880,Community recommendation request,Comparison question for everyone: best fit jeans under 1500. I need fit confidence before placing the order. Any coupon codes currently working?,,,,,IndianFashionAddicts,,3.0,
fc_post_8,Fashion Community,Fashion Community,2026-07-30 18:38:59,User_380,Community recommendation request,Looking for recommendations on best fit jeans under 1500. How is the fabric thickness for daily wear? Should I go one size higher?,,,,,IndianFashionAddicts,,133.0,
fc_post_9,Fashion Community,Fashion Community,2026-07-15 18:38:59,User_647,Community recommendation request,Help me choose between Roadster vs Anouk kurtas. I'm worried about color bleeding after washing. Does it shrink after washing?,,,,,IndianFashionAddicts,,128.0,
fc_post_10,Fashion Community,Fashion Community,2026-06-03 18:38:59,User_330,Community recommendation request,General sizing query regarding high quality cotton ethnic wear. I'm worried about color bleeding after washing. Any coupon codes currently working?,,,,,IndianFashionAddicts,,218.0,
fc_post_11,Fashion Community,Fashion Community,2026-08-17 18:38:59,User_346,Community recommendation request,Help me choose between western dresses for birthday party. I'm worried about color bleeding after washing. Does it shrink after washing?,,,,,IndianFashionAddicts,,133.0,
fc_post_12,Fashion Community,Fashion Community,2026-07-19 18:38:59,User_724,Community recommendation request,Looking for recommendations on premium leather shoes on Myntra. How is the fabric thickness for daily wear? Does it shrink after washing?,,,,,IndianFashionAddicts,,4.0,
fc_post_13,Fashion Community,Fashion Community,2026-07-05 18:38:59,User_874,Community recommendation request,"Has anyone bought best fit jeans under 1500. I have 10 of these in my wishlist, choice paralysis is real. Should I go one size higher?",,,,,IndianFashionAddicts,,245.0,
fc_post_14,Fashion Community,Fashion Community,2026-08-16 18:38:59,User_585,Community recommendation request,Looking for recommendations on western dresses for birthday party. I need fit confidence before placing the order. Any coupon codes currently working?,,,,,IndianFashionAddicts,,163.0,
fc_post_15,Fashion Community,Fashion Community,2026-08-06 18:38:59,User_726,Community recommendation request,Looking for recommendations on best fit jeans under 1500. I'm worried about color bleeding after washing. Does it shrink after washing?,,,,,IndianFashionAddicts,,215.0,
fc_post_16,Fashion Community,Fashion Community,2026-08-18 18:38:59,User_170,Community recommendation request,"Help me choose between best fit jeans under 1500. The size chart is confusing me, is it true to size? Any coupon codes currently working?",,,,,IndianFashionAddicts,,54.0,
fc_post_17,Fashion Community,Fashion Community,2026-08-16 18:38:59,User_821,Community recommendation request,"Comparison question for everyone: high quality cotton ethnic wear. The size chart is confusing me, is it true to size? Any coupon codes currently working?",,,,,IndianFashionAddicts,,87.0,
fc_post_18,Fashion Community,Fashion Community,2026-07-10 18:38:59,User_122,Community recommendation request,"Has anyone bought western dresses for birthday party. The size chart is confusing me, is it true to size? Should I go one size higher?",,,,,IndianFashionAddicts,,46.0,
fc_post_19,Fashion Community,Fashion Community,2026-07-26 18:38:59,User_399,Community recommendation request,"Help me choose between Roadster vs Anouk kurtas. The size chart is confusing me, is it true to size? Is Ajio a better option for this brand?",,,,,IndianFashionAddicts,,131.0,
fc_post_20,Fashion Community,Fashion Community,2026-07-11 18:38:59,User_794,Community recommendation request,Has anyone bought high quality cotton ethnic wear. I'm worried about color bleeding after washing. Any advice from those who bought it?,,,,,IndianFashionAddicts,,50.0,
fc_post_21,Fashion Community,Fashion Community,2026-08-13 18:38:59,User_362,Community recommendation request,Help me choose between premium leather shoes on Myntra. I need fit confidence before placing the order. Does it shrink after washing?,,,,,IndianFashionAddicts,,163.0,
fc_post_22,Fashion Community,Fashion Community,2026-08-07 18:38:59,User_762,Community recommendation request,Help me choose between best fit jeans under 1500. How is the fabric thickness for daily wear? Should I go one size higher?,,,,,IndianFashionAddicts,,15.0,
fc_post_23,Fashion Community,Fashion Community,2026-06-17 18:38:59,User_425,Community recommendation request,"Has anyone bought Roadster vs Anouk kurtas. I have 10 of these in my wishlist, choice paralysis is real. Should I go one size higher?",,,,,IndianFashionAddicts,,46.0,
fc_post_24,Fashion Community,Fashion Community,2026-08-11 18:38:59,User_618,Community recommendation request,Has anyone bought premium leather shoes on Myntra. I'm worried about color bleeding after washing. Any coupon codes currently working?,,,,,IndianFashionAddicts,,189.0,
fc_post_25,Fashion Community,Fashion Community,2026-08-22 18:38:59,User_133,Community recommendation request,Help me choose between Roadster vs Anouk kurtas. I need fit confidence before placing the order. Does it shrink after washing?,,,,,IndianFashionAddicts,,208.0,
fc_post_26,Fashion Community,Fashion Community,2026-08-19 18:38:59,User_549,Community recommendation request,"General sizing query regarding high quality cotton ethnic wear. I have 10 of these in my wishlist, choice paralysis is real. Does it shrink after washing?",,,,,IndianFashionAddicts,,235.0,
fc_post_27,Fashion Community,Fashion Community,2026-07-08 18:38:59,User_609,Community recommendation request,Help me choose between high quality cotton ethnic wear. I'm worried about color bleeding after washing. Should I go one size higher?,,,,,IndianFashionAddicts,,225.0,
fc_post_28,Fashion Community,Fashion Community,2026-07-23 18:38:59,User_283,Community recommendation request,"Has anyone bought best fit jeans under 1500. I have 10 of these in my wishlist, choice paralysis is real. Is Ajio a better option for this brand?",,,,,IndianFashionAddicts,,213.0,
fc_post_29,Fashion Community,Fashion Community,2026-07-20 18:38:59,User_851,Community recommendation request,Comparison question for everyone: Roadster vs Anouk kurtas. I'm worried about color bleeding after washing. Any coupon codes currently working?,,,,,IndianFashionAddicts,,43.0,
fc_post_30,Fashion Community,Fashion Community,2026-05-27 18:38:59,User_497,Community recommendation request,Comparison question for everyone: best fit jeans under 1500. How is the fabric thickness for daily wear? Any coupon codes currently working?,,,,,IndianFashionAddicts,,186.0,
fc_post_31,Fashion Community,Fashion Community,2026-08-13 18:38:59,User_239,Community recommendation request,General sizing query regarding western dresses for birthday party. I need fit confidence before placing the order. Is Ajio a better option for this brand?,,,,,IndianFashionAddicts,,111.0,
fc_post_32,Fashion Community,Fashion Community,2026-07-05 18:38:59,User_799,Community recommendation request,"Help me choose between high quality cotton ethnic wear. The size chart is confusing me, is it true to size? Should I go one size higher?",,,,,IndianFashionAddicts,,58.0,
fc_post_33,Fashion Community,Fashion Community,2026-07-21 18:38:59,User_787,Community recommendation request,Help me choose between premium leather shoes on Myntra. I'm worried about color bleeding after washing. Any advice from those who bought it?,,,,,IndianFashionAddicts,,68.0,
fc_post_34,Fashion Community,Fashion Community,2026-08-13 18:38:59,User_528,Community recommendation request,"Looking for recommendations on best fit jeans under 1500. The size chart is confusing me, is it true to size? Is Ajio a better option for this brand?",,,,,IndianFashionAddicts,,8.0,
fc_post_35,Fashion Community,Fashion Community,2026-05-28 18:38:59,User_119,Community recommendation request,"Looking for recommendations on western dresses for birthday party. The size chart is confusing me, is it true to size? Any coupon codes currently working?",,,,,IndianFashionAddicts,,212.0,
fc_post_36,Fashion Community,Fashion Community,2026-05-29 18:38:59,User_716,Community recommendation request,Comparison question for everyone: western dresses for birthday party. How is the fabric thickness for daily wear? Is Ajio a better option for this brand?,,,,,IndianFashionAddicts,,104.0,
fc_post_37,Fashion Community,Fashion Community,2026-07-21 18:38:59,User_277,Community recommendation request,"General sizing query regarding Roadster vs Anouk kurtas. The size chart is confusing me, is it true to size? Any advice from those who bought it?",,,,,IndianFashionAddicts,,157.0,
fc_post_38,Fashion Community,Fashion Community,2026-05-28 18:38:59,User_832,Community recommendation request,Has anyone bought best fit jeans under 1500. I'm worried about color bleeding after washing. Any advice from those who bought it?,,,,,IndianFashionAddicts,,195.0,
fc_post_39,Fashion Community,Fashion Community,2026-05-29 18:38:59,User_743,Community recommendation request,Help me choose between Roadster vs Anouk kurtas. How is the fabric thickness for daily wear? Is Ajio a better option for this brand?,,,,,IndianFashionAddicts,,238.0,
fc_post_40,Fashion Community,Fashion Community,2026-07-02 18:38:59,User_864,Community recommendation request,General sizing query regarding best fit jeans under 1500. I need fit confidence before placing the order. Is Ajio a better option for this brand?,,,,,IndianFashionAddicts,,17.0,
fc_post_41,Fashion Community,Fashion Community,2026-06-27 18:38:59,User_660,Community recommendation request,Looking for recommendations on western dresses for birthday party. How is the fabric thickness for daily wear? Any advice from those who bought it?,,,,,IndianFashionAddicts,,151.0,
fc_post_42,Fashion Community,Fashion Community,2026-07-18 18:38:59,User_277,Community recommendation request,Looking for recommendations on best fit jeans under 1500. I'm worried about color bleeding after washing. Should I go one size higher?,,,,,IndianFashionAddicts,,249.0,
fc_post_43,Fashion Community,Fashion Community,2026-06-11 18:38:59,User_802,Community recommendation request,Comparison question for everyone: premium leather shoes on Myntra. I'm worried about color bleeding after washing. Should I go one size higher?,,,,,IndianFashionAddicts,,177.0,
fc_post_44,Fashion Community,Fashion Community,2026-08-06 18:38:59,User_172,Community recommendation request,Help me choose between best fit jeans under 1500. I'm worried about color bleeding after washing. Does it shrink after washing?,,,,,IndianFashionAddicts,,107.0,
fc_post_45,Fashion Community,Fashion Community,2026-08-14 18:38:59,User_956,Community recommendation request,Has anyone bought high quality cotton ethnic wear. I'm worried about color bleeding after washing. Does it shrink after washing?,,,,,IndianFashionAddicts,,116.0,
fc_post_46,Fashion Community,Fashion Community,2026-07-20 18:38:59,User_641,Community recommendation request,General sizing query regarding western dresses for birthday party. I need fit confidence before placing the order. Any coupon codes currently working?,,,,,IndianFashionAddicts,,203.0,
fc_post_47,Fashion Community,Fashion Community,2026-05-28 18:38:59,User_493,Community recommendation request,Comparison question for everyone: high quality cotton ethnic wear. I need fit confidence before placing the order. Should I go one size higher?,,,,,IndianFashionAddicts,,27.0,
fc_post_48,Fashion Community,Fashion Community,2026-07-17 18:38:59,User_699,Community recommendation request,Comparison question for everyone: Roadster vs Anouk kurtas. How is the fabric thickness for daily wear? Any coupon codes currently working?,,,,,IndianFashionAddicts,,119.0,
fc_post_49,Fashion Community,Fashion Community,2026-08-18 18:38:59,User_502,Community recommendation request,"Comparison question for everyone: western dresses for birthday party. I have 10 of these in my wishlist, choice paralysis is real. Does it shrink after washing?",,,,,IndianFashionAddicts,,79.0,
fc_post_50,Fashion Community,Fashion Community,2026-08-07 18:38:59,User_192,Community recommendation request,"Has anyone bought western dresses for birthday party. The size chart is confusing me, is it true to size? Does it shrink after washing?",,,,,IndianFashionAddicts,,164.0,
fc_post_51,Fashion Community,Fashion Community,2026-08-20 18:38:59,User_410,Community recommendation request,Looking for recommendations on premium leather shoes on Myntra. I'm worried about color bleeding after washing. Should I go one size higher?,,,,,IndianFashionAddicts,,211.0,
fc_post_52,Fashion Community,Fashion Community,2026-05-28 18:38:59,User_966,Community recommendation request,"Comparison question for everyone: premium leather shoes on Myntra. I have 10 of these in my wishlist, choice paralysis is real. Does it shrink after washing?",,,,,IndianFashionAddicts,,85.0,
fc_post_53,Fashion Community,Fashion Community,2026-06-02 18:38:59,User_104,Community recommendation request,Looking for recommendations on best fit jeans under 1500. I'm worried about color bleeding after washing. Any advice from those who bought it?,,,,,IndianFashionAddicts,,79.0,
fc_post_54,Fashion Community,Fashion Community,2026-08-04 18:38:59,User_224,Community recommendation request,Has anyone bought western dresses for birthday party. I need fit confidence before placing the order. Any coupon codes currently working?,,,,,IndianFashionAddicts,,246.0,
fc_post_55,Fashion Community,Fashion Community,2026-06-06 18:38:59,User_365,Community recommendation request,Looking for recommendations on high quality cotton ethnic wear. I need fit confidence before placing the order. Any coupon codes currently working?,,,,,IndianFashionAddicts,,177.0,
fc_post_56,Fashion Community,Fashion Community,2026-07-19 18:38:59,User_706,Community recommendation request,Comparison question for everyone: premium leather shoes on Myntra. I need fit confidence before placing the order. Any coupon codes currently working?,,,,,IndianFashionAddicts,,67.0,
fc_post_57,Fashion Community,Fashion Community,2026-06-10 18:38:59,User_591,Community recommendation request,Comparison question for everyone: premium leather shoes on Myntra. I'm worried about color bleeding after washing. Does it shrink after washing?,,,,,IndianFashionAddicts,,213.0,
fc_post_58,Fashion Community,Fashion Community,2026-07-16 18:38:59,User_942,Community recommendation request,Looking for recommendations on Roadster vs Anouk kurtas. How is the fabric thickness for daily wear? Any coupon codes currently working?,,,,,IndianFashionAddicts,,47.0,
fc_post_59,Fashion Community,Fashion Community,2026-06-16 18:38:59,User_458,Community recommendation request,General sizing query regarding western dresses for birthday party. How is the fabric thickness for daily wear? Should I go one size higher?,,,,,IndianFashionAddicts,,137.0,
fc_post_60,Fashion Community,Fashion Community,2026-06-04 18:38:59,User_171,Community recommendation request,Has anyone bought western dresses for birthday party. I'm worried about color bleeding after washing. Any coupon codes currently working?,,,,,IndianFashionAddicts,,11.0,
fc_post_61,Fashion Community,Fashion Community,2026-07-18 18:38:59,User_122,Community recommendation request,General sizing query regarding western dresses for birthday party. I'm worried about color bleeding after washing. Any advice from those who bought it?,,,,,IndianFashionAddicts,,159.0,
fc_post_62,Fashion Community,Fashion Community,2026-08-07 18:38:59,User_357,Community recommendation request,"Help me choose between western dresses for birthday party. The size chart is confusing me, is it true to size? Any coupon codes currently working?",,,,,IndianFashionAddicts,,114.0,
fc_post_63,Fashion Community,Fashion Community,2026-06-27 18:38:59,User_658,Community recommendation request,Comparison question for everyone: premium leather shoes on Myntra. I'm worried about color bleeding after washing. Any advice from those who bought it?,,,,,IndianFashionAddicts,,214.0,
fc_post_64,Fashion Community,Fashion Community,2026-07-02 18:38:59,User_326,Community recommendation request,"Comparison question for everyone: Roadster vs Anouk kurtas. The size chart is confusing me, is it true to size? Any coupon codes currently working?",,,,,IndianFashionAddicts,,119.0,
fc_post_65,Fashion Community,Fashion Community,2026-06-23 18:38:59,User_170,Community recommendation request,General sizing query regarding premium leather shoes on Myntra. I need fit confidence before placing the order. Should I go one size higher?,,,,,IndianFashionAddicts,,141.0,
fc_post_66,Fashion Community,Fashion Community,2026-07-01 18:38:59,User_331,Community recommendation request,"Help me choose between high quality cotton ethnic wear. I have 10 of these in my wishlist, choice paralysis is real. Should I go one size higher?",,,,,IndianFashionAddicts,,210.0,
fc_post_67,Fashion Community,Fashion Community,2026-06-21 18:38:59,User_430,Community recommendation request,"Help me choose between western dresses for birthday party. The size chart is confusing me, is it true to size? Does it shrink after washing?",,,,,IndianFashionAddicts,,164.0,
fc_post_68,Fashion Community,Fashion Community,2026-06-13 18:38:59,User_966,Community recommendation request,General sizing query regarding Roadster vs Anouk kurtas. I'm worried about color bleeding after washing. Is Ajio a better option for this brand?,,,,,IndianFashionAddicts,,210.0,
fc_post_69,Fashion Community,Fashion Community,2026-08-05 18:38:59,User_322,Community recommendation request,"Looking for recommendations on high quality cotton ethnic wear. The size chart is confusing me, is it true to size? Any advice from those who bought it?",,,,,IndianFashionAddicts,,128.0,
fc_post_70,Fashion Community,Fashion Community,2026-07-21 18:38:59,User_639,Community recommendation request,"Comparison question for everyone: high quality cotton ethnic wear. The size chart is confusing me, is it true to size? Does it shrink after washing?",,,,,IndianFashionAddicts,,148.0,
fc_post_71,Fashion Community,Fashion Community,2026-07-03 18:38:59,User_556,Community recommendation request,"Looking for recommendations on best fit jeans under 1500. The size chart is confusing me, is it true to size? Should I go one size higher?",,,,,IndianFashionAddicts,,174.0,
fc_post_72,Fashion Community,Fashion Community,2026-07-02 18:38:59,User_371,Community recommendation request,"Looking for recommendations on best fit jeans under 1500. I have 10 of these in my wishlist, choice paralysis is real. Should I go one size higher?",,,,,IndianFashionAddicts,,60.0,
fc_post_73,Fashion Community,Fashion Community,2026-07-28 18:38:59,User_662,Community recommendation request,Looking for recommendations on high quality cotton ethnic wear. How is the fabric thickness for daily wear? Should I go one size higher?,,,,,IndianFashionAddicts,,213.0,
fc_post_74,Fashion Community,Fashion Community,2026-06-13 18:38:59,User_836,Community recommendation request,General sizing query regarding premium leather shoes on Myntra. I'm worried about color bleeding after washing. Any advice from those who bought it?,,,,,IndianFashionAddicts,,183.0,
fc_post_75,Fashion Community,Fashion Community,2026-05-26 18:38:59,User_381,Community recommendation request,Help me choose between high quality cotton ethnic wear. How is the fabric thickness for daily wear? Does it shrink after washing?,,,,,IndianFashionAddicts,,80.0,
fc_post_76,Fashion Community,Fashion Community,2026-06-30 18:38:59,User_785,Community recommendation request,General sizing query regarding western dresses for birthday party. How is the fabric thickness for daily wear? Any coupon codes currently working?,,,,,IndianFashionAddicts,,113.0,
fc_post_77,Fashion Community,Fashion Community,2026-06-22 18:38:59,User_682,Community recommendation request,Help me choose between premium leather shoes on Myntra. I'm worried about color bleeding after washing. Is Ajio a better option for this brand?,,,,,IndianFashionAddicts,,96.0,
fc_post_78,Fashion Community,Fashion Community,2026-07-07 18:38:59,User_458,Community recommendation request,Has anyone bought western dresses for birthday party. I need fit confidence before placing the order. Any advice from those who bought it?,,,,,IndianFashionAddicts,,22.0,
fc_post_79,Fashion Community,Fashion Community,2026-06-06 18:38:59,User_806,Community recommendation request,"Help me choose between premium leather shoes on Myntra. The size chart is confusing me, is it true to size? Any advice from those who bought it?",,,,,IndianFashionAddicts,,63.0,
fc_post_80,Fashion Community,Fashion Community,2026-07-16 18:38:59,User_404,Community recommendation request,Looking for recommendations on premium leather shoes on Myntra. I need fit confidence before placing the order. Is Ajio a better option for this brand?,,,,,IndianFashionAddicts,,173.0,
fc_post_81,Fashion Community,Fashion Community,2026-08-15 18:38:59,User_944,Community recommendation request,General sizing query regarding Roadster vs Anouk kurtas. How is the fabric thickness for daily wear? Any advice from those who bought it?,,,,,IndianFashionAddicts,,99.0,
fc_post_82,Fashion Community,Fashion Community,2026-05-29 18:38:59,User_108,Community recommendation request,General sizing query regarding Roadster vs Anouk kurtas. I'm worried about color bleeding after washing. Should I go one size higher?,,,,,IndianFashionAddicts,,114.0,
fc_post_83,Fashion Community,Fashion Community,2026-06-21 18:38:59,User_865,Community recommendation request,Has anyone bought premium leather shoes on Myntra. I'm worried about color bleeding after washing. Should I go one size higher?,,,,,IndianFashionAddicts,,13.0,
fc_post_84,Fashion Community,Fashion Community,2026-07-02 18:38:59,User_592,Community recommendation request,Looking for recommendations on best fit jeans under 1500. I need fit confidence before placing the order. Any coupon codes currently working?,,,,,IndianFashionAddicts,,38.0,
fc_post_85,Fashion Community,Fashion Community,2026-08-22 18:38:59,User_403,Community recommendation request,Comparison question for everyone: western dresses for birthday party. I'm worried about color bleeding after washing. Any advice from those who bought it?,,,,,IndianFashionAddicts,,37.0,
fc_post_86,Fashion Community,Fashion Community,2026-08-07 18:38:59,User_577,Community recommendation request,Help me choose between western dresses for birthday party. I need fit confidence before placing the order. Should I go one size higher?,,,,,IndianFashionAddicts,,99.0,
fc_post_87,Fashion Community,Fashion Community,2026-06-01 18:38:59,User_273,Community recommendation request,"Help me choose between premium leather shoes on Myntra. The size chart is confusing me, is it true to size? Is Ajio a better option for this brand?",,,,,IndianFashionAddicts,,112.0,
fc_post_88,Fashion Community,Fashion Community,2026-08-16 18:38:59,User_419,Community recommendation request,Looking for recommendations on western dresses for birthday party. I need fit confidence before placing the order. Is Ajio a better option for this brand?,,,,,IndianFashionAddicts,,39.0,
fc_post_89,Fashion Community,Fashion Community,2026-07-18 18:38:59,User_418,Community recommendation request,General sizing query regarding western dresses for birthday party. How is the fabric thickness for daily wear? Is Ajio a better option for this brand?,,,,,IndianFashionAddicts,,82.0,
fc_post_90,Fashion Community,Fashion Community,2026-07-04 18:38:59,User_399,Community recommendation request,"Help me choose between Roadster vs Anouk kurtas. I have 10 of these in my wishlist, choice paralysis is real. Any coupon codes currently working?",,,,,IndianFashionAddicts,,112.0,
fc_post_91,Fashion Community,Fashion Community,2026-05-26 18:38:59,User_844,Community recommendation request,Help me choose between Roadster vs Anouk kurtas. I need fit confidence before placing the order. Should I go one size higher?,,,,,IndianFashionAddicts,,237.0,
fc_post_92,Fashion Community,Fashion Community,2026-05-29 18:38:59,User_321,Community recommendation request,Has anyone bought western dresses for birthday party. How is the fabric thickness for daily wear? Any advice from those who bought it?,,,,,IndianFashionAddicts,,106.0,
fc_post_93,Fashion Community,Fashion Community,2026-06-01 18:38:59,User_283,Community recommendation request,Looking for recommendations on high quality cotton ethnic wear. I'm worried about color bleeding after washing. Should I go one size higher?,,,,,IndianFashionAddicts,,213.0,
fc_post_94,Fashion Community,Fashion Community,2026-05-31 18:38:59,User_176,Community recommendation request,Help me choose between western dresses for birthday party. I need fit confidence before placing the order. Any coupon codes currently working?,,,,,IndianFashionAddicts,,39.0,
fc_post_95,Fashion Community,Fashion Community,2026-06-28 18:38:59,User_372,Community recommendation request,Help me choose between Roadster vs Anouk kurtas. I need fit confidence before placing the order. Is Ajio a better option for this brand?,,,,,IndianFashionAddicts,,221.0,
fc_post_96,Fashion Community,Fashion Community,2026-05-27 18:38:59,User_320,Community recommendation request,General sizing query regarding premium leather shoes on Myntra. I need fit confidence before placing the order. Is Ajio a better option for this brand?,,,,,IndianFashionAddicts,,127.0,
fc_post_97,Fashion Community,Fashion Community,2026-08-15 18:38:59,User_500,Community recommendation request,Has anyone bought Roadster vs Anouk kurtas. I'm worried about color bleeding after washing. Is Ajio a better option for this brand?,,,,,IndianFashionAddicts,,244.0,
fc_post_98,Fashion Community,Fashion Community,2026-07-12 18:38:59,User_343,Community recommendation request,"Has anyone bought best fit jeans under 1500. I have 10 of these in my wishlist, choice paralysis is real. Any advice from those who bought it?",,,,,IndianFashionAddicts,,4.0,
fc_post_99,Fashion Community,Fashion Community,2026-07-11 18:38:59,User_873,Community recommendation request,"Help me choose between best fit jeans under 1500. The size chart is confusing me, is it true to size? Should I go one size higher?",,,,,IndianFashionAddicts,,5.0,
fc_post_100,Fashion Community,Fashion Community,2026-06-05 18:38:59,User_974,Community recommendation request,Help me choose between premium leather shoes on Myntra. How is the fabric thickness for daily wear? Is Ajio a better option for this brand?,,,,,IndianFashionAddicts,,162.0,
fc_post_101,Fashion Community,Fashion Community,2026-08-16 18:38:59,User_453,Community recommendation request,"General sizing query regarding best fit jeans under 1500. I have 10 of these in my wishlist, choice paralysis is real. Any advice from those who bought it?",,,,,IndianFashionAddicts,,178.0,
fc_post_102,Fashion Community,Fashion Community,2026-07-10 18:38:59,User_682,Community recommendation request,Looking for recommendations on best fit jeans under 1500. I'm worried about color bleeding after washing. Is Ajio a better option for this brand?,,,,,IndianFashionAddicts,,15.0,
fc_post_103,Fashion Community,Fashion Community,2026-07-11 18:38:59,User_989,Community recommendation request,Comparison question for everyone: Roadster vs Anouk kurtas. I'm worried about color bleeding after washing. Is Ajio a better option for this brand?,,,,,IndianFashionAddicts,,80.0,
fc_post_104,Fashion Community,Fashion Community,2026-07-14 18:38:59,User_996,Community recommendation request,"Help me choose between high quality cotton ethnic wear. The size chart is confusing me, is it true to size? Is Ajio a better option for this brand?",,,,,IndianFashionAddicts,,74.0,
fc_post_105,Fashion Community,Fashion Community,2026-06-17 18:38:59,User_704,Community recommendation request,Comparison question for everyone: best fit jeans under 1500. How is the fabric thickness for daily wear? Should I go one size higher?,,,,,IndianFashionAddicts,,30.0,
fc_post_106,Fashion Community,Fashion Community,2026-08-06 18:38:59,User_522,Community recommendation request,Looking for recommendations on premium leather shoes on Myntra. How is the fabric thickness for daily wear? Should I go one size higher?,,,,,IndianFashionAddicts,,21.0,
fc_post_107,Fashion Community,Fashion Community,2026-07-01 18:38:59,User_544,Community recommendation request,Comparison question for everyone: Roadster vs Anouk kurtas. I need fit confidence before placing the order. Does it shrink after washing?,,,,,IndianFashionAddicts,,134.0,
fc_post_108,Fashion Community,Fashion Community,2026-06-06 18:38:59,User_419,Community recommendation request,"Help me choose between premium leather shoes on Myntra. I have 10 of these in my wishlist, choice paralysis is real. Any coupon codes currently working?",,,,,IndianFashionAddicts,,184.0,
fc_post_109,Fashion Community,Fashion Community,2026-07-18 18:38:59,User_846,Community recommendation request,"Has anyone bought Roadster vs Anouk kurtas. The size chart is confusing me, is it true to size? Should I go one size higher?",,,,,IndianFashionAddicts,,99.0,
fc_post_110,Fashion Community,Fashion Community,2026-07-27 18:38:59,User_528,Community recommendation request,"Looking for recommendations on western dresses for birthday party. I have 10 of these in my wishlist, choice paralysis is real. Is Ajio a better option for this brand?",,,,,IndianFashionAddicts,,78.0,
fc_post_111,Fashion Community,Fashion Community,2026-06-17 18:38:59,User_755,Community recommendation request,Looking for recommendations on western dresses for birthday party. How is the fabric thickness for daily wear? Should I go one size higher?,,,,,IndianFashionAddicts,,121.0,
fc_post_112,Fashion Community,Fashion Community,2026-08-06 18:38:59,User_878,Community recommendation request,"Looking for recommendations on high quality cotton ethnic wear. I have 10 of these in my wishlist, choice paralysis is real. Any coupon codes currently working?",,,,,IndianFashionAddicts,,205.0,
fc_post_113,Fashion Community,Fashion Community,2026-07-12 18:38:59,User_381,Community recommendation request,"General sizing query regarding premium leather shoes on Myntra. The size chart is confusing me, is it true to size? Any coupon codes currently working?",,,,,IndianFashionAddicts,,192.0,
fc_post_114,Fashion Community,Fashion Community,2026-07-06 18:38:59,User_688,Community recommendation request,Has anyone bought high quality cotton ethnic wear. I need fit confidence before placing the order. Should I go one size higher?,,,,,IndianFashionAddicts,,34.0,
fc_post_115,Fashion Community,Fashion Community,2026-08-03 18:38:59,User_156,Community recommendation request,Has anyone bought premium leather shoes on Myntra. How is the fabric thickness for daily wear? Any advice from those who bought it?,,,,,IndianFashionAddicts,,229.0,
fc_post_116,Fashion Community,Fashion Community,2026-07-07 18:38:59,User_865,Community recommendation request,General sizing query regarding best fit jeans under 1500. I'm worried about color bleeding after washing. Any advice from those who bought it?,,,,,IndianFashionAddicts,,91.0,
fc_post_117,Fashion Community,Fashion Community,2026-06-14 18:38:59,User_469,Community recommendation request,General sizing query regarding high quality cotton ethnic wear. How is the fabric thickness for daily wear? Should I go one size higher?,,,,,IndianFashionAddicts,,32.0,
fc_post_118,Fashion Community,Fashion Community,2026-08-20 18:38:59,User_403,Community recommendation request,"Comparison question for everyone: Roadster vs Anouk kurtas. I have 10 of these in my wishlist, choice paralysis is real. Any advice from those who bought it?",,,,,IndianFashionAddicts,,205.0,
fc_post_119,Fashion Community,Fashion Community,2026-08-14 18:38:59,User_252,Community recommendation request,General sizing query regarding premium leather shoes on Myntra. I'm worried about color bleeding after washing. Any coupon codes currently working?,,,,,IndianFashionAddicts,,114.0,
fc_post_120,Fashion Community,Fashion Community,2026-06-30 18:38:59,User_384,Community recommendation request,Looking for recommendations on premium leather shoes on Myntra. I need fit confidence before placing the order. Any advice from those who bought it?,,,,,IndianFashionAddicts,,202.0,
fc_post_121,Fashion Community,Fashion Community,2026-05-31 18:38:59,User_211,Community recommendation request,General sizing query regarding Roadster vs Anouk kurtas. I need fit confidence before placing the order. Should I go one size higher?,,,,,IndianFashionAddicts,,157.0,
fc_post_122,Fashion Community,Fashion Community,2026-07-31 18:38:59,User_469,Community recommendation request,"Looking for recommendations on western dresses for birthday party. The size chart is confusing me, is it true to size? Any advice from those who bought it?",,,,,IndianFashionAddicts,,61.0,
fc_post_123,Fashion Community,Fashion Community,2026-06-04 18:38:59,User_925,Community recommendation request,Has anyone bought premium leather shoes on Myntra. I need fit confidence before placing the order. Any advice from those who bought it?,,,,,IndianFashionAddicts,,135.0,
fc_post_124,Fashion Community,Fashion Community,2026-07-25 18:38:59,User_281,Community recommendation request,"Looking for recommendations on premium leather shoes on Myntra. The size chart is confusing me, is it true to size? Does it shrink after washing?",,,,,IndianFashionAddicts,,10.0,
fc_post_125,Fashion Community,Fashion Community,2026-07-07 18:38:59,User_594,Community recommendation request,Help me choose between premium leather shoes on Myntra. I need fit confidence before placing the order. Any advice from those who bought it?,,,,,IndianFashionAddicts,,140.0,
fc_post_126,Fashion Community,Fashion Community,2026-05-30 18:38:59,User_820,Community recommendation request,Has anyone bought premium leather shoes on Myntra. I need fit confidence before placing the order. Does it shrink after washing?,,,,,IndianFashionAddicts,,151.0,
fc_post_127,Fashion Community,Fashion Community,2026-06-28 18:38:59,User_612,Community recommendation request,Comparison question for everyone: western dresses for birthday party. I need fit confidence before placing the order. Is Ajio a better option for this brand?,,,,,IndianFashionAddicts,,84.0,
fc_post_128,Fashion Community,Fashion Community,2026-06-04 18:38:59,User_680,Community recommendation request,Has anyone bought Roadster vs Anouk kurtas. I need fit confidence before placing the order. Is Ajio a better option for this brand?,,,,,IndianFashionAddicts,,229.0,
fc_post_129,Fashion Community,Fashion Community,2026-08-14 18:38:59,User_405,Community recommendation request,Help me choose between best fit jeans under 1500. I'm worried about color bleeding after washing. Should I go one size higher?,,,,,IndianFashionAddicts,,97.0,
fc_post_130,Fashion Community,Fashion Community,2026-07-14 18:38:59,User_988,Community recommendation request,General sizing query regarding high quality cotton ethnic wear. I need fit confidence before placing the order. Should I go one size higher?,,,,,IndianFashionAddicts,,136.0,
fc_post_131,Fashion Community,Fashion Community,2026-08-16 18:38:59,User_516,Community recommendation request,Comparison question for everyone: Roadster vs Anouk kurtas. How is the fabric thickness for daily wear? Is Ajio a better option for this brand?,,,,,IndianFashionAddicts,,4.0,
fc_post_132,Fashion Community,Fashion Community,2026-07-26 18:38:59,User_773,Community recommendation request,General sizing query regarding high quality cotton ethnic wear. How is the fabric thickness for daily wear? Is Ajio a better option for this brand?,,,,,IndianFashionAddicts,,33.0,
fc_post_133,Fashion Community,Fashion Community,2026-07-24 18:38:59,User_526,Community recommendation request,"Comparison question for everyone: high quality cotton ethnic wear. I have 10 of these in my wishlist, choice paralysis is real. Should I go one size higher?",,,,,IndianFashionAddicts,,49.0,
fc_post_134,Fashion Community,Fashion Community,2026-08-07 18:38:59,User_312,Community recommendation request,"Looking for recommendations on high quality cotton ethnic wear. The size chart is confusing me, is it true to size? Does it shrink after washing?",,,,,IndianFashionAddicts,,69.0,
fc_post_135,Fashion Community,Fashion Community,2026-06-21 18:38:59,User_398,Community recommendation request,General sizing query regarding high quality cotton ethnic wear. How is the fabric thickness for daily wear? Does it shrink after washing?,,,,,IndianFashionAddicts,,193.0,
fc_post_136,Fashion Community,Fashion Community,2026-07-20 18:38:59,User_517,Community recommendation request,"Has anyone bought best fit jeans under 1500. I have 10 of these in my wishlist, choice paralysis is real. Any coupon codes currently working?",,,,,IndianFashionAddicts,,51.0,
fc_post_137,Fashion Community,Fashion Community,2026-07-04 18:38:59,User_216,Community recommendation request,Comparison question for everyone: western dresses for birthday party. I'm worried about color bleeding after washing. Any coupon codes currently working?,,,,,IndianFashionAddicts,,73.0,
fc_post_138,Fashion Community,Fashion Community,2026-05-30 18:38:59,User_884,Community recommendation request,"Looking for recommendations on western dresses for birthday party. The size chart is confusing me, is it true to size? Does it shrink after washing?",,,,,IndianFashionAddicts,,141.0,
fc_post_139,Fashion Community,Fashion Community,2026-07-07 18:38:59,User_272,Community recommendation request,General sizing query regarding best fit jeans under 1500. How is the fabric thickness for daily wear? Is Ajio a better option for this brand?,,,,,IndianFashionAddicts,,159.0,
fc_post_140,Fashion Community,Fashion Community,2026-07-26 18:38:59,User_870,Community recommendation request,Comparison question for everyone: Roadster vs Anouk kurtas. I need fit confidence before placing the order. Is Ajio a better option for this brand?,,,,,IndianFashionAddicts,,73.0,
fc_post_141,Fashion Community,Fashion Community,2026-07-03 18:38:59,User_600,Community recommendation request,Help me choose between premium leather shoes on Myntra. How is the fabric thickness for daily wear? Any coupon codes currently working?,,,,,IndianFashionAddicts,,25.0,
fc_post_142,Fashion Community,Fashion Community,2026-06-19 18:38:59,User_474,Community recommendation request,Help me choose between high quality cotton ethnic wear. I need fit confidence before placing the order. Any coupon codes currently working?,,,,,IndianFashionAddicts,,237.0,
fc_post_143,Fashion Community,Fashion Community,2026-07-19 18:38:59,User_262,Community recommendation request,"General sizing query regarding Roadster vs Anouk kurtas. I have 10 of these in my wishlist, choice paralysis is real. Should I go one size higher?",,,,,IndianFashionAddicts,,160.0,
fc_post_144,Fashion Community,Fashion Community,2026-07-26 18:38:59,User_860,Community recommendation request,"Has anyone bought high quality cotton ethnic wear. The size chart is confusing me, is it true to size? Is Ajio a better option for this brand?",,,,,IndianFashionAddicts,,246.0,
fc_post_145,Fashion Community,Fashion Community,2026-07-12 18:38:59,User_977,Community recommendation request,Has anyone bought high quality cotton ethnic wear. I need fit confidence before placing the order. Any coupon codes currently working?,,,,,IndianFashionAddicts,,91.0,
fc_post_146,Fashion Community,Fashion Community,2026-07-18 18:38:59,User_825,Community recommendation request,Help me choose between Roadster vs Anouk kurtas. How is the fabric thickness for daily wear? Should I go one size higher?,,,,,IndianFashionAddicts,,141.0,
fc_post_147,Fashion Community,Fashion Community,2026-07-19 18:38:59,User_565,Community recommendation request,General sizing query regarding Roadster vs Anouk kurtas. How is the fabric thickness for daily wear? Is Ajio a better option for this brand?,,,,,IndianFashionAddicts,,65.0,
fc_post_148,Fashion Community,Fashion Community,2026-08-14 18:38:59,User_466,Community recommendation request,Comparison question for everyone: high quality cotton ethnic wear. How is the fabric thickness for daily wear? Does it shrink after washing?,,,,,IndianFashionAddicts,,215.0,
fc_post_149,Fashion Community,Fashion Community,2026-06-05 18:38:59,User_361,Community recommendation request,Has anyone bought high quality cotton ethnic wear. How is the fabric thickness for daily wear? Is Ajio a better option for this brand?,,,,,IndianFashionAddicts,,182.0,
fc_post_150,Fashion Community,Fashion Community,2026-06-17 18:38:59,User_684,Community recommendation request,General sizing query regarding high quality cotton ethnic wear. I'm worried about color bleeding after washing. Is Ajio a better option for this brand?,,,,,IndianFashionAddicts,,151.0,
fc_post_151,Fashion Community,Fashion Community,2026-07-10 18:38:59,User_289,Community recommendation request,Looking for recommendations on best fit jeans under 1500. I need fit confidence before placing the order. Should I go one size higher?,,,,,IndianFashionAddicts,,88.0,
fc_post_152,Fashion Community,Fashion Community,2026-07-18 18:38:59,User_160,Community recommendation request,"Comparison question for everyone: western dresses for birthday party. The size chart is confusing me, is it true to size? Does it shrink after washing?",,,,,IndianFashionAddicts,,70.0,
fc_post_153,Fashion Community,Fashion Community,2026-07-07 18:38:59,User_239,Community recommendation request,"Comparison question for everyone: western dresses for birthday party. I have 10 of these in my wishlist, choice paralysis is real. Is Ajio a better option for this brand?",,,,,IndianFashionAddicts,,58.0,
fc_post_154,Fashion Community,Fashion Community,2026-08-06 18:38:59,User_533,Community recommendation request,Comparison question for everyone: Roadster vs Anouk kurtas. How is the fabric thickness for daily wear? Should I go one size higher?,,,,,IndianFashionAddicts,,101.0,
fc_post_155,Fashion Community,Fashion Community,2026-08-11 18:38:59,User_860,Community recommendation request,Has anyone bought best fit jeans under 1500. How is the fabric thickness for daily wear? Is Ajio a better option for this brand?,,,,,IndianFashionAddicts,,44.0,
fc_post_156,Fashion Community,Fashion Community,2026-07-17 18:38:59,User_301,Community recommendation request,"General sizing query regarding premium leather shoes on Myntra. I have 10 of these in my wishlist, choice paralysis is real. Any advice from those who bought it?",,,,,IndianFashionAddicts,,74.0,
fc_post_157,Fashion Community,Fashion Community,2026-06-22 18:38:59,User_630,Community recommendation request,Has anyone bought premium leather shoes on Myntra. I need fit confidence before placing the order. Should I go one size higher?,,,,,IndianFashionAddicts,,241.0,
fc_post_158,Fashion Community,Fashion Community,2026-07-28 18:38:59,User_654,Community recommendation request,Help me choose between premium leather shoes on Myntra. How is the fabric thickness for daily wear? Should I go one size higher?,,,,,IndianFashionAddicts,,93.0,
fc_post_159,Fashion Community,Fashion Community,2026-07-30 18:38:59,User_859,Community recommendation request,"General sizing query regarding western dresses for birthday party. The size chart is confusing me, is it true to size? Any coupon codes currently working?",,,,,IndianFashionAddicts,,227.0,
fc_post_160,Fashion Community,Fashion Community,2026-06-14 18:38:59,User_521,Community recommendation request,Help me choose between high quality cotton ethnic wear. I need fit confidence before placing the order. Should I go one size higher?,,,,,IndianFashionAddicts,,145.0,
fc_post_161,Fashion Community,Fashion Community,2026-06-08 18:38:59,User_268,Community recommendation request,"Looking for recommendations on Roadster vs Anouk kurtas. I have 10 of these in my wishlist, choice paralysis is real. Does it shrink after washing?",,,,,IndianFashionAddicts,,80.0,
fc_post_162,Fashion Community,Fashion Community,2026-07-03 18:38:59,User_145,Community recommendation request,"Help me choose between high quality cotton ethnic wear. The size chart is confusing me, is it true to size? Any advice from those who bought it?",,,,,IndianFashionAddicts,,77.0,
fc_post_163,Fashion Community,Fashion Community,2026-06-09 18:38:59,User_561,Community recommendation request,Looking for recommendations on Roadster vs Anouk kurtas. I need fit confidence before placing the order. Any coupon codes currently working?,,,,,IndianFashionAddicts,,171.0,
fc_post_164,Fashion Community,Fashion Community,2026-08-17 18:38:59,User_270,Community recommendation request,"Comparison question for everyone: best fit jeans under 1500. I have 10 of these in my wishlist, choice paralysis is real. Is Ajio a better option for this brand?",,,,,IndianFashionAddicts,,150.0,
fc_post_165,Fashion Community,Fashion Community,2026-07-10 18:38:59,User_206,Community recommendation request,Help me choose between high quality cotton ethnic wear. How is the fabric thickness for daily wear? Should I go one size higher?,,,,,IndianFashionAddicts,,198.0,
fc_post_166,Fashion Community,Fashion Community,2026-06-04 18:38:59,User_441,Community recommendation request,Has anyone bought Roadster vs Anouk kurtas. I'm worried about color bleeding after washing. Should I go one size higher?,,,,,IndianFashionAddicts,,101.0,
fc_post_167,Fashion Community,Fashion Community,2026-06-17 18:38:59,User_970,Community recommendation request,General sizing query regarding best fit jeans under 1500. How is the fabric thickness for daily wear? Should I go one size higher?,,,,,IndianFashionAddicts,,208.0,
fc_post_168,Fashion Community,Fashion Community,2026-06-18 18:38:59,User_298,Community recommendation request,Comparison question for everyone: western dresses for birthday party. How is the fabric thickness for daily wear? Any advice from those who bought it?,,,,,IndianFashionAddicts,,14.0,
fc_post_169,Fashion Community,Fashion Community,2026-05-28 18:38:59,User_166,Community recommendation request,General sizing query regarding western dresses for birthday party. I'm worried about color bleeding after washing. Does it shrink after washing?,,,,,IndianFashionAddicts,,40.0,
fc_post_170,Fashion Community,Fashion Community,2026-08-17 18:38:59,User_279,Community recommendation request,Help me choose between best fit jeans under 1500. How is the fabric thickness for daily wear? Any coupon codes currently working?,,,,,IndianFashionAddicts,,56.0,
fc_post_171,Fashion Community,Fashion Community,2026-07-10 18:38:59,User_205,Community recommendation request,"Has anyone bought high quality cotton ethnic wear. I have 10 of these in my wishlist, choice paralysis is real. Any coupon codes currently working?",,,,,IndianFashionAddicts,,20.0,
fc_post_172,Fashion Community,Fashion Community,2026-06-14 18:38:59,User_641,Community recommendation request,Help me choose between best fit jeans under 1500. I'm worried about color bleeding after washing. Any coupon codes currently working?,,,,,IndianFashionAddicts,,131.0,
fc_post_173,Fashion Community,Fashion Community,2026-08-09 18:38:59,User_916,Community recommendation request,"Has anyone bought Roadster vs Anouk kurtas. The size chart is confusing me, is it true to size? Any coupon codes currently working?",,,,,IndianFashionAddicts,,223.0,
fc_post_174,Fashion Community,Fashion Community,2026-08-01 18:38:59,User_609,Community recommendation request,"General sizing query regarding high quality cotton ethnic wear. The size chart is confusing me, is it true to size? Should I go one size higher?",,,,,IndianFashionAddicts,,57.0,
fc_post_175,Fashion Community,Fashion Community,2026-07-27 18:38:59,User_600,Community recommendation request,"Comparison question for everyone: western dresses for birthday party. The size chart is confusing me, is it true to size? Is Ajio a better option for this brand?",,,,,IndianFashionAddicts,,8.0,
fc_post_176,Fashion Community,Fashion Community,2026-06-04 18:38:59,User_657,Community recommendation request,"Comparison question for everyone: best fit jeans under 1500. The size chart is confusing me, is it true to size? Any coupon codes currently working?",,,,,IndianFashionAddicts,,14.0,
fc_post_177,Fashion Community,Fashion Community,2026-07-18 18:38:59,User_998,Community recommendation request,"Comparison question for everyone: premium leather shoes on Myntra. The size chart is confusing me, is it true to size? Is Ajio a better option for this brand?",,,,,IndianFashionAddicts,,205.0,
fc_post_178,Fashion Community,Fashion Community,2026-07-30 18:38:59,User_604,Community recommendation request,Has anyone bought high quality cotton ethnic wear. How is the fabric thickness for daily wear? Any advice from those who bought it?,,,,,IndianFashionAddicts,,9.0,
fc_post_179,Fashion Community,Fashion Community,2026-08-02 18:38:59,User_378,Community recommendation request,Has anyone bought Roadster vs Anouk kurtas. I need fit confidence before placing the order. Should I go one size higher?,,,,,IndianFashionAddicts,,85.0,
fc_post_180,Fashion Community,Fashion Community,2026-08-23 18:38:59,User_953,Community recommendation request,"Has anyone bought high quality cotton ethnic wear. The size chart is confusing me, is it true to size? Should I go one size higher?",,,,,IndianFashionAddicts,,166.0,
fc_post_181,Fashion Community,Fashion Community,2026-06-28 18:38:59,User_797,Community recommendation request,Looking for recommendations on Roadster vs Anouk kurtas. I'm worried about color bleeding after washing. Any coupon codes currently working?,,,,,IndianFashionAddicts,,161.0,
fc_post_182,Fashion Community,Fashion Community,2026-07-30 18:38:59,User_305,Community recommendation request,Comparison question for everyone: premium leather shoes on Myntra. How is the fabric thickness for daily wear? Any coupon codes currently working?,,,,,IndianFashionAddicts,,59.0,
fc_post_183,Fashion Community,Fashion Community,2026-06-24 18:38:59,User_608,Community recommendation request,General sizing query regarding western dresses for birthday party. I'm worried about color bleeding after washing. Is Ajio a better option for this brand?,,,,,IndianFashionAddicts,,1.0,
fc_post_184,Fashion Community,Fashion Community,2026-08-21 18:38:59,User_251,Community recommendation request,"Help me choose between western dresses for birthday party. I have 10 of these in my wishlist, choice paralysis is real. Is Ajio a better option for this brand?",,,,,IndianFashionAddicts,,213.0,
fc_post_185,Fashion Community,Fashion Community,2026-06-16 18:38:59,User_958,Community recommendation request,"Looking for recommendations on Roadster vs Anouk kurtas. The size chart is confusing me, is it true to size? Any advice from those who bought it?",,,,,IndianFashionAddicts,,134.0,
fc_post_186,Fashion Community,Fashion Community,2026-07-04 18:38:59,User_438,Community recommendation request,Looking for recommendations on western dresses for birthday party. How is the fabric thickness for daily wear? Does it shrink after washing?,,,,,IndianFashionAddicts,,150.0,
fc_post_187,Fashion Community,Fashion Community,2026-07-19 18:38:59,User_388,Community recommendation request,Help me choose between Roadster vs Anouk kurtas. I'm worried about color bleeding after washing. Any advice from those who bought it?,,,,,IndianFashionAddicts,,192.0,
fc_post_188,Fashion Community,Fashion Community,2026-08-18 18:38:59,User_367,Community recommendation request,Has anyone bought high quality cotton ethnic wear. I need fit confidence before placing the order. Does it shrink after washing?,,,,,IndianFashionAddicts,,204.0,
fc_post_189,Fashion Community,Fashion Community,2026-05-31 18:38:59,User_538,Community recommendation request,"Has anyone bought high quality cotton ethnic wear. The size chart is confusing me, is it true to size? Does it shrink after washing?",,,,,IndianFashionAddicts,,24.0,
fc_post_190,Fashion Community,Fashion Community,2026-07-17 18:38:59,User_817,Community recommendation request,General sizing query regarding best fit jeans under 1500. I'm worried about color bleeding after washing. Is Ajio a better option for this brand?,,,,,IndianFashionAddicts,,11.0,
fc_post_191,Fashion Community,Fashion Community,2026-07-11 18:38:59,User_506,Community recommendation request,Help me choose between western dresses for birthday party. How is the fabric thickness for daily wear? Any advice from those who bought it?,,,,,IndianFashionAddicts,,8.0,
fc_post_192,Fashion Community,Fashion Community,2026-08-23 18:38:59,User_771,Community recommendation request,"General sizing query regarding high quality cotton ethnic wear. The size chart is confusing me, is it true to size? Any advice from those who bought it?",,,,,IndianFashionAddicts,,141.0,
fc_post_193,Fashion Community,Fashion Community,2026-08-17 18:38:59,User_959,Community recommendation request,Has anyone bought high quality cotton ethnic wear. I'm worried about color bleeding after washing. Any coupon codes currently working?,,,,,IndianFashionAddicts,,141.0,
fc_post_194,Fashion Community,Fashion Community,2026-08-06 18:38:59,User_344,Community recommendation request,"General sizing query regarding Roadster vs Anouk kurtas. I have 10 of these in my wishlist, choice paralysis is real. Any advice from those who bought it?",,,,,IndianFashionAddicts,,45.0,
fc_post_195,Fashion Community,Fashion Community,2026-07-14 18:38:59,User_257,Community recommendation request,"Looking for recommendations on premium leather shoes on Myntra. The size chart is confusing me, is it true to size? Any coupon codes currently working?",,,,,IndianFashionAddicts,,232.0,
fc_post_196,Fashion Community,Fashion Community,2026-06-29 18:38:59,User_948,Community recommendation request,Comparison question for everyone: high quality cotton ethnic wear. How is the fabric thickness for daily wear? Any advice from those who bought it?,,,,,IndianFashionAddicts,,42.0,
fc_post_197,Fashion Community,Fashion Community,2026-07-05 18:38:59,User_225,Community recommendation request,"Comparison question for everyone: Roadster vs Anouk kurtas. I have 10 of these in my wishlist, choice paralysis is real. Any coupon codes currently working?",,,,,IndianFashionAddicts,,218.0,
fc_post_198,Fashion Community,Fashion Community,2026-08-19 18:38:59,User_538,Community recommendation request,"Looking for recommendations on Roadster vs Anouk kurtas. I have 10 of these in my wishlist, choice paralysis is real. Any coupon codes currently working?",,,,,IndianFashionAddicts,,47.0,
fc_post_199,Fashion Community,Fashion Community,2026-07-15 18:38:59,User_601,Community recommendation request,"General sizing query regarding Roadster vs Anouk kurtas. The size chart is confusing me, is it true to size? Should I go one size higher?",,,,,IndianFashionAddicts,,201.0,
fc_post_200,Fashion Community,Fashion Community,2026-08-02 18:38:59,User_970,Community recommendation request,Help me choose between best fit jeans under 1500. How is the fabric thickness for daily wear? Does it shrink after washing?,,,,,IndianFashionAddicts,,173.0,
fc_post_201,Fashion Community,Fashion Community,2026-06-01 18:38:59,User_279,Community recommendation request,Comparison question for everyone: best fit jeans under 1500. I'm worried about color bleeding after washing. Any advice from those who bought it?,,,,,IndianFashionAddicts,,174.0,
fc_post_202,Fashion Community,Fashion Community,2026-06-15 18:38:59,User_392,Community recommendation request,Looking for recommendations on high quality cotton ethnic wear. How is the fabric thickness for daily wear? Does it shrink after washing?,,,,,IndianFashionAddicts,,214.0,
fc_post_203,Fashion Community,Fashion Community,2026-07-24 18:38:59,User_877,Community recommendation request,Comparison question for everyone: western dresses for birthday party. How is the fabric thickness for daily wear? Should I go one size higher?,,,,,IndianFashionAddicts,,52.0,
fc_post_204,Fashion Community,Fashion Community,2026-08-05 18:38:59,User_270,Community recommendation request,General sizing query regarding best fit jeans under 1500. I'm worried about color bleeding after washing. Should I go one size higher?,,,,,IndianFashionAddicts,,213.0,
fc_post_205,Fashion Community,Fashion Community,2026-06-30 18:38:59,User_719,Community recommendation request,"General sizing query regarding best fit jeans under 1500. The size chart is confusing me, is it true to size? Should I go one size higher?",,,,,IndianFashionAddicts,,48.0,
fc_post_206,Fashion Community,Fashion Community,2026-08-23 18:38:59,User_712,Community recommendation request,"Comparison question for everyone: high quality cotton ethnic wear. I have 10 of these in my wishlist, choice paralysis is real. Any coupon codes currently working?",,,,,IndianFashionAddicts,,30.0,
fc_post_207,Fashion Community,Fashion Community,2026-06-15 18:38:59,User_410,Community recommendation request,Looking for recommendations on western dresses for birthday party. I'm worried about color bleeding after washing. Should I go one size higher?,,,,,IndianFashionAddicts,,125.0,
fc_post_208,Fashion Community,Fashion Community,2026-08-23 18:38:59,User_839,Community recommendation request,Looking for recommendations on premium leather shoes on Myntra. I'm worried about color bleeding after washing. Any advice from those who bought it?,,,,,IndianFashionAddicts,,118.0,
fc_post_209,Fashion Community,Fashion Community,2026-06-07 18:38:59,User_434,Community recommendation request,"General sizing query regarding premium leather shoes on Myntra. The size chart is confusing me, is it true to size? Is Ajio a better option for this brand?",,,,,IndianFashionAddicts,,75.0,
fc_post_210,Fashion Community,Fashion Community,2026-07-03 18:38:59,User_692,Community recommendation request,Has anyone bought high quality cotton ethnic wear. I need fit confidence before placing the order. Is Ajio a better option for this brand?,,,,,IndianFashionAddicts,,237.0,
fc_post_211,Fashion Community,Fashion Community,2026-07-30 18:38:59,User_237,Community recommendation request,"Comparison question for everyone: high quality cotton ethnic wear. I have 10 of these in my wishlist, choice paralysis is real. Does it shrink after washing?",,,,,IndianFashionAddicts,,10.0,
fc_post_212,Fashion Community,Fashion Community,2026-07-15 18:38:59,User_145,Community recommendation request,"Comparison question for everyone: premium leather shoes on Myntra. I have 10 of these in my wishlist, choice paralysis is real. Any coupon codes currently working?",,,,,IndianFashionAddicts,,53.0,
fc_post_213,Fashion Community,Fashion Community,2026-08-22 18:38:59,User_388,Community recommendation request,"Help me choose between best fit jeans under 1500. I have 10 of these in my wishlist, choice paralysis is real. Does it shrink after washing?",,,,,IndianFashionAddicts,,8.0,
fc_post_214,Fashion Community,Fashion Community,2026-08-12 18:38:59,User_837,Community recommendation request,Has anyone bought premium leather shoes on Myntra. How is the fabric thickness for daily wear? Any coupon codes currently working?,,,,,IndianFashionAddicts,,96.0,
fc_post_215,Fashion Community,Fashion Community,2026-06-23 18:38:59,User_626,Community recommendation request,"Comparison question for everyone: Roadster vs Anouk kurtas. The size chart is confusing me, is it true to size? Does it shrink after washing?",,,,,IndianFashionAddicts,,128.0,
fc_post_216,Fashion Community,Fashion Community,2026-06-01 18:38:59,User_990,Community recommendation request,General sizing query regarding western dresses for birthday party. I'm worried about color bleeding after washing. Any coupon codes currently working?,,,,,IndianFashionAddicts,,162.0,
fc_post_217,Fashion Community,Fashion Community,2026-07-24 18:38:59,User_257,Community recommendation request,"Has anyone bought premium leather shoes on Myntra. The size chart is confusing me, is it true to size? Is Ajio a better option for this brand?",,,,,IndianFashionAddicts,,99.0,
fc_post_218,Fashion Community,Fashion Community,2026-06-20 18:38:59,User_454,Community recommendation request,Help me choose between western dresses for birthday party. How is the fabric thickness for daily wear? Should I go one size higher?,,,,,IndianFashionAddicts,,20.0,
fc_post_219,Fashion Community,Fashion Community,2026-06-20 18:38:59,User_684,Community recommendation request,"Has anyone bought premium leather shoes on Myntra. I have 10 of these in my wishlist, choice paralysis is real. Does it shrink after washing?",,,,,IndianFashionAddicts,,136.0,
fc_post_220,Fashion Community,Fashion Community,2026-07-22 18:38:59,User_267,Community recommendation request,Comparison question for everyone: high quality cotton ethnic wear. I'm worried about color bleeding after washing. Should I go one size higher?,,,,,IndianFashionAddicts,,69.0,
fc_post_221,Fashion Community,Fashion Community,2026-06-29 18:38:59,User_770,Community recommendation request,Has anyone bought western dresses for birthday party. I'm worried about color bleeding after washing. Does it shrink after washing?,,,,,IndianFashionAddicts,,149.0,
fc_post_222,Fashion Community,Fashion Community,2026-06-18 18:38:59,User_128,Community recommendation request,Help me choose between Roadster vs Anouk kurtas. I need fit confidence before placing the order. Any advice from those who bought it?,,,,,IndianFashionAddicts,,33.0,
fc_post_223,Fashion Community,Fashion Community,2026-06-10 18:38:59,User_857,Community recommendation request,General sizing query regarding premium leather shoes on Myntra. How is the fabric thickness for daily wear? Does it shrink after washing?,,,,,IndianFashionAddicts,,96.0,
fc_post_224,Fashion Community,Fashion Community,2026-07-04 18:38:59,User_928,Community recommendation request,General sizing query regarding premium leather shoes on Myntra. How is the fabric thickness for daily wear? Should I go one size higher?,,,,,IndianFashionAddicts,,25.0,
fc_post_225,Fashion Community,Fashion Community,2026-08-21 18:38:59,User_615,Community recommendation request,"Comparison question for everyone: Roadster vs Anouk kurtas. I have 10 of these in my wishlist, choice paralysis is real. Does it shrink after washing?",,,,,IndianFashionAddicts,,113.0,
fc_post_226,Fashion Community,Fashion Community,2026-06-24 18:38:59,User_583,Community recommendation request,Comparison question for everyone: best fit jeans under 1500. I need fit confidence before placing the order. Should I go one size higher?,,,,,IndianFashionAddicts,,128.0,
fc_post_227,Fashion Community,Fashion Community,2026-07-12 18:38:59,User_174,Community recommendation request,"Has anyone bought premium leather shoes on Myntra. The size chart is confusing me, is it true to size? Any advice from those who bought it?",,,,,IndianFashionAddicts,,210.0,
fc_post_228,Fashion Community,Fashion Community,2026-07-07 18:38:59,User_105,Community recommendation request,"Looking for recommendations on premium leather shoes on Myntra. The size chart is confusing me, is it true to size? Any advice from those who bought it?",,,,,IndianFashionAddicts,,208.0,
fc_post_229,Fashion Community,Fashion Community,2026-07-06 18:38:59,User_103,Community recommendation request,General sizing query regarding premium leather shoes on Myntra. How is the fabric thickness for daily wear? Any advice from those who bought it?,,,,,IndianFashionAddicts,,68.0,
fc_post_230,Fashion Community,Fashion Community,2026-07-29 18:38:59,User_504,Community recommendation request,Looking for recommendations on high quality cotton ethnic wear. How is the fabric thickness for daily wear? Is Ajio a better option for this brand?,,,,,IndianFashionAddicts,,90.0,
fc_post_231,Fashion Community,Fashion Community,2026-07-18 18:38:59,User_370,Community recommendation request,"Comparison question for everyone: western dresses for birthday party. The size chart is confusing me, is it true to size? Should I go one size higher?",,,,,IndianFashionAddicts,,122.0,
fc_post_232,Fashion Community,Fashion Community,2026-07-07 18:38:59,User_240,Community recommendation request,"General sizing query regarding best fit jeans under 1500. The size chart is confusing me, is it true to size? Does it shrink after washing?",,,,,IndianFashionAddicts,,202.0,
fc_post_233,Fashion Community,Fashion Community,2026-08-04 18:38:59,User_388,Community recommendation request,"Help me choose between high quality cotton ethnic wear. I have 10 of these in my wishlist, choice paralysis is real. Any advice from those who bought it?",,,,,IndianFashionAddicts,,157.0,
fc_post_234,Fashion Community,Fashion Community,2026-08-05 18:38:59,User_563,Community recommendation request,"Has anyone bought Roadster vs Anouk kurtas. I have 10 of these in my wishlist, choice paralysis is real. Any coupon codes currently working?",,,,,IndianFashionAddicts,,173.0,
fc_post_235,Fashion Community,Fashion Community,2026-07-31 18:38:59,User_393,Community recommendation request,"General sizing query regarding high quality cotton ethnic wear. I have 10 of these in my wishlist, choice paralysis is real. Is Ajio a better option for this brand?",,,,,IndianFashionAddicts,,10.0,
fc_post_236,Fashion Community,Fashion Community,2026-06-10 18:38:59,User_703,Community recommendation request,Help me choose between Roadster vs Anouk kurtas. I'm worried about color bleeding after washing. Is Ajio a better option for this brand?,,,,,IndianFashionAddicts,,53.0,
fc_post_237,Fashion Community,Fashion Community,2026-08-20 18:38:59,User_500,Community recommendation request,Looking for recommendations on western dresses for birthday party. I need fit confidence before placing the order. Does it shrink after washing?,,,,,IndianFashionAddicts,,212.0,
fc_post_238,Fashion Community,Fashion Community,2026-05-26 18:38:59,User_200,Community recommendation request,"Has anyone bought premium leather shoes on Myntra. The size chart is confusing me, is it true to size? Any coupon codes currently working?",,,,,IndianFashionAddicts,,244.0,
fc_post_239,Fashion Community,Fashion Community,2026-06-26 18:38:59,User_549,Community recommendation request,Help me choose between premium leather shoes on Myntra. How is the fabric thickness for daily wear? Any advice from those who bought it?,,,,,IndianFashionAddicts,,154.0,
fc_post_240,Fashion Community,Fashion Community,2026-06-07 18:38:59,User_879,Community recommendation request,"Has anyone bought best fit jeans under 1500. The size chart is confusing me, is it true to size? Any coupon codes currently working?",,,,,IndianFashionAddicts,,67.0,
fc_post_241,Fashion Community,Fashion Community,2026-08-05 18:38:59,User_314,Community recommendation request,Help me choose between high quality cotton ethnic wear. I'm worried about color bleeding after washing. Does it shrink after washing?,,,,,IndianFashionAddicts,,170.0,
fc_post_242,Fashion Community,Fashion Community,2026-07-26 18:38:59,User_150,Community recommendation request,Looking for recommendations on best fit jeans under 1500. How is the fabric thickness for daily wear? Is Ajio a better option for this brand?,,,,,IndianFashionAddicts,,130.0,
fc_post_243,Fashion Community,Fashion Community,2026-07-11 18:38:59,User_728,Community recommendation request,"General sizing query regarding premium leather shoes on Myntra. I have 10 of these in my wishlist, choice paralysis is real. Is Ajio a better option for this brand?",,,,,IndianFashionAddicts,,233.0,
fc_post_244,Fashion Community,Fashion Community,2026-07-01 18:38:59,User_980,Community recommendation request,Looking for recommendations on western dresses for birthday party. I need fit confidence before placing the order. Should I go one size higher?,,,,,IndianFashionAddicts,,52.0,
fc_post_245,Fashion Community,Fashion Community,2026-08-15 18:38:59,User_852,Community recommendation request,Has anyone bought premium leather shoes on Myntra. I'm worried about color bleeding after washing. Any advice from those who bought it?,,,,,IndianFashionAddicts,,180.0,
fc_post_246,Fashion Community,Fashion Community,2026-06-07 18:38:59,User_692,Community recommendation request,Help me choose between premium leather shoes on Myntra. I need fit confidence before placing the order. Is Ajio a better option for this brand?,,,,,IndianFashionAddicts,,189.0,
fc_post_247,Fashion Community,Fashion Community,2026-08-09 18:38:59,User_554,Community recommendation request,Help me choose between western dresses for birthday party. I need fit confidence before placing the order. Is Ajio a better option for this brand?,,,,,IndianFashionAddicts,,208.0,
fc_post_248,Fashion Community,Fashion Community,2026-07-14 18:38:59,User_767,Community recommendation request,Help me choose between Roadster vs Anouk kurtas. How is the fabric thickness for daily wear? Any coupon codes currently working?,,,,,IndianFashionAddicts,,159.0,
fc_post_249,Fashion Community,Fashion Community,2026-08-02 18:38:59,User_366,Community recommendation request,Comparison question for everyone: premium leather shoes on Myntra. How is the fabric thickness for daily wear? Any advice from those who bought it?,,,,,IndianFashionAddicts,,65.0,
fc_post_250,Fashion Community,Fashion Community,2026-06-07 18:38:59,User_470,Community recommendation request,Looking for recommendations on high quality cotton ethnic wear. I need fit confidence before placing the order. Should I go one size higher?,,,,,IndianFashionAddicts,,109.0,
fc_post_251,Fashion Community,Fashion Community,2026-08-03 18:38:59,User_128,Community recommendation request,"General sizing query regarding premium leather shoes on Myntra. The size chart is confusing me, is it true to size? Any advice from those who bought it?",,,,,IndianFashionAddicts,,47.0,
fc_post_252,Fashion Community,Fashion Community,2026-06-23 18:38:59,User_851,Community recommendation request,Comparison question for everyone: western dresses for birthday party. How is the fabric thickness for daily wear? Any coupon codes currently working?,,,,,IndianFashionAddicts,,248.0,
fc_post_253,Fashion Community,Fashion Community,2026-08-03 18:38:59,User_234,Community recommendation request,Looking for recommendations on premium leather shoes on Myntra. I need fit confidence before placing the order. Does it shrink after washing?,,,,,IndianFashionAddicts,,111.0,
fc_post_254,Fashion Community,Fashion Community,2026-08-21 18:38:59,User_673,Community recommendation request,Help me choose between western dresses for birthday party. How is the fabric thickness for daily wear? Any coupon codes currently working?,,,,,IndianFashionAddicts,,57.0,
fc_post_255,Fashion Community,Fashion Community,2026-07-04 18:38:59,User_461,Community recommendation request,"Has anyone bought western dresses for birthday party. I have 10 of these in my wishlist, choice paralysis is real. Any coupon codes currently working?",,,,,IndianFashionAddicts,,205.0,
fc_post_256,Fashion Community,Fashion Community,2026-06-02 18:38:59,User_579,Community recommendation request,Looking for recommendations on high quality cotton ethnic wear. How is the fabric thickness for daily wear? Any advice from those who bought it?,,,,,IndianFashionAddicts,,116.0,
fc_post_257,Fashion Community,Fashion Community,2026-08-13 18:38:59,User_320,Community recommendation request,"Looking for recommendations on Roadster vs Anouk kurtas. The size chart is confusing me, is it true to size? Does it shrink after washing?",,,,,IndianFashionAddicts,,246.0,
fc_post_258,Fashion Community,Fashion Community,2026-06-04 18:38:59,User_815,Community recommendation request,Help me choose between high quality cotton ethnic wear. How is the fabric thickness for daily wear? Any advice from those who bought it?,,,,,IndianFashionAddicts,,131.0,
fc_post_259,Fashion Community,Fashion Community,2026-06-10 18:38:59,User_295,Community recommendation request,Comparison question for everyone: western dresses for birthday party. I'm worried about color bleeding after washing. Is Ajio a better option for this brand?,,,,,IndianFashionAddicts,,171.0,
fc_post_260,Fashion Community,Fashion Community,2026-08-07 18:38:59,User_639,Community recommendation request,Looking for recommendations on high quality cotton ethnic wear. I need fit confidence before placing the order. Any advice from those who bought it?,,,,,IndianFashionAddicts,,146.0,
fc_post_261,Fashion Community,Fashion Community,2026-07-13 18:38:59,User_690,Community recommendation request,"Help me choose between best fit jeans under 1500. The size chart is confusing me, is it true to size? Does it shrink after washing?",,,,,IndianFashionAddicts,,157.0,
fc_post_262,Fashion Community,Fashion Community,2026-06-01 18:38:59,User_646,Community recommendation request,"Looking for recommendations on premium leather shoes on Myntra. I have 10 of these in my wishlist, choice paralysis is real. Should I go one size higher?",,,,,IndianFashionAddicts,,163.0,
fc_post_263,Fashion Community,Fashion Community,2026-05-28 18:38:59,User_309,Community recommendation request,Comparison question for everyone: Roadster vs Anouk kurtas. How is the fabric thickness for daily wear? Any advice from those who bought it?,,,,,IndianFashionAddicts,,143.0,
fc_post_264,Fashion Community,Fashion Community,2026-07-25 18:38:59,User_145,Community recommendation request,"Looking for recommendations on Roadster vs Anouk kurtas. I have 10 of these in my wishlist, choice paralysis is real. Any advice from those who bought it?",,,,,IndianFashionAddicts,,80.0,
fc_post_265,Fashion Community,Fashion Community,2026-06-23 18:38:59,User_675,Community recommendation request,"General sizing query regarding western dresses for birthday party. I have 10 of these in my wishlist, choice paralysis is real. Any coupon codes currently working?",,,,,IndianFashionAddicts,,181.0,
fc_post_266,Fashion Community,Fashion Community,2026-05-30 18:38:59,User_639,Community recommendation request,Has anyone bought Roadster vs Anouk kurtas. I'm worried about color bleeding after washing. Does it shrink after washing?,,,,,IndianFashionAddicts,,214.0,
fc_post_267,Fashion Community,Fashion Community,2026-06-18 18:38:59,User_302,Community recommendation request,Comparison question for everyone: best fit jeans under 1500. How is the fabric thickness for daily wear? Does it shrink after washing?,,,,,IndianFashionAddicts,,143.0,
fc_post_268,Fashion Community,Fashion Community,2026-08-14 18:38:59,User_156,Community recommendation request,Has anyone bought Roadster vs Anouk kurtas. I'm worried about color bleeding after washing. Any coupon codes currently working?,,,,,IndianFashionAddicts,,78.0,
fc_post_269,Fashion Community,Fashion Community,2026-07-27 18:38:59,User_880,Community recommendation request,"Has anyone bought high quality cotton ethnic wear. I have 10 of these in my wishlist, choice paralysis is real. Should I go one size higher?",,,,,IndianFashionAddicts,,238.0,
fc_post_270,Fashion Community,Fashion Community,2026-08-16 18:38:59,User_773,Community recommendation request,"Has anyone bought high quality cotton ethnic wear. The size chart is confusing me, is it true to size? Any coupon codes currently working?",,,,,IndianFashionAddicts,,46.0,
fc_post_271,Fashion Community,Fashion Community,2026-08-07 18:38:59,User_734,Community recommendation request,"General sizing query regarding high quality cotton ethnic wear. The size chart is confusing me, is it true to size? Is Ajio a better option for this brand?",,,,,IndianFashionAddicts,,246.0,
fc_post_272,Fashion Community,Fashion Community,2026-06-18 18:38:59,User_505,Community recommendation request,"Help me choose between Roadster vs Anouk kurtas. The size chart is confusing me, is it true to size? Any coupon codes currently working?",,,,,IndianFashionAddicts,,215.0,
fc_post_273,Fashion Community,Fashion Community,2026-07-22 18:38:59,User_336,Community recommendation request,"General sizing query regarding premium leather shoes on Myntra. The size chart is confusing me, is it true to size? Should I go one size higher?",,,,,IndianFashionAddicts,,6.0,
fc_post_274,Fashion Community,Fashion Community,2026-07-21 18:38:59,User_342,Community recommendation request,General sizing query regarding western dresses for birthday party. How is the fabric thickness for daily wear? Does it shrink after washing?,,,,,IndianFashionAddicts,,43.0,
fc_post_275,Fashion Community,Fashion Community,2026-07-31 18:38:59,User_821,Community recommendation request,Help me choose between western dresses for birthday party. I'm worried about color bleeding after washing. Should I go one size higher?,,,,,IndianFashionAddicts,,115.0,
fc_post_276,Fashion Community,Fashion Community,2026-07-02 18:38:59,User_250,Community recommendation request,"Looking for recommendations on high quality cotton ethnic wear. The size chart is confusing me, is it true to size? Should I go one size higher?",,,,,IndianFashionAddicts,,130.0,
fc_post_277,Fashion Community,Fashion Community,2026-06-08 18:38:59,User_267,Community recommendation request,"Help me choose between western dresses for birthday party. The size chart is confusing me, is it true to size? Any advice from those who bought it?",,,,,IndianFashionAddicts,,21.0,
fc_post_278,Fashion Community,Fashion Community,2026-07-26 18:38:59,User_528,Community recommendation request,Help me choose between premium leather shoes on Myntra. I'm worried about color bleeding after washing. Should I go one size higher?,,,,,IndianFashionAddicts,,97.0,
fc_post_279,Fashion Community,Fashion Community,2026-06-06 18:38:59,User_867,Community recommendation request,"Help me choose between premium leather shoes on Myntra. The size chart is confusing me, is it true to size? Should I go one size higher?",,,,,IndianFashionAddicts,,19.0,
fc_post_280,Fashion Community,Fashion Community,2026-06-29 18:38:59,User_615,Community recommendation request,"Looking for recommendations on western dresses for birthday party. I have 10 of these in my wishlist, choice paralysis is real. Does it shrink after washing?",,,,,IndianFashionAddicts,,212.0,
fc_post_281,Fashion Community,Fashion Community,2026-05-30 18:38:59,User_630,Community recommendation request,"General sizing query regarding Roadster vs Anouk kurtas. The size chart is confusing me, is it true to size? Is Ajio a better option for this brand?",,,,,IndianFashionAddicts,,44.0,
fc_post_282,Fashion Community,Fashion Community,2026-07-04 18:38:59,User_818,Community recommendation request,Comparison question for everyone: Roadster vs Anouk kurtas. I'm worried about color bleeding after washing. Should I go one size higher?,,,,,IndianFashionAddicts,,68.0,
fc_post_283,Fashion Community,Fashion Community,2026-08-08 18:38:59,User_876,Community recommendation request,"General sizing query regarding premium leather shoes on Myntra. I have 10 of these in my wishlist, choice paralysis is real. Any coupon codes currently working?",,,,,IndianFashionAddicts,,4.0,
fc_post_284,Fashion Community,Fashion Community,2026-06-06 18:38:59,User_550,Community recommendation request,General sizing query regarding western dresses for birthday party. I need fit confidence before placing the order. Should I go one size higher?,,,,,IndianFashionAddicts,,5.0,
fc_post_285,Fashion Community,Fashion Community,2026-07-04 18:38:59,User_131,Community recommendation request,Help me choose between high quality cotton ethnic wear. I'm worried about color bleeding after washing. Any coupon codes currently working?,,,,,IndianFashionAddicts,,126.0,
fc_post_286,Fashion Community,Fashion Community,2026-07-26 18:38:59,User_730,Community recommendation request,Help me choose between best fit jeans under 1500. How is the fabric thickness for daily wear? Is Ajio a better option for this brand?,,,,,IndianFashionAddicts,,214.0,
fc_post_287,Fashion Community,Fashion Community,2026-06-22 18:38:59,User_261,Community recommendation request,"Has anyone bought Roadster vs Anouk kurtas. The size chart is confusing me, is it true to size? Does it shrink after washing?",,,,,IndianFashionAddicts,,124.0,
fc_post_288,Fashion Community,Fashion Community,2026-08-04 18:38:59,User_851,Community recommendation request,Has anyone bought high quality cotton ethnic wear. I'm worried about color bleeding after washing. Should I go one size higher?,,,,,IndianFashionAddicts,,99.0,
fc_post_289,Fashion Community,Fashion Community,2026-06-10 18:38:59,User_627,Community recommendation request,Has anyone bought western dresses for birthday party. I'm worried about color bleeding after washing. Any advice from those who bought it?,,,,,IndianFashionAddicts,,179.0,
fc_post_290,Fashion Community,Fashion Community,2026-06-06 18:38:59,User_766,Community recommendation request,Help me choose between western dresses for birthday party. I need fit confidence before placing the order. Any advice from those who bought it?,,,,,IndianFashionAddicts,,114.0,
fc_post_291,Fashion Community,Fashion Community,2026-08-17 18:38:59,User_542,Community recommendation request,"General sizing query regarding high quality cotton ethnic wear. The size chart is confusing me, is it true to size? Any coupon codes currently working?",,,,,IndianFashionAddicts,,108.0,
fc_post_292,Fashion Community,Fashion Community,2026-07-15 18:38:59,User_392,Community recommendation request,Looking for recommendations on premium leather shoes on Myntra. I need fit confidence before placing the order. Should I go one size higher?,,,,,IndianFashionAddicts,,122.0,
fc_post_293,Fashion Community,Fashion Community,2026-05-27 18:38:59,User_837,Community recommendation request,"General sizing query regarding western dresses for birthday party. The size chart is confusing me, is it true to size? Should I go one size higher?",,,,,IndianFashionAddicts,,146.0,
fc_post_294,Fashion Community,Fashion Community,2026-08-02 18:38:59,User_961,Community recommendation request,Has anyone bought best fit jeans under 1500. I'm worried about color bleeding after washing. Is Ajio a better option for this brand?,,,,,IndianFashionAddicts,,62.0,
fc_post_295,Fashion Community,Fashion Community,2026-07-23 18:38:59,User_864,Community recommendation request,Looking for recommendations on high quality cotton ethnic wear. How is the fabric thickness for daily wear? Any coupon codes currently working?,,,,,IndianFashionAddicts,,124.0,
fc_post_296,Fashion Community,Fashion Community,2026-06-26 18:38:59,User_201,Community recommendation request,"Looking for recommendations on western dresses for birthday party. I have 10 of these in my wishlist, choice paralysis is real. Any advice from those who bought it?",,,,,IndianFashionAddicts,,29.0,
fc_post_297,Fashion Community,Fashion Community,2026-06-07 18:38:59,User_116,Community recommendation request,Has anyone bought Roadster vs Anouk kurtas. I'm worried about color bleeding after washing. Any advice from those who bought it?,,,,,IndianFashionAddicts,,119.0,
fc_post_298,Fashion Community,Fashion Community,2026-07-18 18:38:59,User_210,Community recommendation request,General sizing query regarding best fit jeans under 1500. I need fit confidence before placing the order. Does it shrink after washing?,,,,,IndianFashionAddicts,,98.0,
fc_post_299,Fashion Community,Fashion Community,2026-06-17 18:38:59,User_245,Community recommendation request,Comparison question for everyone: high quality cotton ethnic wear. How is the fabric thickness for daily wear? Should I go one size higher?,,,,,IndianFashionAddicts,,169.0,
sm_post_0,Social Media,Social Media,2026-07-30 18:38:59,handle_93,,"Wishlist is full, checkout is empty. Tag was slightly bent so return was rejected. Waste of money.",,https://twitter.com/status/gen_0,,,,,144.0,
sm_post_1,Social Media,Social Media,2026-07-25 18:38:59,handle_62,,Finally ordered the wishlisted item. Customer support is not resolving my query. Returning it immediately.,,https://twitter.com/status/gen_1,,,,,493.0,
sm_post_2,Social Media,Social Media,2026-06-05 18:38:59,handle_80,,Roadster clothing has zero size consistency. The fabric is so thin and transparent. Waste of money.,,https://twitter.com/status/gen_2,,,,,170.0,
sm_post_3,Social Media,Social Media,2026-06-05 18:38:59,handle_54,,Extremely frustrated with Myntra returns today. The sizing of this shirt is completely wrong. Returning it immediately.,,https://twitter.com/status/gen_3,,,,,73.0,
sm_post_4,Social Media,Social Media,2026-08-03 18:38:59,handle_11,,Why does Myntra increase prices before sales? The sizing of this shirt is completely wrong. Never buying this brand again.,,https://twitter.com/status/gen_4,,,,,438.0,
sm_post_5,Social Media,Social Media,2026-07-29 18:38:59,handle_98,,Roadster clothing has zero size consistency. Had this in wishlist for a month waiting for a drop. Returning it immediately.,,https://twitter.com/status/gen_5,,,,,41.0,
sm_post_6,Social Media,Social Media,2026-07-08 18:38:59,handle_81,,Just unboxed my new Myntra haul. Tag was slightly bent so return was rejected. Returning it immediately.,,https://twitter.com/status/gen_6,,,,,172.0,
sm_post_7,Social Media,Social Media,2026-06-02 18:38:59,handle_28,,Just unboxed my new Myntra haul. The fabric is so thin and transparent. Highly disappointed.,,https://twitter.com/status/gen_7,,,,,462.0,
sm_post_8,Social Media,Social Media,2026-06-04 18:38:59,handle_69,,Why does Myntra increase prices before sales? Tag was slightly bent so return was rejected. Never buying this brand again.,,https://twitter.com/status/gen_8,,,,,74.0,
sm_post_9,Social Media,Social Media,2026-07-30 18:38:59,handle_56,,Extremely frustrated with Myntra returns today. The fabric is so thin and transparent. Waste of money.,,https://twitter.com/status/gen_9,,,,,232.0,
sm_post_10,Social Media,Social Media,2026-06-26 18:38:59,handle_87,,Extremely frustrated with Myntra returns today. Had this in wishlist for a month waiting for a drop. Returning it immediately.,,https://twitter.com/status/gen_10,,,,,81.0,
sm_post_11,Social Media,Social Media,2026-06-06 18:38:59,handle_86,,Extremely frustrated with Myntra returns today. The sizing of this shirt is completely wrong. Fingers crossed it fits.,,https://twitter.com/status/gen_11,,,,,165.0,
sm_post_12,Social Media,Social Media,2026-07-03 18:38:59,handle_97,,Finally ordered the wishlisted item. The sizing of this shirt is completely wrong. Glad I checked the reviews.,,https://twitter.com/status/gen_12,,,,,411.0,
sm_post_13,Social Media,Social Media,2026-08-23 18:38:59,handle_91,,Just unboxed my new Myntra haul. Customer support is not resolving my query. Fingers crossed it fits.,,https://twitter.com/status/gen_13,,,,,395.0,
sm_post_14,Social Media,Social Media,2026-06-22 18:38:59,handle_74,,Just unboxed my new Myntra haul. The sizing of this shirt is completely wrong. Fingers crossed it fits.,,https://twitter.com/status/gen_14,,,,,427.0,
sm_post_15,Social Media,Social Media,2026-08-02 18:38:59,handle_79,,"Wishlist is full, checkout is empty. Tag was slightly bent so return was rejected. Fingers crossed it fits.",,https://twitter.com/status/gen_15,,,,,350.0,
sm_post_16,Social Media,Social Media,2026-06-12 18:38:59,handle_33,,"Wishlist is full, checkout is empty. Had this in wishlist for a month waiting for a drop. Waste of money.",,https://twitter.com/status/gen_16,,,,,327.0,
sm_post_17,Social Media,Social Media,2026-06-11 18:38:59,handle_91,,Extremely frustrated with Myntra returns today. Customer support is not resolving my query. Highly disappointed.,,https://twitter.com/status/gen_17,,,,,405.0,
sm_post_18,Social Media,Social Media,2026-06-28 18:38:59,handle_99,,Just unboxed my new Myntra haul. The fabric is so thin and transparent. Waste of money.,,https://twitter.com/status/gen_18,,,,,107.0,
sm_post_19,Social Media,Social Media,2026-06-23 18:38:59,handle_33,,"Wishlist is full, checkout is empty. Sizing chart was a complete lie. Waste of money.",,https://twitter.com/status/gen_19,,,,,105.0,
sm_post_20,Social Media,Social Media,2026-07-28 18:38:59,handle_34,,Why does Myntra increase prices before sales? Tag was slightly bent so return was rejected. Returning it immediately.,,https://twitter.com/status/gen_20,,,,,423.0,
sm_post_21,Social Media,Social Media,2026-07-26 18:38:59,handle_60,,"Wishlist is full, checkout is empty. Sizing chart was a complete lie. Fingers crossed it fits.",,https://twitter.com/status/gen_21,,,,,91.0,
sm_post_22,Social Media,Social Media,2026-07-29 18:38:59,handle_70,,"Wishlist is full, checkout is empty. Customer support is not resolving my query. Fingers crossed it fits.",,https://twitter.com/status/gen_22,,,,,169.0,
sm_post_23,Social Media,Social Media,2026-07-15 18:38:59,handle_82,,Why does Myntra increase prices before sales? Tag was slightly bent so return was rejected. Highly disappointed.,,https://twitter.com/status/gen_23,,,,,329.0,
sm_post_24,Social Media,Social Media,2026-05-26 18:38:59,handle_50,,Just unboxed my new Myntra haul. Customer support is not resolving my query. Highly disappointed.,,https://twitter.com/status/gen_24,,,,,66.0,
sm_post_25,Social Media,Social Media,2026-06-10 18:38:59,handle_77,,Extremely frustrated with Myntra returns today. The sizing of this shirt is completely wrong. Never buying this brand again.,,https://twitter.com/status/gen_25,,,,,453.0,
sm_post_26,Social Media,Social Media,2026-07-29 18:38:59,handle_25,,Roadster clothing has zero size consistency. The fabric is so thin and transparent. Glad I checked the reviews.,,https://twitter.com/status/gen_26,,,,,498.0,
sm_post_27,Social Media,Social Media,2026-07-29 18:38:59,handle_81,,Finally ordered the wishlisted item. Customer support is not resolving my query. Fingers crossed it fits.,,https://twitter.com/status/gen_27,,,,,317.0,
sm_post_28,Social Media,Social Media,2026-05-27 18:38:59,handle_41,,Finally ordered the wishlisted item. Tag was slightly bent so return was rejected. Glad I checked the reviews.,,https://twitter.com/status/gen_28,,,,,160.0,
sm_post_29,Social Media,Social Media,2026-07-19 18:38:59,handle_18,,Extremely frustrated with Myntra returns today. The fabric is so thin and transparent. Returning it immediately.,,https://twitter.com/status/gen_29,,,,,91.0,
sm_post_30,Social Media,Social Media,2026-06-25 18:38:59,handle_10,,Why does Myntra increase prices before sales? Tag was slightly bent so return was rejected. Fingers crossed it fits.,,https://twitter.com/status/gen_30,,,,,321.0,
sm_post_31,Social Media,Social Media,2026-07-27 18:38:59,handle_44,,Just unboxed my new Myntra haul. Sizing chart was a complete lie. Waste of money.,,https://twitter.com/status/gen_31,,,,,387.0,
sm_post_32,Social Media,Social Media,2026-08-21 18:38:59,handle_83,,Finally ordered the wishlisted item. The fabric is so thin and transparent. Fingers crossed it fits.,,https://twitter.com/status/gen_32,,,,,204.0,
sm_post_33,Social Media,Social Media,2026-05-29 18:38:59,handle_99,,"Wishlist is full, checkout is empty. Tag was slightly bent so return was rejected. Highly disappointed.",,https://twitter.com/status/gen_33,,,,,33.0,
sm_post_34,Social Media,Social Media,2026-07-04 18:38:59,handle_64,,"Wishlist is full, checkout is empty. Had this in wishlist for a month waiting for a drop. Glad I checked the reviews.",,https://twitter.com/status/gen_34,,,,,293.0,
sm_post_35,Social Media,Social Media,2026-07-30 18:38:59,handle_45,,Why does Myntra increase prices before sales? The sizing of this shirt is completely wrong. Waste of money.,,https://twitter.com/status/gen_35,,,,,157.0,
sm_post_36,Social Media,Social Media,2026-06-30 18:38:59,handle_94,,Roadster clothing has zero size consistency. Sizing chart was a complete lie. Returning it immediately.,,https://twitter.com/status/gen_36,,,,,276.0,
sm_post_37,Social Media,Social Media,2026-08-04 18:38:59,handle_34,,Finally ordered the wishlisted item. Sizing chart was a complete lie. Never buying this brand again.,,https://twitter.com/status/gen_37,,,,,128.0,
sm_post_38,Social Media,Social Media,2026-06-01 18:38:59,handle_51,,Roadster clothing has zero size consistency. Had this in wishlist for a month waiting for a drop. Waste of money.,,https://twitter.com/status/gen_38,,,,,41.0,
sm_post_39,Social Media,Social Media,2026-06-06 18:38:59,handle_47,,Roadster clothing has zero size consistency. Had this in wishlist for a month waiting for a drop. Fingers crossed it fits.,,https://twitter.com/status/gen_39,,,,,435.0,
sm_post_40,Social Media,Social Media,2026-06-21 18:38:59,handle_14,,Just unboxed my new Myntra haul. Sizing chart was a complete lie. Fingers crossed it fits.,,https://twitter.com/status/gen_40,,,,,30.0,
sm_post_41,Social Media,Social Media,2026-08-07 18:38:59,handle_75,,Extremely frustrated with Myntra returns today. Customer support is not resolving my query. Glad I checked the reviews.,,https://twitter.com/status/gen_41,,,,,50.0,
sm_post_42,Social Media,Social Media,2026-06-06 18:38:59,handle_45,,Why does Myntra increase prices before sales? Had this in wishlist for a month waiting for a drop. Returning it immediately.,,https://twitter.com/status/gen_42,,,,,243.0,
sm_post_43,Social Media,Social Media,2026-06-19 18:38:59,handle_57,,Finally ordered the wishlisted item. The sizing of this shirt is completely wrong. Never buying this brand again.,,https://twitter.com/status/gen_43,,,,,199.0,
sm_post_44,Social Media,Social Media,2026-06-11 18:38:59,handle_31,,Roadster clothing has zero size consistency. The sizing of this shirt is completely wrong. Returning it immediately.,,https://twitter.com/status/gen_44,,,,,452.0,
sm_post_45,Social Media,Social Media,2026-07-01 18:38:59,handle_81,,"Wishlist is full, checkout is empty. Had this in wishlist for a month waiting for a drop. Fingers crossed it fits.",,https://twitter.com/status/gen_45,,,,,405.0,
sm_post_46,Social Media,Social Media,2026-07-14 18:38:59,handle_59,,Just unboxed my new Myntra haul. The fabric is so thin and transparent. Fingers crossed it fits.,,https://twitter.com/status/gen_46,,,,,6.0,
sm_post_47,Social Media,Social Media,2026-06-01 18:38:59,handle_19,,Just unboxed my new Myntra haul. Had this in wishlist for a month waiting for a drop. Glad I checked the reviews.,,https://twitter.com/status/gen_47,,,,,305.0,
sm_post_48,Social Media,Social Media,2026-06-29 18:38:59,handle_60,,Roadster clothing has zero size consistency. Had this in wishlist for a month waiting for a drop. Glad I checked the reviews.,,https://twitter.com/status/gen_48,,,,,422.0,
sm_post_49,Social Media,Social Media,2026-07-03 18:38:59,handle_68,,Roadster clothing has zero size consistency. Customer support is not resolving my query. Glad I checked the reviews.,,https://twitter.com/status/gen_49,,,,,483.0,
sm_post_50,Social Media,Social Media,2026-07-04 18:38:59,handle_45,,"Wishlist is full, checkout is empty. Sizing chart was a complete lie. Highly disappointed.",,https://twitter.com/status/gen_50,,,,,111.0,
sm_post_51,Social Media,Social Media,2026-06-19 18:38:59,handle_78,,Why does Myntra increase prices before sales? Sizing chart was a complete lie. Waste of money.,,https://twitter.com/status/gen_51,,,,,240.0,
sm_post_52,Social Media,Social Media,2026-05-29 18:38:59,handle_32,,Just unboxed my new Myntra haul. The fabric is so thin and transparent. Returning it immediately.,,https://twitter.com/status/gen_52,,,,,201.0,
sm_post_53,Social Media,Social Media,2026-06-29 18:38:59,handle_37,,Finally ordered the wishlisted item. The fabric is so thin and transparent. Never buying this brand again.,,https://twitter.com/status/gen_53,,,,,383.0,
sm_post_54,Social Media,Social Media,2026-07-11 18:38:59,handle_56,,Why does Myntra increase prices before sales? Customer support is not resolving my query. Fingers crossed it fits.,,https://twitter.com/status/gen_54,,,,,333.0,
sm_post_55,Social Media,Social Media,2026-06-25 18:38:59,handle_11,,Just unboxed my new Myntra haul. The fabric is so thin and transparent. Never buying this brand again.,,https://twitter.com/status/gen_55,,,,,69.0,
sm_post_56,Social Media,Social Media,2026-05-26 18:38:59,handle_65,,Roadster clothing has zero size consistency. Sizing chart was a complete lie. Never buying this brand again.,,https://twitter.com/status/gen_56,,,,,444.0,
sm_post_57,Social Media,Social Media,2026-06-29 18:38:59,handle_62,,Just unboxed my new Myntra haul. Tag was slightly bent so return was rejected. Waste of money.,,https://twitter.com/status/gen_57,,,,,78.0,
sm_post_58,Social Media,Social Media,2026-06-30 18:38:59,handle_33,,Why does Myntra increase prices before sales? The fabric is so thin and transparent. Waste of money.,,https://twitter.com/status/gen_58,,,,,493.0,
sm_post_59,Social Media,Social Media,2026-07-27 18:38:59,handle_22,,Why does Myntra increase prices before sales? The fabric is so thin and transparent. Glad I checked the reviews.,,https://twitter.com/status/gen_59,,,,,55.0,
sm_post_60,Social Media,Social Media,2026-05-26 18:38:59,handle_75,,Just unboxed my new Myntra haul. Had this in wishlist for a month waiting for a drop. Returning it immediately.,,https://twitter.com/status/gen_60,,,,,336.0,
sm_post_61,Social Media,Social Media,2026-07-26 18:38:59,handle_28,,Finally ordered the wishlisted item. Had this in wishlist for a month waiting for a drop. Glad I checked the reviews.,,https://twitter.com/status/gen_61,,,,,313.0,
sm_post_62,Social Media,Social Media,2026-06-10 18:38:59,handle_78,,Extremely frustrated with Myntra returns today. Had this in wishlist for a month waiting for a drop. Fingers crossed it fits.,,https://twitter.com/status/gen_62,,,,,276.0,
sm_post_63,Social Media,Social Media,2026-07-29 18:38:59,handle_78,,"Wishlist is full, checkout is empty. Sizing chart was a complete lie. Returning it immediately.",,https://twitter.com/status/gen_63,,,,,259.0,
sm_post_64,Social Media,Social Media,2026-05-29 18:38:59,handle_83,,Just unboxed my new Myntra haul. Sizing chart was a complete lie. Returning it immediately.,,https://twitter.com/status/gen_64,,,,,37.0,
sm_post_65,Social Media,Social Media,2026-07-14 18:38:59,handle_55,,Why does Myntra increase prices before sales? Had this in wishlist for a month waiting for a drop. Never buying this brand again.,,https://twitter.com/status/gen_65,,,,,195.0,
sm_post_66,Social Media,Social Media,2026-07-22 18:38:59,handle_56,,Why does Myntra increase prices before sales? The fabric is so thin and transparent. Never buying this brand again.,,https://twitter.com/status/gen_66,,,,,258.0,
sm_post_67,Social Media,Social Media,2026-08-14 18:38:59,handle_50,,Why does Myntra increase prices before sales? Had this in wishlist for a month waiting for a drop. Fingers crossed it fits.,,https://twitter.com/status/gen_67,,,,,425.0,
sm_post_68,Social Media,Social Media,2026-06-11 18:38:59,handle_77,,Roadster clothing has zero size consistency. The fabric is so thin and transparent. Never buying this brand again.,,https://twitter.com/status/gen_68,,,,,306.0,
sm_post_69,Social Media,Social Media,2026-07-14 18:38:59,handle_49,,"Wishlist is full, checkout is empty. The sizing of this shirt is completely wrong. Glad I checked the reviews.",,https://twitter.com/status/gen_69,,,,,179.0,
sm_post_70,Social Media,Social Media,2026-06-26 18:38:59,handle_21,,Finally ordered the wishlisted item. The fabric is so thin and transparent. Glad I checked the reviews.,,https://twitter.com/status/gen_70,,,,,7.0,
sm_post_71,Social Media,Social Media,2026-06-18 18:38:59,handle_47,,Finally ordered the wishlisted item. Had this in wishlist for a month waiting for a drop. Waste of money.,,https://twitter.com/status/gen_71,,,,,197.0,
sm_post_72,Social Media,Social Media,2026-06-17 18:38:59,handle_90,,Finally ordered the wishlisted item. Customer support is not resolving my query. Glad I checked the reviews.,,https://twitter.com/status/gen_72,,,,,34.0,
sm_post_73,Social Media,Social Media,2026-05-29 18:38:59,handle_86,,Extremely frustrated with Myntra returns today. Customer support is not resolving my query. Fingers crossed it fits.,,https://twitter.com/status/gen_73,,,,,83.0,
sm_post_74,Social Media,Social Media,2026-08-14 18:38:59,handle_76,,Roadster clothing has zero size consistency. Sizing chart was a complete lie. Waste of money.,,https://twitter.com/status/gen_74,,,,,457.0,
sm_post_75,Social Media,Social Media,2026-07-30 18:38:59,handle_43,,Finally ordered the wishlisted item. The sizing of this shirt is completely wrong. Highly disappointed.,,https://twitter.com/status/gen_75,,,,,431.0,
sm_post_76,Social Media,Social Media,2026-08-04 18:38:59,handle_50,,"Wishlist is full, checkout is empty. The sizing of this shirt is completely wrong. Never buying this brand again.",,https://twitter.com/status/gen_76,,,,,208.0,
sm_post_77,Social Media,Social Media,2026-05-28 18:38:59,handle_47,,Roadster clothing has zero size consistency. The fabric is so thin and transparent. Returning it immediately.,,https://twitter.com/status/gen_77,,,,,10.0,
sm_post_78,Social Media,Social Media,2026-06-15 18:38:59,handle_57,,Extremely frustrated with Myntra returns today. Had this in wishlist for a month waiting for a drop. Never buying this brand again.,,https://twitter.com/status/gen_78,,,,,473.0,
sm_post_79,Social Media,Social Media,2026-07-30 18:38:59,handle_14,,Just unboxed my new Myntra haul. The sizing of this shirt is completely wrong. Never buying this brand again.,,https://twitter.com/status/gen_79,,,,,318.0,
sm_post_80,Social Media,Social Media,2026-05-27 18:38:59,handle_43,,Extremely frustrated with Myntra returns today. Sizing chart was a complete lie. Fingers crossed it fits.,,https://twitter.com/status/gen_80,,,,,12.0,
sm_post_81,Social Media,Social Media,2026-07-12 18:38:59,handle_92,,Roadster clothing has zero size consistency. Had this in wishlist for a month waiting for a drop. Highly disappointed.,,https://twitter.com/status/gen_81,,,,,293.0,
sm_post_82,Social Media,Social Media,2026-07-11 18:38:59,handle_82,,Why does Myntra increase prices before sales? Tag was slightly bent so return was rejected. Glad I checked the reviews.,,https://twitter.com/status/gen_82,,,,,300.0,
sm_post_83,Social Media,Social Media,2026-06-29 18:38:59,handle_76,,Just unboxed my new Myntra haul. Customer support is not resolving my query. Glad I checked the reviews.,,https://twitter.com/status/gen_83,,,,,88.0,
sm_post_84,Social Media,Social Media,2026-08-03 18:38:59,handle_65,,"Wishlist is full, checkout is empty. Had this in wishlist for a month waiting for a drop. Never buying this brand again.",,https://twitter.com/status/gen_84,,,,,424.0,
sm_post_85,Social Media,Social Media,2026-07-25 18:38:59,handle_15,,"Wishlist is full, checkout is empty. The fabric is so thin and transparent. Highly disappointed.",,https://twitter.com/status/gen_85,,,,,196.0,
sm_post_86,Social Media,Social Media,2026-06-29 18:38:59,handle_68,,Why does Myntra increase prices before sales? Customer support is not resolving my query. Waste of money.,,https://twitter.com/status/gen_86,,,,,100.0,
sm_post_87,Social Media,Social Media,2026-08-18 18:38:59,handle_69,,Finally ordered the wishlisted item. Had this in wishlist for a month waiting for a drop. Highly disappointed.,,https://twitter.com/status/gen_87,,,,,157.0,
sm_post_88,Social Media,Social Media,2026-07-05 18:38:59,handle_48,,Roadster clothing has zero size consistency. Tag was slightly bent so return was rejected. Returning it immediately.,,https://twitter.com/status/gen_88,,,,,368.0,
sm_post_89,Social Media,Social Media,2026-06-12 18:38:59,handle_37,,Finally ordered the wishlisted item. Tag was slightly bent so return was rejected. Waste of money.,,https://twitter.com/status/gen_89,,,,,245.0,
sm_post_90,Social Media,Social Media,2026-06-27 18:38:59,handle_93,,Extremely frustrated with Myntra returns today. Tag was slightly bent so return was rejected. Never buying this brand again.,,https://twitter.com/status/gen_90,,,,,202.0,
sm_post_91,Social Media,Social Media,2026-07-20 18:38:59,handle_75,,"Wishlist is full, checkout is empty. Customer support is not resolving my query. Highly disappointed.",,https://twitter.com/status/gen_91,,,,,114.0,
sm_post_92,Social Media,Social Media,2026-08-21 18:38:59,handle_82,,Finally ordered the wishlisted item. Tag was slightly bent so return was rejected. Returning it immediately.,,https://twitter.com/status/gen_92,,,,,311.0,
sm_post_93,Social Media,Social Media,2026-07-18 18:38:59,handle_96,,"Wishlist is full, checkout is empty. Customer support is not resolving my query. Returning it immediately.",,https://twitter.com/status/gen_93,,,,,433.0,
sm_post_94,Social Media,Social Media,2026-06-10 18:38:59,handle_75,,"Wishlist is full, checkout is empty. The sizing of this shirt is completely wrong. Returning it immediately.",,https://twitter.com/status/gen_94,,,,,146.0,
sm_post_95,Social Media,Social Media,2026-06-18 18:38:59,handle_49,,Finally ordered the wishlisted item. The sizing of this shirt is completely wrong. Waste of money.,,https://twitter.com/status/gen_95,,,,,1.0,
sm_post_96,Social Media,Social Media,2026-06-21 18:38:59,handle_78,,Roadster clothing has zero size consistency. Had this in wishlist for a month waiting for a drop. Never buying this brand again.,,https://twitter.com/status/gen_96,,,,,277.0,
sm_post_97,Social Media,Social Media,2026-07-26 18:38:59,handle_40,,Why does Myntra increase prices before sales? Had this in wishlist for a month waiting for a drop. Glad I checked the reviews.,,https://twitter.com/status/gen_97,,,,,62.0,
sm_post_98,Social Media,Social Media,2026-08-18 18:38:59,handle_25,,Just unboxed my new Myntra haul. Tag was slightly bent so return was rejected. Glad I checked the reviews.,,https://twitter.com/status/gen_98,,,,,253.0,
sm_post_99,Social Media,Social Media,2026-08-23 18:38:59,handle_47,,Extremely frustrated with Myntra returns today. Tag was slightly bent so return was rejected. Returning it immediately.,,https://twitter.com/status/gen_99,,,,,336.0,
sm_post_100,Social Media,Social Media,2026-07-10 18:38:59,handle_27,,Just unboxed my new Myntra haul. The sizing of this shirt is completely wrong. Glad I checked the reviews.,,https://twitter.com/status/gen_100,,,,,407.0,
sm_post_101,Social Media,Social Media,2026-06-16 18:38:59,handle_67,,Why does Myntra increase prices before sales? Sizing chart was a complete lie. Returning it immediately.,,https://twitter.com/status/gen_101,,,,,458.0,
sm_post_102,Social Media,Social Media,2026-06-20 18:38:59,handle_28,,"Wishlist is full, checkout is empty. Tag was slightly bent so return was rejected. Never buying this brand again.",,https://twitter.com/status/gen_102,,,,,341.0,
sm_post_103,Social Media,Social Media,2026-07-27 18:38:59,handle_19,,Finally ordered the wishlisted item. The sizing of this shirt is completely wrong. Fingers crossed it fits.,,https://twitter.com/status/gen_103,,,,,222.0,
sm_post_104,Social Media,Social Media,2026-07-10 18:38:59,handle_62,,Extremely frustrated with Myntra returns today. Tag was slightly bent so return was rejected. Highly disappointed.,,https://twitter.com/status/gen_104,,,,,42.0,
sm_post_105,Social Media,Social Media,2026-07-21 18:38:59,handle_76,,Roadster clothing has zero size consistency. The sizing of this shirt is completely wrong. Waste of money.,,https://twitter.com/status/gen_105,,,,,307.0,
sm_post_106,Social Media,Social Media,2026-07-09 18:38:59,handle_89,,Finally ordered the wishlisted item. Tag was slightly bent so return was rejected. Highly disappointed.,,https://twitter.com/status/gen_106,,,,,281.0,
sm_post_107,Social Media,Social Media,2026-08-23 18:38:59,handle_76,,Just unboxed my new Myntra haul. Sizing chart was a complete lie. Glad I checked the reviews.,,https://twitter.com/status/gen_107,,,,,492.0,
sm_post_108,Social Media,Social Media,2026-07-15 18:38:59,handle_87,,"Wishlist is full, checkout is empty. Customer support is not resolving my query. Never buying this brand again.",,https://twitter.com/status/gen_108,,,,,220.0,
sm_post_109,Social Media,Social Media,2026-07-19 18:38:59,handle_25,,Why does Myntra increase prices before sales? Sizing chart was a complete lie. Never buying this brand again.,,https://twitter.com/status/gen_109,,,,,373.0,
sm_post_110,Social Media,Social Media,2026-08-15 18:38:59,handle_17,,Why does Myntra increase prices before sales? The fabric is so thin and transparent. Returning it immediately.,,https://twitter.com/status/gen_110,,,,,22.0,
sm_post_111,Social Media,Social Media,2026-08-16 18:38:59,handle_12,,Finally ordered the wishlisted item. Sizing chart was a complete lie. Returning it immediately.,,https://twitter.com/status/gen_111,,,,,464.0,
sm_post_112,Social Media,Social Media,2026-06-06 18:38:59,handle_64,,Finally ordered the wishlisted item. Customer support is not resolving my query. Never buying this brand again.,,https://twitter.com/status/gen_112,,,,,470.0,
sm_post_113,Social Media,Social Media,2026-08-20 18:38:59,handle_58,,Extremely frustrated with Myntra returns today. Tag was slightly bent so return was rejected. Fingers crossed it fits.,,https://twitter.com/status/gen_113,,,,,462.0,
sm_post_114,Social Media,Social Media,2026-06-05 18:38:59,handle_90,,Finally ordered the wishlisted item. Tag was slightly bent so return was rejected. Fingers crossed it fits.,,https://twitter.com/status/gen_114,,,,,144.0,
sm_post_115,Social Media,Social Media,2026-06-17 18:38:59,handle_83,,Why does Myntra increase prices before sales? The sizing of this shirt is completely wrong. Glad I checked the reviews.,,https://twitter.com/status/gen_115,,,,,94.0,
sm_post_116,Social Media,Social Media,2026-06-13 18:38:59,handle_95,,"Wishlist is full, checkout is empty. The fabric is so thin and transparent. Waste of money.",,https://twitter.com/status/gen_116,,,,,365.0,
sm_post_117,Social Media,Social Media,2026-06-11 18:38:59,handle_83,,Finally ordered the wishlisted item. Sizing chart was a complete lie. Glad I checked the reviews.,,https://twitter.com/status/gen_117,,,,,44.0,
sm_post_118,Social Media,Social Media,2026-06-28 18:38:59,handle_40,,Extremely frustrated with Myntra returns today. Customer support is not resolving my query. Waste of money.,,https://twitter.com/status/gen_118,,,,,344.0,
sm_post_119,Social Media,Social Media,2026-07-29 18:38:59,handle_12,,Just unboxed my new Myntra haul. The sizing of this shirt is completely wrong. Returning it immediately.,,https://twitter.com/status/gen_119,,,,,469.0,
sm_post_120,Social Media,Social Media,2026-06-15 18:38:59,handle_61,,"Wishlist is full, checkout is empty. The fabric is so thin and transparent. Glad I checked the reviews.",,https://twitter.com/status/gen_120,,,,,256.0,
sm_post_121,Social Media,Social Media,2026-08-15 18:38:59,handle_87,,Just unboxed my new Myntra haul. Had this in wishlist for a month waiting for a drop. Never buying this brand again.,,https://twitter.com/status/gen_121,,,,,446.0,
sm_post_122,Social Media,Social Media,2026-07-08 18:38:59,handle_66,,Why does Myntra increase prices before sales? Sizing chart was a complete lie. Glad I checked the reviews.,,https://twitter.com/status/gen_122,,,,,11.0,
sm_post_123,Social Media,Social Media,2026-07-27 18:38:59,handle_30,,Just unboxed my new Myntra haul. The sizing of this shirt is completely wrong. Waste of money.,,https://twitter.com/status/gen_123,,,,,419.0,
sm_post_124,Social Media,Social Media,2026-07-16 18:38:59,handle_43,,Roadster clothing has zero size consistency. The fabric is so thin and transparent. Fingers crossed it fits.,,https://twitter.com/status/gen_124,,,,,462.0,
sm_post_125,Social Media,Social Media,2026-06-04 18:38:59,handle_31,,Why does Myntra increase prices before sales? Tag was slightly bent so return was rejected. Waste of money.,,https://twitter.com/status/gen_125,,,,,63.0,
sm_post_126,Social Media,Social Media,2026-08-07 18:38:59,handle_19,,"Wishlist is full, checkout is empty. Sizing chart was a complete lie. Never buying this brand again.",,https://twitter.com/status/gen_126,,,,,53.0,
sm_post_127,Social Media,Social Media,2026-05-29 18:38:59,handle_78,,Extremely frustrated with Myntra returns today. Tag was slightly bent so return was rejected. Waste of money.,,https://twitter.com/status/gen_127,,,,,175.0,
sm_post_128,Social Media,Social Media,2026-08-23 18:38:59,handle_59,,"Wishlist is full, checkout is empty. Customer support is not resolving my query. Glad I checked the reviews.",,https://twitter.com/status/gen_128,,,,,376.0,
sm_post_129,Social Media,Social Media,2026-06-25 18:38:59,handle_80,,Finally ordered the wishlisted item. Had this in wishlist for a month waiting for a drop. Fingers crossed it fits.,,https://twitter.com/status/gen_129,,,,,77.0,
sm_post_130,Social Media,Social Media,2026-07-07 18:38:59,handle_22,,Roadster clothing has zero size consistency. Tag was slightly bent so return was rejected. Never buying this brand again.,,https://twitter.com/status/gen_130,,,,,4.0,
sm_post_131,Social Media,Social Media,2026-08-12 18:38:59,handle_68,,Just unboxed my new Myntra haul. The sizing of this shirt is completely wrong. Highly disappointed.,,https://twitter.com/status/gen_131,,,,,414.0,
sm_post_132,Social Media,Social Media,2026-08-16 18:38:59,handle_88,,Extremely frustrated with Myntra returns today. Customer support is not resolving my query. Never buying this brand again.,,https://twitter.com/status/gen_132,,,,,326.0,
sm_post_133,Social Media,Social Media,2026-07-16 18:38:59,handle_34,,Finally ordered the wishlisted item. Sizing chart was a complete lie. Highly disappointed.,,https://twitter.com/status/gen_133,,,,,435.0,
sm_post_134,Social Media,Social Media,2026-06-15 18:38:59,handle_52,,Extremely frustrated with Myntra returns today. Sizing chart was a complete lie. Never buying this brand again.,,https://twitter.com/status/gen_134,,,,,460.0,
sm_post_135,Social Media,Social Media,2026-05-31 18:38:59,handle_44,,"Wishlist is full, checkout is empty. Sizing chart was a complete lie. Glad I checked the reviews.",,https://twitter.com/status/gen_135,,,,,249.0,
sm_post_136,Social Media,Social Media,2026-08-02 18:38:59,handle_34,,Why does Myntra increase prices before sales? The sizing of this shirt is completely wrong. Returning it immediately.,,https://twitter.com/status/gen_136,,,,,423.0,
sm_post_137,Social Media,Social Media,2026-07-20 18:38:59,handle_28,,Finally ordered the wishlisted item. Sizing chart was a complete lie. Waste of money.,,https://twitter.com/status/gen_137,,,,,65.0,
sm_post_138,Social Media,Social Media,2026-07-03 18:38:59,handle_94,,Why does Myntra increase prices before sales? Customer support is not resolving my query. Highly disappointed.,,https://twitter.com/status/gen_138,,,,,367.0,
sm_post_139,Social Media,Social Media,2026-06-06 18:38:59,handle_52,,Extremely frustrated with Myntra returns today. The sizing of this shirt is completely wrong. Waste of money.,,https://twitter.com/status/gen_139,,,,,476.0,
sm_post_140,Social Media,Social Media,2026-05-28 18:38:59,handle_38,,"Wishlist is full, checkout is empty. The sizing of this shirt is completely wrong. Waste of money.",,https://twitter.com/status/gen_140,,,,,459.0,
sm_post_141,Social Media,Social Media,2026-08-23 18:38:59,handle_10,,Why does Myntra increase prices before sales? The sizing of this shirt is completely wrong. Highly disappointed.,,https://twitter.com/status/gen_141,,,,,259.0,
sm_post_142,Social Media,Social Media,2026-08-17 18:38:59,handle_82,,Why does Myntra increase prices before sales? Had this in wishlist for a month waiting for a drop. Highly disappointed.,,https://twitter.com/status/gen_142,,,,,208.0,
sm_post_143,Social Media,Social Media,2026-08-15 18:38:59,handle_48,,"Wishlist is full, checkout is empty. Tag was slightly bent so return was rejected. Glad I checked the reviews.",,https://twitter.com/status/gen_143,,,,,141.0,
sm_post_144,Social Media,Social Media,2026-07-16 18:38:59,handle_27,,Just unboxed my new Myntra haul. Customer support is not resolving my query. Returning it immediately.,,https://twitter.com/status/gen_144,,,,,75.0,
sm_post_145,Social Media,Social Media,2026-06-23 18:38:59,handle_96,,Roadster clothing has zero size consistency. The sizing of this shirt is completely wrong. Highly disappointed.,,https://twitter.com/status/gen_145,,,,,402.0,
sm_post_146,Social Media,Social Media,2026-07-28 18:38:59,handle_97,,Finally ordered the wishlisted item. The sizing of this shirt is completely wrong. Returning it immediately.,,https://twitter.com/status/gen_146,,,,,181.0,
sm_post_147,Social Media,Social Media,2026-08-13 18:38:59,handle_98,,Just unboxed my new Myntra haul. The fabric is so thin and transparent. Glad I checked the reviews.,,https://twitter.com/status/gen_147,,,,,257.0,
sm_post_148,Social Media,Social Media,2026-06-17 18:38:59,handle_17,,Why does Myntra increase prices before sales? Customer support is not resolving my query. Returning it immediately.,,https://twitter.com/status/gen_148,,,,,224.0,
sm_post_149,Social Media,Social Media,2026-08-11 18:38:59,handle_53,,Extremely frustrated with Myntra returns today. Had this in wishlist for a month waiting for a drop. Waste of money.,,https://twitter.com/status/gen_149,,,,,282.0,
sm_post_150,Social Media,Social Media,2026-08-17 18:38:59,handle_55,,Finally ordered the wishlisted item. Had this in wishlist for a month waiting for a drop. Returning it immediately.,,https://twitter.com/status/gen_150,,,,,394.0,
sm_post_151,Social Media,Social Media,2026-06-18 18:38:59,handle_34,,Why does Myntra increase prices before sales? Customer support is not resolving my query. Glad I checked the reviews.,,https://twitter.com/status/gen_151,,,,,281.0,
sm_post_152,Social Media,Social Media,2026-08-02 18:38:59,handle_56,,"Wishlist is full, checkout is empty. Had this in wishlist for a month waiting for a drop. Highly disappointed.",,https://twitter.com/status/gen_152,,,,,251.0,
sm_post_153,Social Media,Social Media,2026-07-03 18:38:59,handle_20,,Just unboxed my new Myntra haul. Customer support is not resolving my query. Never buying this brand again.,,https://twitter.com/status/gen_153,,,,,187.0,
sm_post_154,Social Media,Social Media,2026-06-03 18:38:59,handle_19,,Just unboxed my new Myntra haul. Tag was slightly bent so return was rejected. Highly disappointed.,,https://twitter.com/status/gen_154,,,,,159.0,
sm_post_155,Social Media,Social Media,2026-08-23 18:38:59,handle_62,,Just unboxed my new Myntra haul. Tag was slightly bent so return was rejected. Never buying this brand again.,,https://twitter.com/status/gen_155,,,,,326.0,
sm_post_156,Social Media,Social Media,2026-06-06 18:38:59,handle_24,,Just unboxed my new Myntra haul. Had this in wishlist for a month waiting for a drop. Fingers crossed it fits.,,https://twitter.com/status/gen_156,,,,,470.0,
sm_post_157,Social Media,Social Media,2026-07-25 18:38:59,handle_68,,Finally ordered the wishlisted item. The fabric is so thin and transparent. Waste of money.,,https://twitter.com/status/gen_157,,,,,129.0,
sm_post_158,Social Media,Social Media,2026-08-07 18:38:59,handle_43,,Why does Myntra increase prices before sales? Customer support is not resolving my query. Never buying this brand again.,,https://twitter.com/status/gen_158,,,,,242.0,
sm_post_159,Social Media,Social Media,2026-07-08 18:38:59,handle_17,,Just unboxed my new Myntra haul. Sizing chart was a complete lie. Never buying this brand again.,,https://twitter.com/status/gen_159,,,,,1.0,
sm_post_160,Social Media,Social Media,2026-05-27 18:38:59,handle_82,,Why does Myntra increase prices before sales? Had this in wishlist for a month waiting for a drop. Waste of money.,,https://twitter.com/status/gen_160,,,,,190.0,
sm_post_161,Social Media,Social Media,2026-08-21 18:38:59,handle_22,,Extremely frustrated with Myntra returns today. The fabric is so thin and transparent. Highly disappointed.,,https://twitter.com/status/gen_161,,,,,2.0,
sm_post_162,Social Media,Social Media,2026-07-19 18:38:59,handle_94,,Roadster clothing has zero size consistency. Customer support is not resolving my query. Fingers crossed it fits.,,https://twitter.com/status/gen_162,,,,,429.0,
sm_post_163,Social Media,Social Media,2026-07-15 18:38:59,handle_86,,Roadster clothing has zero size consistency. Customer support is not resolving my query. Never buying this brand again.,,https://twitter.com/status/gen_163,,,,,413.0,
sm_post_164,Social Media,Social Media,2026-08-03 18:38:59,handle_65,,Why does Myntra increase prices before sales? Sizing chart was a complete lie. Fingers crossed it fits.,,https://twitter.com/status/gen_164,,,,,112.0,
sm_post_165,Social Media,Social Media,2026-07-11 18:38:59,handle_30,,Extremely frustrated with Myntra returns today. Sizing chart was a complete lie. Waste of money.,,https://twitter.com/status/gen_165,,,,,167.0,
sm_post_166,Social Media,Social Media,2026-07-02 18:38:59,handle_21,,Extremely frustrated with Myntra returns today. The fabric is so thin and transparent. Never buying this brand again.,,https://twitter.com/status/gen_166,,,,,20.0,
sm_post_167,Social Media,Social Media,2026-07-16 18:38:59,handle_76,,Roadster clothing has zero size consistency. Customer support is not resolving my query. Highly disappointed.,,https://twitter.com/status/gen_167,,,,,5.0,
sm_post_168,Social Media,Social Media,2026-07-18 18:38:59,handle_57,,"Wishlist is full, checkout is empty. The fabric is so thin and transparent. Returning it immediately.",,https://twitter.com/status/gen_168,,,,,82.0,
sm_post_169,Social Media,Social Media,2026-08-12 18:38:59,handle_93,,"Wishlist is full, checkout is empty. The sizing of this shirt is completely wrong. Fingers crossed it fits.",,https://twitter.com/status/gen_169,,,,,417.0,
sm_post_170,Social Media,Social Media,2026-08-09 18:38:59,handle_56,,Why does Myntra increase prices before sales? Sizing chart was a complete lie. Highly disappointed.,,https://twitter.com/status/gen_170,,,,,463.0,
sm_post_171,Social Media,Social Media,2026-07-20 18:38:59,handle_14,,Extremely frustrated with Myntra returns today. The fabric is so thin and transparent. Glad I checked the reviews.,,https://twitter.com/status/gen_171,,,,,437.0,
sm_post_172,Social Media,Social Media,2026-06-08 18:38:59,handle_15,,"Wishlist is full, checkout is empty. Tag was slightly bent so return was rejected. Returning it immediately.",,https://twitter.com/status/gen_172,,,,,304.0,
sm_post_173,Social Media,Social Media,2026-08-15 18:38:59,handle_77,,Extremely frustrated with Myntra returns today. Customer support is not resolving my query. Returning it immediately.,,https://twitter.com/status/gen_173,,,,,387.0,
sm_post_174,Social Media,Social Media,2026-05-26 18:38:59,handle_11,,Roadster clothing has zero size consistency. Tag was slightly bent so return was rejected. Highly disappointed.,,https://twitter.com/status/gen_174,,,,,264.0,
sm_post_175,Social Media,Social Media,2026-06-24 18:38:59,handle_82,,Finally ordered the wishlisted item. Sizing chart was a complete lie. Fingers crossed it fits.,,https://twitter.com/status/gen_175,,,,,81.0,
sm_post_176,Social Media,Social Media,2026-08-15 18:38:59,handle_32,,Roadster clothing has zero size consistency. Sizing chart was a complete lie. Highly disappointed.,,https://twitter.com/status/gen_176,,,,,400.0,
sm_post_177,Social Media,Social Media,2026-06-27 18:38:59,handle_26,,"Wishlist is full, checkout is empty. The sizing of this shirt is completely wrong. Highly disappointed.",,https://twitter.com/status/gen_177,,,,,279.0,
sm_post_178,Social Media,Social Media,2026-06-24 18:38:59,handle_77,,Roadster clothing has zero size consistency. Tag was slightly bent so return was rejected. Waste of money.,,https://twitter.com/status/gen_178,,,,,215.0,
sm_post_179,Social Media,Social Media,2026-07-07 18:38:59,handle_15,,Roadster clothing has zero size consistency. Customer support is not resolving my query. Returning it immediately.,,https://twitter.com/status/gen_179,,,,,385.0,
sm_post_180,Social Media,Social Media,2026-08-14 18:38:59,handle_41,,Roadster clothing has zero size consistency. The sizing of this shirt is completely wrong. Fingers crossed it fits.,,https://twitter.com/status/gen_180,,,,,107.0,
sm_post_181,Social Media,Social Media,2026-08-22 18:38:59,handle_12,,Extremely frustrated with Myntra returns today. The sizing of this shirt is completely wrong. Glad I checked the reviews.,,https://twitter.com/status/gen_181,,,,,257.0,
sm_post_182,Social Media,Social Media,2026-07-23 18:38:59,handle_11,,Extremely frustrated with Myntra returns today. Had this in wishlist for a month waiting for a drop. Glad I checked the reviews.,,https://twitter.com/status/gen_182,,,,,397.0,
sm_post_183,Social Media,Social Media,2026-07-28 18:38:59,handle_35,,"Wishlist is full, checkout is empty. The fabric is so thin and transparent. Never buying this brand again.",,https://twitter.com/status/gen_183,,,,,339.0,
sm_post_184,Social Media,Social Media,2026-05-28 18:38:59,handle_34,,Extremely frustrated with Myntra returns today. The fabric is so thin and transparent. Fingers crossed it fits.,,https://twitter.com/status/gen_184,,,,,363.0,
sm_post_185,Social Media,Social Media,2026-08-13 18:38:59,handle_55,,Roadster clothing has zero size consistency. The sizing of this shirt is completely wrong. Glad I checked the reviews.,,https://twitter.com/status/gen_185,,,,,179.0,
sm_post_186,Social Media,Social Media,2026-08-11 18:38:59,handle_46,,Extremely frustrated with Myntra returns today. Sizing chart was a complete lie. Glad I checked the reviews.,,https://twitter.com/status/gen_186,,,,,376.0,
sm_post_187,Social Media,Social Media,2026-06-13 18:38:59,handle_63,,Roadster clothing has zero size consistency. The fabric is so thin and transparent. Highly disappointed.,,https://twitter.com/status/gen_187,,,,,313.0,
sm_post_188,Social Media,Social Media,2026-08-15 18:38:59,handle_77,,Just unboxed my new Myntra haul. Tag was slightly bent so return was rejected. Fingers crossed it fits.,,https://twitter.com/status/gen_188,,,,,101.0,
sm_post_189,Social Media,Social Media,2026-08-08 18:38:59,handle_77,,Why does Myntra increase prices before sales? The sizing of this shirt is completely wrong. Fingers crossed it fits.,,https://twitter.com/status/gen_189,,,,,281.0,
sm_post_190,Social Media,Social Media,2026-06-03 18:38:59,handle_33,,Just unboxed my new Myntra haul. Sizing chart was a complete lie. Highly disappointed.,,https://twitter.com/status/gen_190,,,,,195.0,
sm_post_191,Social Media,Social Media,2026-06-05 18:38:59,handle_66,,Finally ordered the wishlisted item. The fabric is so thin and transparent. Highly disappointed.,,https://twitter.com/status/gen_191,,,,,223.0,
sm_post_192,Social Media,Social Media,2026-06-12 18:38:59,handle_50,,Why does Myntra increase prices before sales? The fabric is so thin and transparent. Highly disappointed.,,https://twitter.com/status/gen_192,,,,,341.0,
sm_post_193,Social Media,Social Media,2026-07-30 18:38:59,handle_21,,Extremely frustrated with Myntra returns today. Had this in wishlist for a month waiting for a drop. Highly disappointed.,,https://twitter.com/status/gen_193,,,,,270.0,
sm_post_194,Social Media,Social Media,2026-06-17 18:38:59,handle_88,,Extremely frustrated with Myntra returns today. Sizing chart was a complete lie. Returning it immediately.,,https://twitter.com/status/gen_194,,,,,346.0,
sm_post_195,Social Media,Social Media,2026-06-16 18:38:59,handle_90,,Finally ordered the wishlisted item. Tag was slightly bent so return was rejected. Never buying this brand again.,,https://twitter.com/status/gen_195,,,,,350.0,
sm_post_196,Social Media,Social Media,2026-08-01 18:38:59,handle_20,,Finally ordered the wishlisted item. Customer support is not resolving my query. Highly disappointed.,,https://twitter.com/status/gen_196,,,,,433.0,
sm_post_197,Social Media,Social Media,2026-06-14 18:38:59,handle_10,,"Wishlist is full, checkout is empty. Customer support is not resolving my query. Waste of money.",,https://twitter.com/status/gen_197,,,,,289.0,
sm_post_198,Social Media,Social Media,2026-06-21 18:38:59,handle_76,,Finally ordered the wishlisted item. Customer support is not resolving my query. Waste of money.,,https://twitter.com/status/gen_198,,,,,318.0,
sm_post_199,Social Media,Social Media,2026-07-21 18:38:59,handle_14,,Just unboxed my new Myntra haul. Had this in wishlist for a month waiting for a drop. Waste of money.,,https://twitter.com/status/gen_199,,,,,410.0,
sm_post_200,Social Media,Social Media,2026-06-06 18:38:59,handle_75,,Roadster clothing has zero size consistency. Sizing chart was a complete lie. Glad I checked the reviews.,,https://twitter.com/status/gen_200,,,,,321.0,
sm_post_201,Social Media,Social Media,2026-07-01 18:38:59,handle_78,,Extremely frustrated with Myntra returns today. Tag was slightly bent so return was rejected. Glad I checked the reviews.,,https://twitter.com/status/gen_201,,,,,36.0,
sm_post_202,Social Media,Social Media,2026-06-12 18:38:59,handle_46,,"Wishlist is full, checkout is empty. Had this in wishlist for a month waiting for a drop. Returning it immediately.",,https://twitter.com/status/gen_202,,,,,457.0,
sm_post_203,Social Media,Social Media,2026-06-16 18:38:59,handle_55,,Extremely frustrated with Myntra returns today. Sizing chart was a complete lie. Highly disappointed.,,https://twitter.com/status/gen_203,,,,,301.0,
sm_post_204,Social Media,Social Media,2026-07-01 18:38:59,handle_28,,Why does Myntra increase prices before sales? The fabric is so thin and transparent. Fingers crossed it fits.,,https://twitter.com/status/gen_204,,,,,60.0,
sm_post_205,Social Media,Social Media,2026-06-14 18:38:59,handle_63,,Just unboxed my new Myntra haul. Had this in wishlist for a month waiting for a drop. Highly disappointed.,,https://twitter.com/status/gen_205,,,,,392.0,
sm_post_206,Social Media,Social Media,2026-08-22 18:38:59,handle_97,,"Wishlist is full, checkout is empty. The fabric is so thin and transparent. Fingers crossed it fits.",,https://twitter.com/status/gen_206,,,,,24.0,
sm_post_207,Social Media,Social Media,2026-07-22 18:38:59,handle_23,,Roadster clothing has zero size consistency. Tag was slightly bent so return was rejected. Fingers crossed it fits.,,https://twitter.com/status/gen_207,,,,,369.0,
sm_post_208,Social Media,Social Media,2026-07-11 18:38:59,handle_89,,Just unboxed my new Myntra haul. Customer support is not resolving my query. Waste of money.,,https://twitter.com/status/gen_208,,,,,3.0,
sm_post_209,Social Media,Social Media,2026-06-09 18:38:59,handle_92,,Extremely frustrated with Myntra returns today. The sizing of this shirt is completely wrong. Highly disappointed.,,https://twitter.com/status/gen_209,,,,,466.0,
sm_post_210,Social Media,Social Media,2026-08-02 18:38:59,handle_40,,Roadster clothing has zero size consistency. Customer support is not resolving my query. Waste of money.,,https://twitter.com/status/gen_210,,,,,492.0,
sm_post_211,Social Media,Social Media,2026-06-14 18:38:59,handle_53,,Roadster clothing has zero size consistency. Tag was slightly bent so return was rejected. Glad I checked the reviews.,,https://twitter.com/status/gen_211,,,,,226.0,
sm_post_212,Social Media,Social Media,2026-07-17 18:38:59,handle_21,,Finally ordered the wishlisted item. The fabric is so thin and transparent. Returning it immediately.,,https://twitter.com/status/gen_212,,,,,408.0,
sm_post_213,Social Media,Social Media,2026-06-13 18:38:59,handle_31,,Roadster clothing has zero size consistency. The sizing of this shirt is completely wrong. Never buying this brand again.,,https://twitter.com/status/gen_213,,,,,460.0,
sm_post_214,Social Media,Social Media,2026-07-18 18:38:59,handle_65,,Finally ordered the wishlisted item. Had this in wishlist for a month waiting for a drop. Never buying this brand again.,,https://twitter.com/status/gen_214,,,,,400.0,
sm_post_215,Social Media,Social Media,2026-08-19 18:38:59,handle_96,,Roadster clothing has zero size consistency. Sizing chart was a complete lie. Fingers crossed it fits.,,https://twitter.com/status/gen_215,,,,,167.0,
forms_0,Google Forms,Google Forms,2026-08-11 11:15:30,Aditya Gupta,,Wishlist Reason: To save items I like for future planning | Purchase Barrier: Unsure of how the shirt will fit me since sizes vary across brands. Myntra's sizing tool is not reliable enough. | Other Feedback: I wish there were more reviews with customer photos showing the actual color in daylight.,,,,,Clothing,,,
forms_1,Google Forms,Google Forms,2026-08-11 12:20:00,Meghna Roy,,"Wishlist Reason: To track items for weddings/festivals | Purchase Barrier: I get overwhelmed by having too many similar choices in my wishlist (e.g., 5 red sarees). I don't know how to compare them easily. | Other Feedback: Sharing wishlist with my sister is hard. She has to tell me which saree looks best.",,,,,Clothing,,,
forms_2,Google Forms,Google Forms,2026-08-12 15:40:12,Kunal Shah,,Wishlist Reason: To save shoes I want to buy | Purchase Barrier: I am worried about the quality. Sometimes the leather looks shiny in pictures but turns out to be plastic. I need real user reviews. | Other Feedback: Delivery charges are high for cheap items.,,,,,Footwear,,,
forms_3,Google Forms,Google Forms,2026-08-12 17:10:05,Divya Nair,,"Wishlist Reason: Just casual browsing and bookmarking | Purchase Barrier: No real reason, I just add them as a bookmark and forget. I don't really have immediate purchase intent. | Other Feedback: A gentle reminder that my wishlisted item is low on stock might make me purchase, but usually I just bookmark and move on.",,,,,Accessories,,,
forms_4,Google Forms,Google Forms,2026-08-13 10:05:45,Rohan Mehta,,Wishlist Reason: To buy later when I have money | Purchase Barrier: I wishlist expensive jackets. I want to buy them but they are out of my budget right now. I will buy only when the price drops. | Other Feedback: The full price is too high.,,,,,Clothing,,,
